3.991989e+002,-2.894334e-003
4.011274e+002,-2.415732e-003
4.030559e+002,-2.415732e-003
4.049844e+002,-2.969782e-004
4.069129e+002,-5.648661e-004
4.088414e+002,2.579943e-003
4.107699e+002,2.084048e-003
4.126984e+002,4.355772e-004
4.146269e+002,7.146203e-004
4.165554e+002,6.591703e-004
4.184839e+002,4.534278e-004
4.204124e+002,1.949167e-003
4.223409e+002,2.534912e-003
4.242694e+002,1.689598e-003
4.261979e+002,1.559207e-003
4.281264e+002,1.731430e-003
4.300549e+002,2.462734e-003
4.319834e+002,3.061063e-003
4.339119e+002,2.022468e-003
4.358404e+002,2.242768e-003
4.377689e+002,1.695570e-003
4.396974e+002,1.666143e-003
4.416259e+002,2.536186e-003
4.435544e+002,2.789563e-003
4.454829e+002,2.560298e-003
4.474114e+002,3.893529e-003
4.493399e+002,3.383084e-003
4.512684e+002,2.796218e-003
4.531969e+002,2.472291e-003
4.551254e+002,3.143966e-003
4.570539e+002,2.653931e-003
4.589824e+002,3.171780e-003
4.609109e+002,2.831305e-003
4.628394e+002,2.798183e-003
4.647679e+002,3.875034e-003
4.666964e+002,3.935432e-003
4.686249e+002,3.491252e-003
4.705533e+002,3.091649e-003
4.724819e+002,2.765550e-003
4.744103e+002,2.427455e-003
4.763389e+002,3.309782e-003
4.782673e+002,3.398967e-003
4.801959e+002,3.309019e-003
4.821243e+002,3.131753e-003
4.840529e+002,2.317029e-003
4.859813e+002,2.393260e-003
4.879099e+002,2.647925e-003
4.898383e+002,2.840712e-003
4.917668e+002,2.535916e-003
4.936953e+002,2.326478e-003
4.956238e+002,2.128214e-003
4.975523e+002,1.705285e-003
4.994808e+002,1.610665e-003
5.014093e+002,1.612950e-003
5.033378e+002,1.668591e-003
5.052663e+002,1.302998e-003
5.071948e+002,1.678707e-003
5.091233e+002,1.508388e-003
5.110518e+002,9.509327e-004
5.129803e+002,1.237769e-003
5.149088e+002,1.540892e-003
5.168373e+002,2.047036e-003
5.187658e+002,1.666456e-003
5.206943e+002,1.737802e-003
5.226228e+002,2.137629e-003
5.245513e+002,1.686040e-003
5.264798e+002,1.735972e-003
5.284083e+002,1.753782e-003
5.303368e+002,1.670816e-003
5.322653e+002,1.825523e-003
5.341938e+002,1.793290e-003
5.361223e+002,1.932635e-003
5.380508e+002,1.778024e-003
5.399792e+002,2.089232e-003
5.419078e+002,1.625065e-003
5.438363e+002,1.528185e-003
5.457648e+002,1.646408e-003
5.476932e+002,2.252591e-003
5.496218e+002,1.737125e-003
5.515503e+002,1.567472e-003
5.534788e+002,1.591274e-003
5.554072e+002,1.563390e-003
5.573358e+002,1.704579e-003
5.592643e+002,2.057069e-003
5.611927e+002,1.881538e-003
5.631212e+002,1.383305e-003
5.650497e+002,1.376793e-003
5.669783e+002,1.640944e-003
5.689067e+002,1.680072e-003
5.708352e+002,1.783232e-003
5.727637e+002,1.602011e-003
5.746923e+002,1.624130e-003
5.766207e+002,1.346937e-003
5.785492e+002,1.495534e-003
5.804777e+002,1.892578e-003
5.824063e+002,2.055826e-003
5.843347e+002,1.673991e-003
5.862632e+002,1.939119e-003
5.881917e+002,1.833059e-003
5.901202e+002,1.724162e-003
5.920487e+002,1.502029e-003
5.939772e+002,1.803366e-003
5.959057e+002,1.548662e-003
5.978342e+002,1.188395e-003
5.997627e+002,1.063845e-003
6.016912e+002,1.466035e-003
6.036197e+002,1.404281e-003
6.055482e+002,1.484753e-003
6.074767e+002,1.545083e-003
6.094052e+002,1.618708e-003
6.113337e+002,1.202878e-003
6.132622e+002,1.288516e-003
6.151907e+002,1.448932e-003
6.171192e+002,1.462914e-003
6.190477e+002,1.316869e-003
6.209762e+002,1.187049e-003
6.229047e+002,1.153548e-003
6.248332e+002,1.430236e-003
6.267617e+002,1.224967e-003
6.286902e+002,1.433649e-003
6.306187e+002,1.297469e-003
6.325472e+002,1.233457e-003
6.344756e+002,1.035209e-003
6.364042e+002,1.132408e-003
6.383326e+002,1.386309e-003
6.402612e+002,1.401327e-003
6.421896e+002,1.265138e-003
6.441182e+002,1.290198e-003
6.460466e+002,1.194109e-003
6.479752e+002,1.403821e-003
6.499036e+002,1.344892e-003
6.518322e+002,1.514229e-003
6.537606e+002,1.370176e-003
6.556891e+002,1.371503e-003
6.576177e+002,1.516404e-003
6.595461e+002,1.226338e-003
6.614746e+002,8.800768e-004
6.634031e+002,1.453036e-003
6.653317e+002,1.394652e-003
6.672601e+002,1.424124e-003
6.691886e+002,1.383374e-003
6.711171e+002,1.432524e-003
6.730457e+002,1.324982e-003
6.749741e+002,1.395598e-003
6.769026e+002,1.244489e-003
6.788311e+002,1.350048e-003
6.807596e+002,1.264261e-003
6.826881e+002,1.212710e-003
6.846166e+002,1.318066e-003
6.865451e+002,1.316147e-003
6.884736e+002,1.194082e-003
6.904021e+002,1.275683e-003
6.923306e+002,1.254110e-003
6.942591e+002,1.259436e-003
6.961876e+002,1.062847e-003
6.981161e+002,1.143368e-003
7.000446e+002,1.265113e-003
7.019731e+002,1.313051e-003
7.039016e+002,1.069003e-003
7.058301e+002,1.156099e-003
7.077585e+002,1.053451e-003
7.096871e+002,1.106234e-003
7.116156e+002,1.095992e-003
7.135441e+002,1.060869e-003
7.154725e+002,9.939556e-004
7.174011e+002,1.075101e-003
7.193296e+002,1.012448e-003
7.212581e+002,1.097878e-003
7.231865e+002,1.006187e-003
7.251151e+002,1.069556e-003
7.270436e+002,1.009361e-003
7.289720e+002,1.143684e-003
7.309005e+002,1.095942e-003
7.328290e+002,1.198622e-003
7.347576e+002,1.055315e-003
7.366860e+002,1.070204e-003
7.386145e+002,9.964340e-004
7.405430e+002,1.000623e-003
7.424716e+002,8.700494e-004
7.444000e+002,9.966241e-004
7.463285e+002,1.079618e-003
7.482570e+002,9.804824e-004
7.501855e+002,8.989029e-004
7.521140e+002,1.102370e-003
7.540425e+002,1.000147e-003
7.559710e+002,9.554754e-004
7.578995e+002,9.683932e-004
7.598280e+002,9.845335e-004
7.617565e+002,9.670657e-004
7.636850e+002,9.909428e-004
7.656135e+002,9.362499e-004
7.675420e+002,1.001105e-003
7.694705e+002,9.998763e-004
7.713990e+002,1.140578e-003
7.733275e+002,1.014157e-003
7.752560e+002,1.015818e-003
7.771844e+002,1.111511e-003
7.791130e+002,1.229587e-003
7.810415e+002,1.131410e-003
7.829700e+002,1.130978e-003
7.848984e+002,1.132007e-003
7.868270e+002,1.079721e-003
7.887555e+002,9.458131e-004
7.906840e+002,1.076300e-003
7.926124e+002,1.141475e-003
7.945410e+002,1.121012e-003
7.964695e+002,1.123470e-003
7.983979e+002,1.197789e-003
8.003264e+002,1.226663e-003
8.022549e+002,1.229521e-003
8.041835e+002,1.023191e-003
8.061119e+002,1.058895e-003
8.080404e+002,1.136891e-003
8.099689e+002,1.079290e-003
8.118975e+002,1.023955e-003
8.138259e+002,1.156159e-003
8.157545e+002,1.072381e-003
8.176830e+002,1.063678e-003
8.196115e+002,9.790207e-004
8.215399e+002,9.464441e-004
8.234684e+002,8.823938e-004
8.253970e+002,9.274172e-004
8.273254e+002,8.517500e-004
8.292539e+002,9.023483e-004
8.311824e+002,8.574934e-004
8.331110e+002,8.336236e-004
8.350394e+002,8.511192e-004
8.369679e+002,8.367442e-004
8.388964e+002,8.195480e-004
8.408250e+002,9.519564e-004
8.427534e+002,9.772275e-004
8.446819e+002,8.877061e-004
8.466104e+002,7.964106e-004
8.485389e+002,8.722011e-004
8.504674e+002,8.008255e-004
8.523959e+002,8.862120e-004
8.543244e+002,8.788413e-004
8.562529e+002,1.003297e-003
8.581814e+002,9.102839e-004
8.601099e+002,8.556675e-004
8.620384e+002,9.045729e-004
8.639669e+002,9.921716e-004
8.658954e+002,9.307046e-004
8.678239e+002,9.575351e-004
8.697524e+002,9.154305e-004
8.716809e+002,9.843342e-004
8.736094e+002,9.651728e-004
8.755378e+002,9.951605e-004
8.774664e+002,1.005024e-003
8.793949e+002,9.548453e-004
8.813234e+002,8.894990e-004
8.832518e+002,1.029302e-003
8.851804e+002,1.061353e-003
8.871089e+002,1.045643e-003
8.890374e+002,1.079688e-003
8.909658e+002,1.224802e-003
8.928943e+002,1.169781e-003
8.948229e+002,1.155063e-003
8.967513e+002,1.161674e-003
8.986798e+002,1.178685e-003
9.006083e+002,9.939317e-004
9.025369e+002,1.058397e-003
9.044653e+002,1.053647e-003
9.063938e+002,1.024519e-003
9.083223e+002,1.004659e-003
9.102509e+002,1.153900e-003
9.121793e+002,1.110415e-003
9.141078e+002,1.090617e-003
9.160364e+002,1.098124e-003
9.179648e+002,1.151940e-003
9.198933e+002,1.194965e-003
9.218218e+002,1.243975e-003
9.237504e+002,1.245038e-003
9.256788e+002,1.210880e-003
9.276073e+002,1.182938e-003
9.295358e+002,1.295018e-003
9.314644e+002,1.286643e-003
9.333928e+002,1.348493e-003
9.353213e+002,1.269296e-003
9.372498e+002,1.353379e-003
9.391783e+002,1.436314e-003
9.411068e+002,1.447717e-003
9.430353e+002,1.381765e-003
9.449637e+002,1.398917e-003
9.468923e+002,1.402507e-003
9.488208e+002,1.482526e-003
9.507493e+002,1.405631e-003
9.526777e+002,1.409388e-003
9.546063e+002,1.429466e-003
9.565348e+002,1.491469e-003
9.584633e+002,1.483590e-003
9.603917e+002,1.546598e-003
9.623203e+002,1.561196e-003
9.642488e+002,1.538019e-003
9.661772e+002,1.524586e-003
9.681057e+002,1.643473e-003
9.700343e+002,1.606722e-003
9.719628e+002,1.549092e-003
9.738912e+002,1.542807e-003
9.758197e+002,1.616067e-003
9.777483e+002,1.650324e-003
9.796768e+002,1.691901e-003
9.816052e+002,1.710795e-003
9.835337e+002,1.738572e-003
9.854623e+002,1.675104e-003
9.873907e+002,1.732418e-003
9.893192e+002,1.738273e-003
9.912477e+002,1.796294e-003
9.931763e+002,1.731021e-003
9.951047e+002,1.750083e-003
9.970332e+002,1.809703e-003
9.989617e+002,1.847336e-003
1.000890e+003,1.861711e-003
1.002819e+003,1.882942e-003
1.004747e+003,1.883840e-003
1.006676e+003,1.915456e-003
1.008604e+003,1.923876e-003
1.010533e+003,1.997100e-003
1.012461e+003,2.027193e-003
1.014390e+003,2.103331e-003
1.016318e+003,2.107460e-003
1.018247e+003,2.107660e-003
1.020175e+003,2.093776e-003
1.022104e+003,2.167928e-003
1.024032e+003,2.235033e-003
1.025961e+003,2.263809e-003
1.027889e+003,2.246723e-003
1.029818e+003,2.284860e-003
1.031746e+003,2.297018e-003
1.033675e+003,2.310941e-003
1.035603e+003,2.297084e-003
1.037532e+003,2.327264e-003
1.039460e+003,2.208489e-003
1.041389e+003,2.214117e-003
1.043317e+003,2.280863e-003
1.045246e+003,2.314739e-003
1.047174e+003,2.271603e-003
1.049103e+003,2.242560e-003
1.051031e+003,2.201496e-003
1.052960e+003,2.269238e-003
1.054888e+003,2.232168e-003
1.056817e+003,2.212952e-003
1.058745e+003,2.203560e-003
1.060674e+003,2.173056e-003
1.062602e+003,2.122410e-003
1.064531e+003,2.105862e-003
1.066459e+003,2.069239e-003
1.068388e+003,2.117715e-003
1.070316e+003,2.016141e-003
1.072245e+003,1.975964e-003
1.074173e+003,1.936955e-003
1.076102e+003,1.934392e-003
1.078030e+003,1.930499e-003
1.079959e+003,1.937754e-003
1.081887e+003,1.921912e-003
1.083816e+003,1.927803e-003
1.085744e+003,1.884606e-003
1.087673e+003,1.902942e-003
1.089601e+003,1.905405e-003
1.091530e+003,1.876918e-003
1.093458e+003,1.848600e-003
1.095387e+003,1.879714e-003
1.097315e+003,1.855954e-003
1.099244e+003,1.858616e-003
1.101172e+003,1.789707e-003
1.103101e+003,1.802849e-003
1.105029e+003,1.715586e-003
1.106958e+003,1.671212e-003
1.108886e+003,1.689506e-003
1.110815e+003,1.698022e-003
1.112743e+003,1.664327e-003
1.114672e+003,1.681390e-003
1.116600e+003,1.600503e-003
1.118529e+003,1.535060e-003
1.120457e+003,1.482027e-003
1.122386e+003,1.501411e-003
1.124314e+003,1.418064e-003
1.126243e+003,1.387848e-003
1.128171e+003,1.336362e-003
1.130100e+003,1.261288e-003
1.132028e+003,1.215200e-003
1.133957e+003,1.245636e-003
1.135885e+003,1.167754e-003
1.137814e+003,1.184997e-003
1.139742e+003,1.176492e-003
1.141671e+003,1.107824e-003
1.143599e+003,1.089786e-003
1.145528e+003,1.087295e-003
1.147456e+003,1.087627e-003
1.149385e+003,1.149681e-003
1.151313e+003,1.111444e-003
1.153242e+003,1.109750e-003
1.155170e+003,1.077164e-003
1.157099e+003,1.096131e-003
1.159027e+003,1.094304e-003
1.160956e+003,1.089255e-003
1.162884e+003,1.066967e-003
1.164813e+003,1.066003e-003
1.166741e+003,1.010936e-003
1.168670e+003,1.038668e-003
1.170598e+003,9.847991e-004
1.172526e+003,9.427914e-004
1.174455e+003,9.161942e-004
1.176384e+003,8.940808e-004
1.178312e+003,8.879385e-004
1.180240e+003,8.652954e-004
1.182169e+003,8.396656e-004
1.184098e+003,8.666566e-004
1.186026e+003,8.196831e-004
1.187954e+003,8.126820e-004
1.189883e+003,8.020717e-004
1.191812e+003,7.576504e-004
1.193740e+003,7.452453e-004
1.195668e+003,7.727791e-004
1.197597e+003,7.887051e-004
1.199526e+003,8.002250e-004
1.201454e+003,7.919826e-004
1.203382e+003,7.957910e-004
1.205311e+003,7.481405e-004
1.207240e+003,7.768496e-004
1.209168e+003,7.574300e-004
1.211096e+003,7.387181e-004
1.213025e+003,7.543694e-004
1.214953e+003,7.725334e-004
1.216882e+003,7.288434e-004
1.218810e+003,7.754988e-004
1.220739e+003,7.763514e-004
1.222667e+003,7.340821e-004
1.224596e+003,7.289690e-004
1.226524e+003,7.444352e-004
1.228453e+003,7.202745e-004
1.230381e+003,7.376348e-004
1.232310e+003,7.335274e-004
1.234238e+003,7.029973e-004
1.236167e+003,6.655515e-004
1.238095e+003,6.705829e-004
1.240024e+003,6.964044e-004
1.241952e+003,7.150372e-004
1.243881e+003,6.401336e-004
1.245809e+003,6.058721e-004
1.247738e+003,6.026980e-004
1.249666e+003,6.132602e-004
1.251595e+003,5.889051e-004
1.253523e+003,5.459468e-004
1.255452e+003,5.443720e-004
1.257380e+003,5.565204e-004
1.259309e+003,5.243230e-004
1.261237e+003,5.419908e-004
1.263166e+003,4.970368e-004
1.265094e+003,4.828075e-004
1.267023e+003,4.527881e-004
1.268951e+003,4.361770e-004
1.270880e+003,4.581599e-004
1.272808e+003,4.714279e-004
1.274737e+003,4.307962e-004
1.276665e+003,3.766541e-004
1.278594e+003,3.900484e-004
1.280522e+003,4.137871e-004
1.282451e+003,3.778283e-004
1.284379e+003,4.027281e-004
1.286308e+003,3.698348e-004
1.288236e+003,3.937709e-004
1.290165e+003,3.949349e-004
1.292093e+003,3.967913e-004
1.294022e+003,4.098701e-004
1.295950e+003,4.173004e-004
1.297879e+003,4.188555e-004
1.299807e+003,4.216840e-004
1.301736e+003,3.988679e-004
1.303664e+003,4.076134e-004
1.305593e+003,4.139904e-004
1.307521e+003,4.168666e-004
1.309450e+003,4.128384e-004
1.311378e+003,4.211059e-004
1.313307e+003,3.926402e-004
1.315235e+003,4.189456e-004
1.317164e+003,4.038100e-004
1.319092e+003,3.614019e-004
1.321021e+003,3.625281e-004
1.322949e+003,4.022934e-004
1.324878e+003,3.910421e-004
1.326806e+003,3.837034e-004
1.328735e+003,3.675385e-004
1.330663e+003,4.167210e-004
1.332592e+003,3.930180e-004
1.334520e+003,3.913362e-004
1.336449e+003,3.958184e-004
1.338377e+003,3.866820e-004
1.340306e+003,4.048483e-004
1.342234e+003,3.936530e-004
1.344163e+003,3.692550e-004
1.346091e+003,3.849242e-004
1.348020e+003,3.864388e-004
1.349948e+003,3.934052e-004
1.351877e+003,3.914944e-004
1.353805e+003,3.942574e-004
1.355734e+003,3.780562e-004
1.357662e+003,4.048944e-004
1.359591e+003,3.844626e-004
1.361519e+003,4.076750e-004
1.363448e+003,3.793015e-004
1.365376e+003,3.860419e-004
1.367305e+003,4.133378e-004
1.369233e+003,4.429345e-004
1.371162e+003,4.250912e-004
1.373090e+003,4.350995e-004
1.375019e+003,4.126855e-004
1.376947e+003,3.965608e-004
1.378876e+003,3.748867e-004
1.380804e+003,4.215332e-004
1.382733e+003,3.954859e-004
1.384661e+003,3.816138e-004
1.386590e+003,3.861981e-004
1.388518e+003,3.702115e-004
1.390447e+003,3.389415e-004
1.392375e+003,3.646844e-004
1.394304e+003,3.747829e-004
1.396232e+003,3.820841e-004
1.398161e+003,3.866102e-004
1.400089e+003,3.574282e-004
1.402018e+003,3.389060e-004
1.403946e+003,4.018905e-004
1.405875e+003,3.926892e-004
1.407803e+003,3.476817e-004
1.409732e+003,3.512206e-004
1.411660e+003,3.210810e-004
1.413589e+003,3.290116e-004
1.415517e+003,3.512322e-004
1.417446e+003,3.585818e-004
1.419374e+003,3.876812e-004
1.421303e+003,3.721144e-004
1.423231e+003,3.742747e-004
1.425160e+003,4.001311e-004
1.427088e+003,4.211245e-004
1.429017e+003,3.852812e-004
1.430945e+003,3.681686e-004
1.432874e+003,3.481706e-004
1.434802e+003,3.363113e-004
1.436731e+003,3.310970e-004
1.438659e+003,3.467501e-004
1.440588e+003,3.760808e-004
1.442516e+003,4.090798e-004
1.444445e+003,3.505202e-004
1.446373e+003,3.116817e-004
1.448302e+003,3.563313e-004
1.450230e+003,3.749580e-004
1.452159e+003,3.450746e-004
1.454087e+003,3.611103e-004
1.456016e+003,3.759042e-004
1.457944e+003,3.511148e-004
1.459873e+003,3.517843e-004
1.461801e+003,3.637269e-004
1.463730e+003,3.503546e-004
1.465658e+003,3.368506e-004
1.467587e+003,3.422833e-004
1.469515e+003,3.415165e-004
1.471444e+003,3.044253e-004
1.473372e+003,2.871654e-004
1.475301e+003,3.029951e-004
1.477229e+003,3.378845e-004
1.479158e+003,3.162420e-004
1.481086e+003,2.751677e-004
1.483015e+003,3.005429e-004
1.484943e+003,3.182764e-004
1.486872e+003,3.002746e-004
1.488800e+003,3.041781e-004
1.490729e+003,3.144855e-004
1.492657e+003,3.234997e-004
1.494586e+003,2.690426e-004
1.496514e+003,2.940167e-004
1.498443e+003,3.276553e-004
1.500371e+003,3.721870e-004
1.502300e+003,4.366927e-004
1.504228e+003,4.194391e-004
1.506157e+003,3.934772e-004
1.508085e+003,3.990155e-004
1.510014e+003,3.730034e-004
1.511942e+003,4.209653e-004
1.513871e+003,3.767536e-004
1.515799e+003,3.634261e-004
1.517728e+003,3.543896e-004
1.519656e+003,3.493949e-004
1.521585e+003,3.383863e-004
1.523513e+003,3.392948e-004
1.525442e+003,3.279021e-004
1.527370e+003,2.921305e-004
1.529299e+003,2.932355e-004
1.531227e+003,3.291584e-004
1.533156e+003,3.231744e-004
1.535084e+003,3.241494e-004
1.537013e+003,3.167813e-004
1.538941e+003,3.222711e-004
1.540870e+003,3.343044e-004
1.542798e+003,3.435105e-004
1.544727e+003,3.440192e-004
1.546655e+003,3.347990e-004
1.548584e+003,3.036237e-004
1.550512e+003,2.965028e-004
1.552441e+003,2.720251e-004
1.554369e+003,2.972234e-004
1.556298e+003,2.844399e-004
1.558226e+003,3.061761e-004
1.560155e+003,3.303163e-004
1.562083e+003,2.801697e-004
1.564012e+003,2.725067e-004
1.565940e+003,3.250572e-004
1.567869e+003,3.123936e-004
1.569797e+003,2.875478e-004
1.571726e+003,2.801168e-004
1.573654e+003,3.167511e-004
1.575583e+003,2.872034e-004
1.577511e+003,3.155067e-004
1.579440e+003,3.393269e-004
1.581368e+003,3.202598e-004
1.583297e+003,3.347464e-004
1.585225e+003,3.700099e-004
1.587154e+003,3.835480e-004
1.589082e+003,3.967076e-004
1.591010e+003,3.325737e-004
1.592939e+003,3.576156e-004
1.594868e+003,3.591628e-004
1.596796e+003,3.301235e-004
1.598724e+003,3.983469e-004
1.600653e+003,4.323041e-004
1.602582e+003,4.230024e-004
1.604510e+003,4.142795e-004
1.606438e+003,3.572131e-004
1.608367e+003,3.684082e-004
1.610296e+003,4.011639e-004
1.612224e+003,3.828331e-004
1.614152e+003,3.765995e-004
1.616081e+003,3.704271e-004
1.618010e+003,3.781733e-004
1.619938e+003,3.688275e-004
1.621866e+003,3.747384e-004
1.623795e+003,4.088829e-004
1.625724e+003,3.929068e-004
1.627652e+003,3.763030e-004
1.629580e+003,3.829803e-004
1.631509e+003,4.016308e-004
1.633438e+003,3.913363e-004
1.635366e+003,4.320646e-004
1.637294e+003,4.217238e-004
1.639223e+003,3.822668e-004
1.641151e+003,3.819154e-004
1.643080e+003,4.101420e-004
1.645008e+003,3.813480e-004
1.646937e+003,3.980079e-004
1.648865e+003,3.805121e-004
1.650794e+003,4.078713e-004
1.652722e+003,4.330881e-004
1.654651e+003,3.810947e-004
1.656579e+003,3.863327e-004
1.658508e+003,4.443654e-004
1.660436e+003,4.204423e-004
1.662365e+003,3.748119e-004
1.664293e+003,3.729296e-004
1.666222e+003,4.034994e-004
1.668150e+003,4.066309e-004
1.670079e+003,4.078779e-004
1.672007e+003,4.104991e-004
1.673936e+003,3.878179e-004
1.675864e+003,3.578273e-004
1.677793e+003,3.853326e-004
1.679721e+003,4.466152e-004
1.681650e+003,4.475286e-004
1.683578e+003,3.961077e-004
1.685507e+003,4.583671e-004
1.687435e+003,4.682215e-004
1.689364e+003,3.935630e-004
1.691292e+003,3.298415e-004
1.693221e+003,3.819751e-004
1.695149e+003,5.060690e-004
1.697078e+003,5.166546e-004
1.699006e+003,4.291119e-004
1.700935e+003,4.651157e-004
1.702863e+003,4.510990e-004
1.704792e+003,4.030683e-004
1.706720e+003,4.010784e-004
1.708649e+003,4.084594e-004
1.710577e+003,4.037064e-004
1.712506e+003,4.430493e-004
1.714434e+003,4.354076e-004
1.716363e+003,4.321859e-004
1.718291e+003,4.380765e-004
1.720220e+003,4.263304e-004
1.722148e+003,3.829466e-004
1.724077e+003,4.100579e-004
1.726005e+003,4.485308e-004
1.727934e+003,4.806730e-004
1.729862e+003,4.887505e-004
1.731791e+003,4.449111e-004
1.733719e+003,4.413177e-004
1.735648e+003,4.477210e-004
1.737576e+003,4.484850e-004
1.739505e+003,4.603119e-004
1.741433e+003,4.861368e-004
1.743362e+003,4.895307e-004
1.745290e+003,5.324853e-004
1.747219e+003,5.505116e-004
1.749147e+003,4.803949e-004
1.751076e+003,4.251632e-004
1.753004e+003,3.758802e-004
1.754933e+003,3.885035e-004
1.756861e+003,5.215597e-004
1.758790e+003,5.882618e-004
1.760718e+003,5.789732e-004
1.762647e+003,5.474251e-004
1.764575e+003,4.938261e-004
1.766504e+003,4.565432e-004
1.768432e+003,5.247946e-004
1.770361e+003,5.308216e-004
1.772289e+003,5.321648e-004
1.774218e+003,5.155588e-004
1.776146e+003,4.960761e-004
1.778075e+003,5.146367e-004
1.780003e+003,4.836901e-004
1.781932e+003,5.154665e-004
1.783860e+003,6.050039e-004
1.785789e+003,6.329006e-004
1.787717e+003,6.939549e-004
1.789646e+003,6.949154e-004
1.791574e+003,6.171368e-004
1.793503e+003,6.225599e-004
1.795431e+003,6.775690e-004
1.797360e+003,7.172241e-004
1.799288e+003,7.420974e-004
1.801217e+003,6.938267e-004
1.803145e+003,6.372869e-004
1.805074e+003,7.104405e-004
1.807002e+003,7.432132e-004
1.808931e+003,7.517069e-004
1.810859e+003,7.591227e-004
1.812788e+003,7.619380e-004
1.814716e+003,7.460410e-004
1.816645e+003,7.745049e-004
1.818573e+003,8.032849e-004
1.820502e+003,8.833813e-004
1.822430e+003,8.860654e-004
1.824359e+003,9.228049e-004
1.826287e+003,8.990741e-004
1.828216e+003,1.012256e-003
1.830144e+003,9.460944e-004
1.832073e+003,7.428089e-004
1.834001e+003,8.032466e-004
1.835930e+003,8.436191e-004
1.837858e+003,9.046365e-004
1.839787e+003,9.595844e-004
1.841715e+003,9.306583e-004
1.843644e+003,8.904678e-004
1.845572e+003,9.261228e-004
1.847501e+003,9.293802e-004
1.849429e+003,8.393858e-004
1.851358e+003,7.670692e-004
1.853286e+003,7.928432e-004
1.855215e+003,8.806571e-004
1.857143e+003,7.378831e-004
1.859072e+003,7.511182e-004
1.861000e+003,8.649204e-004
1.862929e+003,7.624547e-004
1.864857e+003,6.026423e-004
1.866786e+003,6.716299e-004
1.868714e+003,8.059413e-004
1.870643e+003,7.840507e-004
1.872571e+003,8.218840e-004
1.874500e+003,1.044802e-003
1.876428e+003,9.487779e-004
1.878357e+003,7.267616e-004
1.880285e+003,7.690097e-004
1.882214e+003,8.146160e-004
1.884142e+003,6.755912e-004
1.886071e+003,7.055832e-004
1.887999e+003,7.558558e-004
1.889928e+003,7.770415e-004
1.891856e+003,5.388568e-004
1.893785e+003,5.397701e-004
1.895713e+003,7.074219e-004
1.897642e+003,8.406420e-004
1.899570e+003,7.637148e-004
1.901499e+003,6.268480e-004
1.903427e+003,7.262367e-004
1.905356e+003,7.252815e-004
1.907284e+003,7.976783e-004
1.909213e+003,8.295261e-004
1.911141e+003,7.488849e-004
1.913070e+003,6.610656e-004
1.914998e+003,6.638650e-004
1.916927e+003,5.019616e-004
1.918855e+003,6.510117e-004
1.920784e+003,8.198689e-004
1.922712e+003,5.947278e-004
1.924641e+003,5.959321e-004
1.926569e+003,5.696253e-004
1.928498e+003,7.303810e-004
1.930426e+003,7.370087e-004
1.932355e+003,7.038781e-004
1.934283e+003,6.801702e-004
1.936212e+003,5.018720e-004
1.938140e+003,6.543609e-004
1.940069e+003,6.738369e-004
1.941997e+003,4.440424e-004
1.943926e+003,6.365735e-004
1.945854e+003,7.528224e-004
1.947783e+003,8.057563e-004
1.949711e+003,7.670103e-004
1.951640e+003,4.327204e-004
1.953568e+003,4.253848e-004
1.955497e+003,4.115979e-004
1.957425e+003,4.341624e-004
1.959354e+003,3.975487e-004
1.961282e+003,3.453124e-004
1.963211e+003,-1.830158e-005
1.965139e+003,-7.525291e-004
1.967068e+003,-1.225167e-003
1.968996e+003,-1.065650e-003
1.970925e+003,-4.461961e-004
1.972853e+003,-1.015342e-003
1.974782e+003,-1.147778e-003
1.976710e+003,-1.337662e-003
1.978639e+003,-1.481995e-003
1.980567e+003,-1.535236e-003
1.982496e+003,-5.835615e-004
1.984424e+003,-3.175520e-004
1.986353e+003,-1.005936e-003
1.988281e+003,-9.964360e-004
1.990210e+003,-1.364402e-003
1.992138e+003,-1.539506e-003
1.994067e+003,-1.140345e-003
1.995995e+003,-1.035245e-003
1.997924e+003,-9.061656e-004
1.999852e+003,-3.428007e-004
2.001781e+003,-3.845438e-004
2.003709e+003,-1.041923e-003
2.005638e+003,-1.316568e-003
2.007566e+003,-1.278628e-003
2.009495e+003,-1.357864e-003
2.011423e+003,-1.151478e-003
2.013352e+003,-9.017781e-004
2.015280e+003,-5.804282e-004
2.017208e+003,1.010013e-004
2.019137e+003,5.323895e-005
2.021066e+003,-8.294815e-004
2.022994e+003,-1.734924e-003
2.024922e+003,-2.414604e-003
2.026851e+003,-3.068509e-003
2.028780e+003,-3.310425e-003
2.030708e+003,-2.915956e-003
2.032636e+003,-2.418725e-003
2.034565e+003,-2.698165e-003
2.036494e+003,-2.367335e-003
2.038422e+003,-1.771128e-003
2.040350e+003,-1.869130e-003
2.042279e+003,-2.494880e-003
2.044208e+003,-2.511511e-003
2.046136e+003,-1.710512e-003
2.048064e+003,-1.487417e-003
2.049993e+003,-1.861533e-003
2.051921e+003,-1.979489e-003
2.053850e+003,-1.481607e-003
2.055778e+003,-1.354407e-003
2.057707e+003,-1.890530e-003
2.059635e+003,-2.048708e-003
2.061564e+003,-1.839277e-003
2.063492e+003,-1.481425e-003
2.065421e+003,-1.931685e-003
2.067349e+003,-2.209043e-003
2.069278e+003,-1.570141e-003
2.071206e+003,-1.635180e-003
2.073135e+003,-1.101500e-003
2.075063e+003,-6.746431e-004
2.076992e+003,-5.443810e-004
2.078920e+003,-1.008565e-003
2.080849e+003,-1.349660e-003
2.082777e+003,-1.322235e-003
2.084706e+003,-1.321944e-003
2.086634e+003,-8.997734e-004
2.088563e+003,-8.657619e-004
2.090491e+003,-1.262955e-003
2.092420e+003,-1.430133e-003
2.094348e+003,-1.400901e-003
2.096277e+003,-1.436423e-003
2.098205e+003,-1.424876e-003
2.100134e+003,-1.114721e-003
2.102062e+003,-7.892642e-004
2.103991e+003,-1.049742e-003
2.105919e+003,-1.047792e-003
2.107848e+003,-6.401746e-004
2.109776e+003,-7.092180e-004
2.111705e+003,-7.281062e-004
2.113633e+003,-6.027205e-004
2.115562e+003,-7.326380e-004
2.117490e+003,-6.012646e-004
2.119419e+003,-4.829582e-004
2.121347e+003,-6.203892e-004
2.123276e+003,-7.851630e-004
2.125204e+003,-5.896505e-004
2.127133e+003,-5.538467e-004
2.129061e+003,-6.708766e-004
2.130990e+003,-9.068589e-004
2.132918e+003,-8.575894e-004
2.134847e+003,-8.657573e-004
2.136775e+003,-8.349699e-004
2.138704e+003,-1.018174e-003
2.140632e+003,-7.154039e-004
2.142561e+003,-7.574790e-004
2.144489e+003,-1.480124e-003
2.146418e+003,-1.797541e-003
2.148346e+003,-1.902888e-003
2.150275e+003,-2.356187e-003
2.152203e+003,-4.261335e-003
2.154132e+003,-4.634689e-003
2.156060e+003,-3.917049e-003
2.157989e+003,-5.733342e-003
2.159917e+003,-6.684770e-003
2.161846e+003,-6.625448e-003
2.163774e+003,-6.696124e-003
2.165703e+003,-6.308635e-003
2.167631e+003,-5.152341e-003
2.169560e+003,-4.815446e-003
2.171488e+003,-5.641970e-003
2.173417e+003,-6.580903e-003
2.175345e+003,-5.925801e-003
2.177274e+003,-4.851359e-003
2.179202e+003,-4.398822e-003
2.181131e+003,-4.990232e-003
2.183059e+003,-4.885500e-003
2.184988e+003,-4.937591e-003
2.186916e+003,-5.003530e-003
2.188845e+003,-5.166945e-003
2.190773e+003,-5.210162e-003
2.192702e+003,-5.552836e-003
2.194630e+003,-5.671208e-003
2.196559e+003,-5.568603e-003
2.198487e+003,-4.756917e-003
2.200416e+003,-4.598791e-003
2.202344e+003,-5.109642e-003
2.204273e+003,-4.664520e-003
2.206201e+003,-4.156033e-003
2.208130e+003,-4.701265e-003
2.210058e+003,-4.737023e-003
2.211987e+003,-4.372810e-003
2.213915e+003,-4.303855e-003
2.215844e+003,-4.371466e-003
2.217772e+003,-4.143299e-003
2.219701e+003,-4.193806e-003
2.221629e+003,-4.308251e-003
2.223558e+003,-3.793960e-003
2.225486e+003,-3.669259e-003
2.227415e+003,-4.207817e-003
2.229343e+003,-4.341188e-003
2.231272e+003,-4.383880e-003
2.233200e+003,-3.879825e-003
2.235129e+003,-3.258395e-003
2.237057e+003,-3.500580e-003
2.238986e+003,-3.662701e-003
2.240914e+003,-3.581814e-003
2.242843e+003,-3.615929e-003
2.244771e+003,-4.048159e-003
2.246700e+003,-3.817220e-003
2.248628e+003,-3.370781e-003
2.250557e+003,-3.230059e-003
2.252485e+003,-2.993902e-003
2.254414e+003,-2.742445e-003
2.256342e+003,-2.751514e-003
2.258271e+003,-2.798041e-003
2.260199e+003,-2.710700e-003
2.262128e+003,-2.852663e-003
2.264056e+003,-2.721034e-003
2.265985e+003,-2.552002e-003
2.267913e+003,-2.751520e-003
2.269842e+003,-2.868639e-003
2.271770e+003,-2.536909e-003
2.273699e+003,-2.302404e-003
2.275627e+003,-2.363339e-003
2.277556e+003,-2.023067e-003
2.279484e+003,-2.017098e-003
2.281413e+003,-2.143381e-003
2.283341e+003,-2.058462e-003
2.285270e+003,-2.088401e-003
2.287198e+003,-2.072877e-003
2.289127e+003,-1.959401e-003
2.291055e+003,-1.960034e-003
2.292984e+003,-1.882246e-003
2.294912e+003,-1.763121e-003
2.296841e+003,-1.648334e-003
2.298769e+003,-1.668238e-003
2.300698e+003,-1.628391e-003
2.302626e+003,-1.565028e-003
2.304555e+003,-1.449654e-003
2.306483e+003,-1.498595e-003
2.308412e+003,-1.540072e-003
2.310340e+003,-1.575333e-003
2.312269e+003,-1.407501e-003
2.314197e+003,-1.231632e-003
2.316125e+003,-1.192373e-003
2.318054e+003,-1.065301e-003
2.319983e+003,-1.042913e-003
2.321911e+003,-1.090288e-003
2.323840e+003,-1.006338e-003
2.325768e+003,-9.241590e-004
2.327697e+003,-8.938998e-004
2.329625e+003,-8.884175e-004
2.331553e+003,-8.795257e-004
2.333482e+003,-8.737308e-004
2.335411e+003,-8.351170e-004
2.337339e+003,-6.848999e-004
2.339268e+003,-4.839436e-004
2.341196e+003,-4.549186e-004
2.343125e+003,-4.162142e-004
2.345053e+003,-3.728262e-004
2.346981e+003,-3.909669e-004
2.348910e+003,-3.572140e-004
2.350839e+003,-3.572723e-004
2.352767e+003,-3.786334e-004
2.354696e+003,-3.367461e-004
2.356624e+003,-3.216302e-004
2.358552e+003,-2.698709e-004
2.360481e+003,-2.333555e-004
2.362409e+003,-2.109110e-004
2.364338e+003,-1.581098e-004
2.366267e+003,-1.271701e-004
2.368195e+003,-8.665596e-005
2.370124e+003,-2.909306e-005
2.372052e+003,-5.729878e-005
2.373980e+003,-7.528561e-005
2.375909e+003,8.732942e-006
2.377838e+003,1.098768e-004
2.379766e+003,1.441216e-004
2.381695e+003,1.429526e-004
2.383623e+003,2.917894e-004
2.385552e+003,3.282676e-004
2.387480e+003,3.365637e-004
2.389408e+003,3.260730e-004
2.391337e+003,3.089474e-004
2.393266e+003,2.322711e-004
2.395194e+003,1.157412e-004
2.397123e+003,3.747032e-005
2.399051e+003,7.737045e-005
2.400979e+003,1.021311e-004
2.402908e+003,8.055632e-005
2.404836e+003,1.302694e-004
2.406765e+003,2.459905e-004
2.408694e+003,2.040542e-004
2.410622e+003,1.581776e-004
2.412551e+003,2.498694e-004
2.414479e+003,1.993801e-004
2.416407e+003,1.072018e-004
2.418336e+003,-7.156893e-006
2.420264e+003,-1.053203e-004
2.422193e+003,-1.807417e-004
2.424122e+003,-1.112167e-004
2.426050e+003,8.310812e-005
2.427979e+003,1.588074e-004
2.429907e+003,-5.735124e-005
2.431835e+003,-1.174774e-004
2.433764e+003,-1.312572e-004
2.435692e+003,-8.700127e-005
2.437621e+003,-1.038297e-004
2.439550e+003,-3.293931e-004
2.441478e+003,-3.766700e-004
2.443406e+003,-2.975411e-004
2.445335e+003,-2.077339e-004
2.447263e+003,-3.102888e-004
2.449192e+003,-3.057858e-004
2.451121e+003,-2.897268e-004
2.453049e+003,-3.231354e-004
2.454978e+003,-4.047424e-004
2.456906e+003,-3.014814e-004
2.458834e+003,-3.597860e-004
2.460763e+003,-4.287416e-004
2.462691e+003,-5.318400e-004
2.464620e+003,-5.189003e-004
2.466549e+003,-3.731278e-004
2.468477e+003,-3.732271e-004
2.470406e+003,-4.188442e-004
2.472334e+003,-3.385642e-004
2.474262e+003,-3.637919e-004
2.476191e+003,-3.800468e-004
2.478119e+003,-3.418750e-004
2.480048e+003,-3.573692e-004
2.481977e+003,-3.640567e-004
2.483905e+003,-3.466756e-004
2.485833e+003,-4.381092e-004
2.487762e+003,-4.736909e-004
2.489690e+003,-3.364121e-004
2.491619e+003,-2.560506e-004
2.493547e+003,-3.939838e-004
2.495476e+003,-4.059341e-004
2.497405e+003,-2.889983e-004
2.499333e+003,-4.093769e-004
2.501261e+003,-3.693868e-004
2.503190e+003,-3.868664e-004
2.505118e+003,-4.234122e-004
2.507047e+003,-4.263583e-004
2.508975e+003,-4.395656e-004
2.510904e+003,-3.776963e-004
2.512833e+003,-4.509520e-004
2.514761e+003,-5.734696e-004
2.516689e+003,-5.095344e-004
2.518618e+003,-5.243277e-004
2.520546e+003,-4.832561e-004
2.522475e+003,-3.687909e-004
2.524403e+003,-3.025409e-004
2.526332e+003,-4.040804e-004
2.528260e+003,-5.292587e-004
2.530189e+003,-4.645557e-004
2.532117e+003,-4.168580e-004
2.534046e+003,-3.967976e-004
2.535974e+003,-3.156858e-004
2.537903e+003,-3.672680e-004
2.539831e+003,-3.283667e-004
2.541760e+003,-2.532690e-004
2.543688e+003,-3.608785e-004
2.545617e+003,-4.196055e-004
2.547545e+003,-3.959369e-004
2.549474e+003,-3.190630e-004
2.551402e+003,-3.483641e-004
2.553331e+003,-4.473772e-004
2.555259e+003,-3.411797e-004
2.557188e+003,-2.466129e-004
2.559116e+003,-3.431331e-004
2.561045e+003,-3.825296e-004
2.562973e+003,-4.305952e-004
2.564902e+003,-4.621726e-004
2.566830e+003,-4.652839e-004
2.568759e+003,-3.635933e-004
2.570687e+003,-2.952896e-004
2.572616e+003,-3.560118e-004
2.574544e+003,-3.754782e-004
2.576473e+003,-5.197938e-004
2.578401e+003,-5.563947e-004
2.580330e+003,-5.062911e-004
2.582258e+003,-5.709217e-004
2.584187e+003,-4.902726e-004
2.586115e+003,-3.408155e-004
2.588044e+003,-4.147064e-004
2.589972e+003,-4.488998e-004
2.591901e+003,-4.611135e-004
2.593829e+003,-5.608290e-004
2.595758e+003,-5.825032e-004
2.597686e+003,-5.497763e-004
2.599615e+003,-6.139703e-004
2.601543e+003,-6.261793e-004
2.603472e+003,-5.930586e-004
2.605400e+003,-5.858121e-004
2.607329e+003,-6.259808e-004
2.609257e+003,-6.344839e-004
2.611186e+003,-6.647232e-004
2.613114e+003,-6.610840e-004
2.615043e+003,-7.091518e-004
2.616971e+003,-7.427267e-004
2.618900e+003,-6.846389e-004
2.620828e+003,-6.623742e-004
2.622757e+003,-7.309841e-004
2.624685e+003,-6.840103e-004
2.626614e+003,-7.146762e-004
2.628542e+003,-7.819548e-004
2.630471e+003,-7.873128e-004
2.632399e+003,-7.746783e-004
2.634328e+003,-8.146641e-004
2.636256e+003,-7.858576e-004
2.638185e+003,-6.877817e-004
2.640113e+003,-7.186457e-004
2.642042e+003,-7.296278e-004
2.643970e+003,-6.603892e-004
2.645899e+003,-5.579169e-004
2.647827e+003,-4.844807e-004
2.649756e+003,-4.426439e-004
2.651684e+003,-4.522429e-004
2.653613e+003,-4.652177e-004
2.655541e+003,-4.130182e-004
2.657470e+003,-3.772328e-004
2.659398e+003,-3.150898e-004
2.661327e+003,-2.685015e-004
2.663255e+003,-2.150198e-004
2.665184e+003,-2.048526e-004
2.667112e+003,-2.479375e-004
2.669041e+003,-1.803443e-004
2.670969e+003,-1.116805e-004
2.672898e+003,-1.129393e-004
2.674826e+003,-1.052210e-004
2.676755e+003,-9.094342e-005
2.678683e+003,-4.346968e-005
2.680612e+003,-2.789797e-005
2.682540e+003,-5.138785e-005
2.684469e+003,-2.882566e-005
2.686397e+003,-2.021172e-006
2.688326e+003,-2.978648e-005
2.690254e+003,-1.881973e-005
2.692183e+003,4.539387e-006
2.694111e+003,2.577905e-005
2.696040e+003,8.609077e-005
2.697968e+003,1.103172e-004
2.699897e+003,1.174098e-004
2.701825e+003,7.044868e-005
2.703754e+003,2.558023e-005
2.705682e+003,2.743585e-005
2.707611e+003,4.794760e-005
2.709539e+003,6.663767e-005
2.711468e+003,7.986038e-005
2.713396e+003,6.991845e-005
2.715325e+003,8.450002e-005
2.717253e+003,7.628126e-005
2.719182e+003,9.807786e-006
2.721110e+003,4.900801e-005
2.723039e+003,6.000989e-005
2.724967e+003,-7.918963e-006
2.726896e+003,3.217434e-005
2.728824e+003,5.941340e-005
2.730753e+003,7.121089e-005
2.732681e+003,4.798074e-005
2.734610e+003,-4.025599e-005
2.736538e+003,-2.481669e-005
2.738467e+003,2.958970e-005
2.740395e+003,2.968911e-005
2.742324e+003,3.065007e-005
2.744252e+003,5.474088e-005
2.746181e+003,4.890860e-005
2.748109e+003,2.587846e-005
2.750038e+003,1.723004e-005
2.751966e+003,4.771564e-005
2.753895e+003,3.929875e-005
2.755823e+003,6.958154e-007
2.757752e+003,-5.725185e-005
2.759680e+003,-7.302129e-005
2.761609e+003,-3.280257e-006
2.763537e+003,-1.550645e-005
2.765466e+003,1.931757e-005
2.767394e+003,4.572521e-006
2.769323e+003,-3.290085e-005
2.771251e+003,-9.509366e-006
2.773180e+003,4.178403e-005
2.775108e+003,1.302187e-005
2.777037e+003,-4.217758e-005
2.778965e+003,-2.312694e-005
2.780894e+003,-2.087439e-006
2.782822e+003,-7.289482e-007
2.784750e+003,4.072364e-005
2.786679e+003,-1.295522e-005
2.788608e+003,-4.071982e-005
2.790536e+003,-6.033290e-005
2.792465e+003,-1.214193e-004
2.794393e+003,-1.086329e-004
2.796322e+003,-5.201733e-005
2.798250e+003,-5.294497e-005
2.800178e+003,-3.866570e-005
2.802107e+003,-3.541885e-005
2.804036e+003,-2.912384e-005
2.805964e+003,-3.999094e-005
2.807893e+003,-8.120394e-005
2.809821e+003,-8.458296e-005
2.811750e+003,-8.415965e-006
2.813678e+003,-4.075468e-006
2.815606e+003,-6.626757e-006
2.817535e+003,-8.117764e-006
2.819464e+003,-7.351821e-005
2.821392e+003,-5.211672e-005
2.823321e+003,1.537447e-005
2.825249e+003,2.253121e-006
2.827177e+003,6.659993e-006
2.829106e+003,6.097091e-005
2.831034e+003,7.906502e-005
2.832963e+003,8.744953e-005
2.834892e+003,1.205915e-004
2.836820e+003,3.194239e-005
2.838749e+003,-2.925637e-005
2.840677e+003,-6.527357e-006
2.842605e+003,1.206096e-005
2.844534e+003,4.324207e-005
2.846462e+003,6.517955e-005
2.848391e+003,9.503882e-005
2.850320e+003,8.005922e-005
2.852248e+003,7.956212e-005
2.854177e+003,8.996823e-005
2.856105e+003,9.977805e-005
2.858033e+003,1.054122e-004
2.859962e+003,1.126041e-004
2.861890e+003,1.471069e-004
2.863819e+003,1.061082e-004
2.865748e+003,1.027940e-004
2.867676e+003,1.240716e-004
2.869604e+003,1.146258e-004
2.871533e+003,1.307666e-004
2.873461e+003,1.494271e-004
2.875390e+003,1.443227e-004
2.877319e+003,1.838003e-004
2.879247e+003,1.832036e-004
2.881176e+003,1.549956e-004
2.883104e+003,1.254305e-004
2.885032e+003,1.335176e-004
2.886961e+003,1.769387e-004
2.888889e+003,2.171485e-004
2.890818e+003,2.515934e-004
2.892747e+003,2.250716e-004
2.894675e+003,1.933470e-004
2.896604e+003,2.023304e-004
2.898532e+003,1.916564e-004
2.900460e+003,1.712042e-004
2.902389e+003,1.879769e-004
2.904317e+003,1.933139e-004
2.906246e+003,1.416711e-004
2.908175e+003,1.521782e-004
2.910103e+003,1.801871e-004
2.912031e+003,2.062089e-004
2.913960e+003,1.939768e-004
2.915888e+003,1.745521e-004
2.917817e+003,1.527085e-004
2.919745e+003,1.678895e-004
2.921674e+003,2.400562e-004
2.923603e+003,2.386969e-004
2.925531e+003,1.733919e-004
2.927459e+003,1.719666e-004
2.929388e+003,2.095902e-004
2.931316e+003,2.040211e-004
2.933245e+003,2.109825e-004
2.935173e+003,2.249227e-004
2.937102e+003,1.349150e-004
2.939031e+003,1.093480e-004
2.940959e+003,1.288717e-004
2.942887e+003,1.393508e-004
2.944816e+003,1.008455e-004
2.946744e+003,1.332705e-004
2.948673e+003,1.898468e-004
2.950601e+003,1.575737e-004
2.952530e+003,1.110546e-004
2.954458e+003,9.393687e-005
2.956387e+003,1.032209e-004
2.958315e+003,1.321432e-004
2.960244e+003,1.502856e-004
2.962172e+003,1.920356e-004
2.964101e+003,1.487611e-004
2.966029e+003,8.973917e-005
2.967958e+003,4.878962e-005
2.969886e+003,7.640423e-005
2.971815e+003,1.071262e-004
2.973743e+003,1.221933e-004
2.975672e+003,1.109717e-004
2.977600e+003,1.282494e-004
2.979529e+003,1.376308e-004
2.981457e+003,1.147369e-004
2.983386e+003,1.342137e-004
2.985314e+003,1.338715e-004
2.987243e+003,1.438309e-004
2.989171e+003,1.540803e-004
2.991100e+003,9.596404e-005
2.993028e+003,1.022751e-004
2.994957e+003,9.470659e-005
2.996885e+003,9.683933e-005
2.998814e+003,1.148487e-004
3.000742e+003,1.004276e-004
3.002671e+003,1.061063e-004
3.004599e+003,1.194591e-004
3.006528e+003,9.338791e-005
3.008456e+003,7.379133e-005
3.010385e+003,9.409784e-005
3.012313e+003,1.185975e-004
3.014242e+003,8.037026e-005
3.016170e+003,8.916283e-005
3.018099e+003,1.689881e-004
3.020027e+003,2.069967e-004
3.021956e+003,1.456501e-004
3.023884e+003,7.290687e-005
3.025813e+003,1.434012e-004
3.027741e+003,1.773392e-004
3.029670e+003,1.618886e-004
3.031598e+003,4.449533e-005
3.033527e+003,2.025152e-005
3.035455e+003,1.155884e-004
3.037384e+003,1.146069e-004
3.039312e+003,1.155301e-004
3.041241e+003,1.001699e-004
3.043169e+003,8.294096e-005
3.045098e+003,5.481401e-005
3.047026e+003,3.177777e-005
3.048955e+003,-8.018088e-006
3.050883e+003,6.696931e-006
3.052812e+003,6.177910e-005
3.054740e+003,8.564677e-005
3.056669e+003,9.969538e-005
3.058597e+003,3.473687e-005
3.060526e+003,2.038220e-005
3.062454e+003,2.209902e-005
3.064383e+003,1.143308e-005
3.066311e+003,8.268793e-006
3.068240e+003,1.529044e-005
3.070168e+003,3.419463e-005
3.072097e+003,1.498891e-005
3.074025e+003,2.129738e-005
3.075954e+003,8.053155e-005
3.077882e+003,-4.184232e-005
3.079811e+003,-7.922654e-005
3.081739e+003,-2.053972e-005
3.083668e+003,3.826885e-005
3.085596e+003,6.694834e-005
3.087525e+003,3.251371e-005
3.089453e+003,4.496347e-005
3.091382e+003,-4.176651e-006
3.093310e+003,-2.943714e-005
3.095239e+003,-6.034526e-006
3.097167e+003,-1.030255e-005
3.099096e+003,2.183842e-005
3.101024e+003,4.227203e-005
3.102953e+003,6.893952e-005
3.104881e+003,4.334019e-006
3.106810e+003,-3.774105e-005
3.108738e+003,3.494788e-005
3.110667e+003,5.993716e-005
3.112595e+003,3.127035e-005
3.114524e+003,2.273326e-005
3.116452e+003,-1.752224e-005
3.118381e+003,-2.368168e-005
3.120309e+003,3.391172e-005
3.122238e+003,-1.111225e-005
3.124166e+003,3.755197e-005
3.126095e+003,2.903118e-005
3.128023e+003,-1.719142e-005
3.129952e+003,-7.145196e-005
3.131880e+003,2.613424e-005
3.133809e+003,5.927298e-005
3.135737e+003,2.878347e-005
3.137666e+003,-1.806378e-005
3.139594e+003,-9.138231e-005
3.141523e+003,-6.096856e-005
3.143451e+003,-1.754534e-005
3.145380e+003,-1.663863e-005
3.147308e+003,-1.088727e-005
3.149237e+003,-6.720093e-007
3.151165e+003,-1.281372e-005
3.153094e+003,-4.208138e-005
3.155022e+003,-2.729225e-006
3.156951e+003,1.717503e-005
3.158879e+003,-1.071023e-005
3.160808e+003,3.015097e-005
3.162736e+003,8.990603e-005
3.164665e+003,-1.827322e-006
3.166593e+003,-1.552139e-005
3.168522e+003,1.494219e-005
3.170450e+003,4.432117e-006
3.172379e+003,-1.037506e-006
3.174307e+003,-2.327265e-005
3.176236e+003,-2.669877e-005
3.178164e+003,4.522811e-005
3.180093e+003,-1.313357e-005
3.182021e+003,1.728814e-005
3.183950e+003,3.476919e-005
3.185878e+003,1.377200e-005
3.187807e+003,-6.842169e-005
3.189735e+003,-9.620625e-005
3.191664e+003,-6.920641e-005
3.193592e+003,-9.512417e-005
3.195521e+003,-8.995323e-005
3.197449e+003,-3.550233e-005
3.199378e+003,-5.970553e-005
3.201306e+003,-7.474559e-005
3.203235e+003,-1.309808e-004
3.205163e+003,-9.536806e-005
3.207092e+003,-6.146719e-005
3.209020e+003,-5.275693e-005
3.210948e+003,-9.122356e-005
3.212877e+003,-5.117109e-005
3.214806e+003,-6.952743e-005
3.216734e+003,-9.032388e-005
3.218663e+003,-6.029110e-005
3.220591e+003,-7.167021e-005
3.222520e+003,-1.090653e-004
3.224448e+003,-8.779672e-005
3.226376e+003,-9.366397e-005
3.228305e+003,-4.837956e-005
3.230234e+003,-4.903714e-005
3.232162e+003,-1.193533e-004
3.234091e+003,-1.869351e-004
3.236019e+003,-1.484326e-004
3.237948e+003,-1.625347e-004
3.239876e+003,-1.518229e-004
3.241804e+003,-1.243173e-004
3.243733e+003,-1.280201e-004
3.245662e+003,-1.396655e-004
3.247590e+003,-1.940647e-004
3.249519e+003,-1.959658e-004
3.251447e+003,-1.511067e-004
3.253375e+003,-1.657468e-004
3.255304e+003,-1.558116e-004
3.257232e+003,-1.845172e-004
3.259161e+003,-2.280565e-004
3.261090e+003,-2.093560e-004
3.263018e+003,-1.527377e-004
3.264947e+003,-1.789099e-004
3.266875e+003,-2.135866e-004
3.268803e+003,-2.543619e-004
3.270732e+003,-2.351482e-004
3.272660e+003,-2.186252e-004
3.274589e+003,-2.127089e-004
3.276518e+003,-3.252903e-004
3.278446e+003,-3.651294e-004
3.280375e+003,-2.844209e-004
3.282303e+003,-1.906255e-004
3.284231e+003,-1.463036e-004
3.286160e+003,-1.438928e-004
3.288088e+003,-1.460144e-004
3.290017e+003,-1.392395e-004
3.291946e+003,-1.551649e-004
3.293874e+003,-1.475952e-004
3.295802e+003,-1.814880e-004
3.297731e+003,-1.991878e-004
3.299659e+003,-1.627650e-004
3.301588e+003,-1.353158e-004
3.303516e+003,-1.633467e-004
3.305445e+003,-1.005530e-004
3.307374e+003,-1.695650e-004
3.309302e+003,-1.929336e-004
3.311230e+003,-8.606140e-005
3.313159e+003,-1.214196e-004
3.315087e+003,-2.736981e-004
3.317016e+003,-2.821460e-004
3.318944e+003,-2.489171e-004
3.320873e+003,-1.897591e-004
3.322802e+003,-2.097237e-004
3.324730e+003,-2.259458e-004
3.326658e+003,-1.837555e-004
3.328587e+003,-1.851888e-004
3.330515e+003,-1.757018e-004
3.332444e+003,-1.450563e-004
3.334372e+003,-1.521137e-004
3.336301e+003,-2.339606e-004
3.338229e+003,-1.987045e-004
3.340158e+003,-8.394245e-005
3.342086e+003,-1.150718e-004
3.344015e+003,-8.999356e-005
3.345943e+003,-1.824014e-004
3.347872e+003,-1.647219e-004
3.349800e+003,-1.491075e-004
3.351729e+003,-2.097584e-004
3.353657e+003,-2.405582e-004
3.355586e+003,-1.279425e-004
3.357514e+003,-1.306657e-004
3.359443e+003,-1.184802e-004
3.361371e+003,-2.397864e-004
3.363300e+003,-3.035505e-004
3.365229e+003,-2.495264e-004
3.367157e+003,-1.179693e-004
3.369085e+003,-1.617076e-004
3.371014e+003,-2.465474e-004
3.372942e+003,-2.298982e-004
3.374871e+003,-2.963197e-004
3.376799e+003,-3.173502e-004
3.378728e+003,-2.206046e-004
3.380656e+003,-2.309526e-004
3.382585e+003,-2.266395e-004
3.384513e+003,-2.809835e-004
3.386442e+003,-2.887692e-004
3.388370e+003,-2.486560e-004
3.390299e+003,-2.080779e-004
3.392227e+003,-2.459280e-004
3.394156e+003,-2.049316e-004
3.396084e+003,-2.563652e-004
3.398013e+003,-2.360177e-004
3.399941e+003,-2.275324e-004
3.401870e+003,-1.861357e-004
3.403798e+003,-2.269973e-004
3.405727e+003,-2.669768e-004
3.407655e+003,-2.230981e-004
3.409584e+003,-1.759724e-004
3.411512e+003,-2.092128e-004
3.413441e+003,-2.784814e-004
3.415369e+003,-1.927078e-004
3.417298e+003,-1.271362e-004
3.419226e+003,-2.399553e-004
3.421155e+003,-3.128847e-004
3.423083e+003,-2.728034e-004
3.425012e+003,-2.212318e-004
3.426940e+003,-1.600708e-004
3.428869e+003,-1.335482e-004
3.430797e+003,-2.716580e-004
3.432726e+003,-2.616521e-004
3.434654e+003,-1.370324e-004
3.436583e+003,-1.720071e-004
3.438511e+003,-2.055131e-004
3.440440e+003,-2.014221e-004
3.442368e+003,-2.182373e-004
3.444297e+003,-2.316823e-004
3.446225e+003,-1.940093e-004
3.448154e+003,-2.055820e-004
3.450082e+003,-1.849282e-004
3.452011e+003,-1.565835e-004
3.453939e+003,-2.347767e-004
3.455868e+003,-3.153031e-004
3.457796e+003,-3.429193e-004
3.459725e+003,-3.209284e-004
3.461653e+003,-2.519395e-004
3.463582e+003,-1.650789e-004
3.465510e+003,-1.651456e-004
3.467439e+003,-2.366339e-004
3.469367e+003,-1.887110e-004
3.471296e+003,-1.982984e-004
3.473224e+003,-2.851512e-004
3.475153e+003,-2.220906e-004
3.477081e+003,-2.539047e-004
3.479010e+003,-2.341815e-004
3.480938e+003,-1.879694e-004
3.482867e+003,-2.443463e-004
3.484795e+003,-2.903412e-004
3.486724e+003,-3.235178e-004
3.488652e+003,-3.423667e-004
3.490581e+003,-2.171769e-004
3.492509e+003,-1.867224e-004
3.494438e+003,-2.433975e-004
3.496366e+003,-2.572462e-004
3.498295e+003,-3.068257e-004
3.500223e+003,-3.149354e-004
3.502152e+003,-2.824028e-004
3.504080e+003,-2.323056e-004
3.506009e+003,-2.133747e-004
3.507937e+003,-2.369545e-004
3.509866e+003,-3.520336e-004
3.511794e+003,-3.762222e-004
3.513723e+003,-2.725151e-004
3.515651e+003,-1.595865e-004
3.517580e+003,-2.329719e-004
3.519508e+003,-2.759732e-004
3.521437e+003,-2.191901e-004
3.523365e+003,-2.417578e-004
3.525294e+003,-1.833260e-004
3.527222e+003,-1.934600e-004
3.529151e+003,-2.137207e-004
3.531079e+003,-2.044273e-004
3.533008e+003,-1.848102e-004
3.534936e+003,-2.203311e-004
3.536865e+003,-2.333023e-004
3.538793e+003,-2.716928e-004
3.540722e+003,-2.353934e-004
3.542650e+003,-2.744018e-004
3.544579e+003,-2.979024e-004
3.546507e+003,-2.433607e-004
3.548436e+003,-1.467356e-004
3.550364e+003,-1.552385e-004
3.552293e+003,-1.148247e-004
3.554221e+003,-3.865505e-005
3.556150e+003,-1.087484e-004
3.558078e+003,-1.838256e-004
3.560007e+003,-1.818040e-004
3.561935e+003,-2.149999e-004
3.563864e+003,-2.542111e-004
3.565792e+003,-1.740255e-004
3.567721e+003,-4.860476e-005
3.569649e+003,-1.281290e-004
3.571578e+003,-1.508531e-004
3.573506e+003,-2.179236e-004
3.575435e+003,-2.544273e-004
3.577363e+003,-2.523210e-004
3.579292e+003,-1.641733e-004
3.581220e+003,-9.363765e-005
3.583149e+003,-2.625122e-004
3.585077e+003,-2.322844e-004
3.587006e+003,-1.541207e-004
3.588934e+003,-1.831600e-004
3.590863e+003,-1.649145e-004
3.592791e+003,-1.586046e-004
3.594720e+003,-2.191039e-004
3.596648e+003,-2.511473e-004
3.598577e+003,-1.413705e-004
3.600505e+003,-9.819182e-005
3.602434e+003,-2.244068e-004
3.604362e+003,-3.285793e-004
3.606291e+003,-3.815359e-004
3.608219e+003,-3.751052e-004
3.610148e+003,-3.339708e-004
3.612076e+003,-2.353954e-004
3.614005e+003,-1.240004e-004
3.615933e+003,-1.725926e-004
3.617862e+003,-1.592417e-004
3.619790e+003,-2.067394e-004
3.621719e+003,-3.107282e-004
3.623647e+003,-2.490090e-004
3.625576e+003,-2.631400e-004
3.627504e+003,-2.665840e-004
3.629433e+003,-2.282051e-004
3.631361e+003,-2.799944e-004
3.633290e+003,-3.173693e-004
3.635218e+003,-3.815423e-004
3.637146e+003,-3.381683e-004
3.639075e+003,-2.380656e-004
3.641004e+003,-2.522721e-004
3.642932e+003,-3.316871e-004
3.644861e+003,-3.361376e-004
3.646789e+003,-3.345285e-004
3.648718e+003,-1.637294e-004
3.650646e+003,-1.967488e-004
3.652574e+003,-3.001134e-004
3.654503e+003,-3.078730e-004
3.656432e+003,-4.072177e-004
3.658360e+003,-4.408566e-004
3.660289e+003,-3.586870e-004
3.662217e+003,-3.664647e-004
3.664146e+003,-4.022349e-004
3.666074e+003,-4.502856e-004
3.668002e+003,-4.067820e-004
3.669931e+003,-3.077787e-004
3.671860e+003,-2.068525e-004
3.673788e+003,-2.012188e-004
3.675717e+003,-2.889284e-004
3.677645e+003,-4.703494e-004
3.679573e+003,-4.899575e-004
3.681502e+003,-3.186095e-004
3.683430e+003,-3.614851e-004
3.685359e+003,-3.826434e-004
3.687288e+003,-4.011247e-004
3.689216e+003,-4.917813e-004
3.691145e+003,-5.101941e-004
3.693073e+003,-4.153152e-004
3.695001e+003,-3.636115e-004
3.696930e+003,-3.482143e-004
3.698858e+003,-3.992001e-004
3.700787e+003,-5.345197e-004
3.702716e+003,-5.862035e-004
3.704644e+003,-5.524134e-004
3.706573e+003,-5.142929e-004
3.708501e+003,-5.514554e-004
3.710429e+003,-5.364955e-004
3.712358e+003,-4.689856e-004
3.714286e+003,-3.787350e-004
3.716215e+003,-4.384078e-004
3.718144e+003,-4.660527e-004
3.720072e+003,-4.623494e-004
3.722000e+003,-4.594637e-004
3.723929e+003,-6.530513e-004
3.725857e+003,-7.753518e-004
3.727786e+003,-6.764017e-004
3.729714e+003,-5.602211e-004
3.731643e+003,-4.759871e-004
3.733572e+003,-5.462432e-004
3.735500e+003,-5.950365e-004
3.737428e+003,-7.301485e-004
3.739357e+003,-7.037412e-004
3.741285e+003,-5.471185e-004
3.743214e+003,-5.726489e-004
3.745142e+003,-6.243197e-004
3.747071e+003,-5.839060e-004
3.749000e+003,-6.036186e-004
3.750928e+003,-5.319085e-004
3.752856e+003,-5.075523e-004
3.754785e+003,-4.443398e-004
3.756713e+003,-4.842270e-004
3.758642e+003,-7.174411e-004
3.760570e+003,-7.480928e-004
3.762499e+003,-5.754959e-004
3.764427e+003,-5.637803e-004
3.766356e+003,-6.688110e-004
3.768284e+003,-6.100730e-004
3.770213e+003,-5.902162e-004
3.772141e+003,-5.905893e-004
3.774070e+003,-6.637544e-004
3.775998e+003,-6.540208e-004
3.777927e+003,-5.289807e-004
3.779855e+003,-5.599043e-004
3.781784e+003,-6.477786e-004
3.783712e+003,-5.688181e-004
3.785641e+003,-5.458819e-004
3.787569e+003,-4.957861e-004
3.789498e+003,-5.330681e-004
3.791426e+003,-4.766767e-004
3.793355e+003,-4.987989e-004
3.795283e+003,-6.284569e-004
3.797212e+003,-6.243989e-004
3.799140e+003,-5.544628e-004
3.801069e+003,-4.783970e-004
3.802997e+003,-3.843673e-004
3.804926e+003,-4.786026e-004
3.806854e+003,-6.453811e-004
3.808783e+003,-7.539298e-004
3.810711e+003,-6.253175e-004
3.812640e+003,-4.929809e-004
3.814568e+003,-4.539554e-004
3.816497e+003,-4.590923e-004
3.818425e+003,-4.805012e-004
3.820354e+003,-6.108636e-004
3.822282e+003,-5.859513e-004
3.824211e+003,-5.504932e-004
3.826139e+003,-4.895371e-004
3.828068e+003,-4.547091e-004
3.829996e+003,-5.433713e-004
3.831925e+003,-5.771948e-004
3.833853e+003,-5.265290e-004
3.835782e+003,-4.515927e-004
3.837710e+003,-3.985746e-004
3.839639e+003,-5.079494e-004
3.841567e+003,-5.291529e-004
3.843496e+003,-4.444383e-004
3.845424e+003,-4.465743e-004
3.847353e+003,-5.201262e-004
3.849281e+003,-5.974892e-004
3.851210e+003,-6.470297e-004
3.853138e+003,-5.640197e-004
3.855067e+003,-4.817468e-004
3.856995e+003,-4.993269e-004
3.858924e+003,-5.320830e-004
3.860852e+003,-5.612953e-004
3.862781e+003,-4.902244e-004
3.864709e+003,-4.780678e-004
3.866638e+003,-5.923004e-004
3.868566e+003,-6.345296e-004
3.870495e+003,-4.539225e-004
3.872423e+003,-4.138561e-004
3.874352e+003,-5.104500e-004
3.876280e+003,-4.918125e-004
3.878209e+003,-4.071745e-004
3.880137e+003,-3.890590e-004
3.882066e+003,-3.991877e-004
3.883994e+003,-5.497684e-004
3.885923e+003,-6.011993e-004
3.887851e+003,-5.543467e-004
3.889780e+003,-5.439611e-004
3.891708e+003,-5.449209e-004
3.893637e+003,-5.444484e-004
3.895565e+003,-4.665416e-004
3.897494e+003,-4.143179e-004
3.899422e+003,-5.017378e-004
3.901351e+003,-5.900066e-004
3.903279e+003,-5.563286e-004
3.905208e+003,-5.275630e-004
3.907136e+003,-5.291894e-004
3.909065e+003,-5.345606e-004
3.910993e+003,-5.359002e-004
3.912922e+003,-5.752466e-004
3.914850e+003,-5.510532e-004
3.916779e+003,-6.303156e-004
3.918707e+003,-6.186492e-004
3.920636e+003,-5.391666e-004
3.922564e+003,-5.177060e-004
3.924493e+003,-5.127802e-004
3.926421e+003,-4.555783e-004
3.928350e+003,-3.960531e-004
3.930278e+003,-3.652438e-004
3.932207e+003,-4.592066e-004
3.934135e+003,-5.040289e-004
3.936064e+003,-4.631027e-004
3.937992e+003,-4.722471e-004
3.939921e+003,-4.868467e-004
3.941849e+003,-4.609136e-004
3.943778e+003,-4.492665e-004
3.945706e+003,-4.103250e-004
3.947635e+003,-4.397036e-004
3.949563e+003,-4.575045e-004
3.951492e+003,-4.728251e-004
3.953420e+003,-4.626065e-004
3.955349e+003,-5.429679e-004
3.957277e+003,-4.927395e-004
3.959206e+003,-4.344077e-004
3.961134e+003,-4.442375e-004
3.963063e+003,-5.065172e-004
3.964991e+003,-4.610152e-004
3.966920e+003,-4.457150e-004
3.968848e+003,-4.294088e-004
3.970777e+003,-3.240048e-004
3.972705e+003,-3.156291e-004
3.974634e+003,-4.159418e-004
3.976562e+003,-4.184794e-004
3.978491e+003,-4.278700e-004
3.980419e+003,-4.250109e-004
3.982348e+003,-3.782890e-004
3.984276e+003,-3.821618e-004
3.986205e+003,-4.251872e-004
3.988133e+003,-3.924263e-004
3.990062e+003,-3.404231e-004
3.991990e+003,-4.115235e-004
3.993919e+003,-4.584410e-004
3.995847e+003,-4.763943e-004
3.997776e+003,-5.061945e-004
3.999704e+003,-5.063573e-004
4.001633e+003,0.000000e+000
