3.991989e+002,5.641202e-003
4.011274e+002,3.859187e-003
4.030559e+002,3.859187e-003
4.049844e+002,1.295317e-003
4.069129e+002,-2.096547e-004
4.088414e+002,7.275036e-004
4.107699e+002,1.621033e-003
4.126984e+002,3.435268e-003
4.146269e+002,4.126787e-003
4.165554e+002,2.047652e-003
4.184839e+002,1.057980e-003
4.204124e+002,-7.407752e-005
4.223409e+002,2.040635e-005
4.242694e+002,1.062982e-003
4.261979e+002,1.075046e-003
4.281264e+002,1.451696e-003
4.300549e+002,7.911694e-004
4.319834e+002,2.362778e-004
4.339119e+002,7.755542e-004
4.358404e+002,1.120613e-003
4.377689e+002,1.297352e-003
4.396974e+002,4.888577e-004
4.416259e+002,8.253132e-004
4.435544e+002,8.647379e-004
4.454829e+002,1.162189e-003
4.474114e+002,4.616160e-004
4.493399e+002,5.650138e-004
4.512684e+002,1.330870e-003
4.531969e+002,1.592530e-003
4.551254e+002,1.529559e-003
4.570539e+002,1.336674e-003
4.589824e+002,9.855519e-004
4.609109e+002,7.400346e-004
4.628394e+002,1.349014e-003
4.647679e+002,1.043990e-003
4.666964e+002,1.682425e-004
4.686249e+002,5.854439e-004
4.705533e+002,1.262424e-003
4.724819e+002,8.522304e-004
4.744103e+002,6.054397e-004
4.763389e+002,8.884862e-004
4.782673e+002,5.076795e-004
4.801959e+002,4.598869e-004
4.821243e+002,5.337067e-005
4.840529e+002,8.877965e-005
4.859813e+002,2.682823e-004
4.879099e+002,6.234727e-004
4.898383e+002,9.572134e-004
4.917668e+002,4.259671e-004
4.936953e+002,4.071896e-004
4.956238e+002,4.334800e-004
4.975523e+002,2.022021e-004
4.994808e+002,2.757281e-004
5.014093e+002,6.353177e-004
5.033378e+002,1.994026e-004
5.052663e+002,2.132912e-004
5.071948e+002,1.175241e-004
5.091233e+002,-3.459489e-005
5.110518e+002,3.856299e-004
5.129803e+002,3.861550e-004
5.149088e+002,4.528796e-004
5.168373e+002,2.289941e-004
5.187658e+002,2.807052e-004
5.206943e+002,2.409221e-004
5.226228e+002,2.927742e-004
5.245513e+002,5.493320e-004
5.264798e+002,1.063354e-003
5.284083e+002,6.799960e-004
5.303368e+002,5.527239e-004
5.322653e+002,7.779474e-004
5.341938e+002,5.115462e-004
5.361223e+002,9.414303e-005
5.380508e+002,2.783916e-004
5.399792e+002,-2.083155e-004
5.419078e+002,-1.456677e-004
5.438363e+002,4.056631e-004
5.457648e+002,5.651729e-004
5.476932e+002,7.288835e-004
5.496218e+002,5.880115e-004
5.515503e+002,2.197622e-004
5.534788e+002,4.144777e-004
5.554072e+002,6.601327e-004
5.573358e+002,5.777866e-004
5.592643e+002,4.157067e-004
5.611927e+002,3.377842e-004
5.631212e+002,1.528706e-004
5.650497e+002,5.828034e-004
5.669783e+002,7.612272e-004
5.689067e+002,4.877181e-004
5.708352e+002,3.217648e-004
5.727637e+002,4.750641e-004
5.746923e+002,5.384804e-004
5.766207e+002,5.317541e-004
5.785492e+002,4.809026e-004
5.804777e+002,7.091450e-004
5.824063e+002,7.178309e-004
5.843347e+002,5.295282e-004
5.862632e+002,4.812734e-004
5.881917e+002,3.486662e-004
5.901202e+002,2.007382e-004
5.920487e+002,3.177594e-004
5.939772e+002,5.555700e-004
5.959057e+002,5.271522e-004
5.978342e+002,6.236435e-004
5.997627e+002,2.411052e-004
6.016912e+002,2.295802e-004
6.036197e+002,4.660954e-004
6.055482e+002,5.557828e-004
6.074767e+002,6.206451e-004
6.094052e+002,6.499896e-004
6.113337e+002,7.286327e-004
6.132622e+002,6.437165e-004
6.151907e+002,6.850890e-004
6.171192e+002,6.815098e-004
6.190477e+002,6.409487e-004
6.209762e+002,4.705337e-004
6.229047e+002,4.258397e-004
6.248332e+002,3.583505e-004
6.267617e+002,5.422578e-004
6.286902e+002,6.273912e-004
6.306187e+002,6.694996e-004
6.325472e+002,6.445999e-004
6.344756e+002,6.158183e-004
6.364042e+002,6.246117e-004
6.383326e+002,3.872296e-004
6.402612e+002,2.879931e-004
6.421896e+002,4.399059e-004
6.441182e+002,3.964088e-004
6.460466e+002,3.621847e-004
6.479752e+002,5.412115e-004
6.499036e+002,6.165514e-004
6.518322e+002,3.718720e-004
6.537606e+002,4.330664e-004
6.556891e+002,5.060576e-004
6.576177e+002,5.270395e-004
6.595461e+002,6.242957e-004
6.614746e+002,4.301948e-004
6.634031e+002,3.236909e-004
6.653317e+002,3.817902e-004
6.672601e+002,4.386158e-004
6.691886e+002,4.169054e-004
6.711171e+002,5.200897e-004
6.730457e+002,4.235257e-004
6.749741e+002,3.071084e-004
6.769026e+002,4.572647e-004
6.788311e+002,5.149363e-004
6.807596e+002,4.729916e-004
6.826881e+002,3.276419e-004
6.846166e+002,3.774459e-004
6.865451e+002,3.954817e-004
6.884736e+002,3.256494e-004
6.904021e+002,3.553062e-004
6.923306e+002,4.448465e-004
6.942591e+002,4.065135e-004
6.961876e+002,3.703476e-004
6.981161e+002,3.310808e-004
7.000446e+002,4.058477e-004
7.019731e+002,4.153437e-004
7.039016e+002,3.676645e-004
7.058301e+002,4.365919e-004
7.077585e+002,4.764203e-004
7.096871e+002,3.778326e-004
7.116156e+002,2.599013e-004
7.135441e+002,3.671785e-004
7.154725e+002,4.393191e-004
7.174011e+002,3.213753e-004
7.193296e+002,2.298040e-004
7.212581e+002,3.405337e-004
7.231865e+002,3.603998e-004
7.251151e+002,3.581584e-004
7.270436e+002,3.811797e-004
7.289720e+002,4.167357e-004
7.309005e+002,4.388998e-004
7.328290e+002,3.452216e-004
7.347576e+002,2.884349e-004
7.366860e+002,3.261280e-004
7.386145e+002,4.355337e-004
7.405430e+002,4.774075e-004
7.424716e+002,3.333172e-004
7.444000e+002,3.934415e-004
7.463285e+002,5.137928e-004
7.482570e+002,3.993033e-004
7.501855e+002,3.659046e-004
7.521140e+002,3.955121e-004
7.540425e+002,3.731976e-004
7.559710e+002,3.760703e-004
7.578995e+002,4.019933e-004
7.598280e+002,3.534189e-004
7.617565e+002,3.972600e-004
7.636850e+002,2.781168e-004
7.656135e+002,1.924189e-004
7.675420e+002,3.879077e-004
7.694705e+002,5.198527e-004
7.713990e+002,4.143068e-004
7.733275e+002,3.709283e-004
7.752560e+002,3.435039e-004
7.771844e+002,3.128317e-004
7.791130e+002,3.048739e-004
7.810415e+002,2.363100e-004
7.829700e+002,2.798077e-004
7.848984e+002,3.289799e-004
7.868270e+002,2.721488e-004
7.887555e+002,3.138596e-004
7.906840e+002,3.783235e-004
7.926124e+002,2.887929e-004
7.945410e+002,1.544321e-004
7.964695e+002,1.699446e-004
7.983979e+002,2.856431e-004
8.003264e+002,3.495391e-004
8.022549e+002,1.882421e-004
8.041835e+002,1.888388e-004
8.061119e+002,3.295105e-004
8.080404e+002,3.829332e-004
8.099689e+002,4.466113e-004
8.118975e+002,3.660202e-004
8.138259e+002,3.585257e-004
8.157545e+002,4.153018e-004
8.176830e+002,3.679437e-004
8.196115e+002,3.062333e-004
8.215399e+002,2.023967e-004
8.234684e+002,3.003977e-004
8.253970e+002,3.648264e-004
8.273254e+002,3.912573e-004
8.292539e+002,3.746425e-004
8.311824e+002,3.685737e-004
8.331110e+002,3.473836e-004
8.350394e+002,3.939104e-004
8.369679e+002,3.654234e-004
8.388964e+002,3.153849e-004
8.408250e+002,3.020887e-004
8.427534e+002,3.416137e-004
8.446819e+002,2.993698e-004
8.466104e+002,3.048739e-004
8.485389e+002,3.197618e-004
8.504674e+002,4.330458e-004
8.523959e+002,4.079390e-004
8.543244e+002,3.856194e-004
8.562529e+002,3.857852e-004
8.581814e+002,3.673136e-004
8.601099e+002,3.774613e-004
8.620384e+002,4.035613e-004
8.639669e+002,2.912465e-004
8.658954e+002,3.069628e-004
8.678239e+002,3.972931e-004
8.697524e+002,3.788210e-004
8.716809e+002,2.827917e-004
8.736094e+002,2.949268e-004
8.755378e+002,3.019892e-004
8.774664e+002,3.758363e-004
8.793949e+002,3.646606e-004
8.813234e+002,3.350149e-004
8.832518e+002,3.355455e-004
8.851804e+002,3.575640e-004
8.871089e+002,2.941974e-004
8.890374e+002,3.085544e-004
8.909658e+002,3.072944e-004
8.928943e+002,3.456261e-004
8.948229e+002,3.051060e-004
8.967513e+002,2.634955e-004
8.986798e+002,3.481795e-004
9.006083e+002,4.010407e-004
9.025369e+002,3.932471e-004
9.044653e+002,4.172585e-004
9.063938e+002,3.728185e-004
9.083223e+002,4.157661e-004
9.102509e+002,3.513629e-004
9.121793e+002,3.194302e-004
9.141078e+002,3.600180e-004
9.160364e+002,3.871781e-004
9.179648e+002,4.588506e-004
9.198933e+002,3.804460e-004
9.218218e+002,3.048076e-004
9.237504e+002,3.585589e-004
9.256788e+002,4.326809e-004
9.276073e+002,3.376345e-004
9.295358e+002,2.749339e-004
9.314644e+002,3.379661e-004
9.333928e+002,3.966299e-004
9.353213e+002,4.330458e-004
9.372498e+002,3.547122e-004
9.391783e+002,2.953578e-004
9.411068e+002,3.395578e-004
9.430353e+002,3.682421e-004
9.449637e+002,3.546127e-004
9.468923e+002,3.508987e-004
9.488208e+002,3.645280e-004
9.507493e+002,3.935787e-004
9.526777e+002,3.557070e-004
9.546063e+002,2.991045e-004
9.565348e+002,3.429070e-004
9.584633e+002,3.413816e-004
9.603917e+002,2.948937e-004
9.623203e+002,2.695959e-004
9.642488e+002,2.644570e-004
9.661772e+002,2.535825e-004
9.681057e+002,2.397247e-004
9.700343e+002,3.095822e-004
9.719628e+002,2.894560e-004
9.738912e+002,2.500683e-004
9.758197e+002,3.125664e-004
9.777483e+002,3.166781e-004
9.796768e+002,2.760943e-004
9.816052e+002,2.977783e-004
9.835337e+002,3.261614e-004
9.854623e+002,2.546435e-004
9.873907e+002,2.431394e-004
9.893192e+002,2.833553e-004
9.912477e+002,3.487432e-004
9.931763e+002,3.236413e-004
9.951047e+002,2.976457e-004
9.970332e+002,2.860078e-004
9.989617e+002,2.454932e-004
1.000890e+003,1.949050e-004
1.002819e+003,2.429404e-004
1.004747e+003,2.854441e-004
1.006676e+003,2.635618e-004
1.008604e+003,2.695628e-004
1.010533e+003,2.802387e-004
1.012461e+003,3.315332e-004
1.014390e+003,2.619373e-004
1.016318e+003,2.754644e-004
1.018247e+003,2.769895e-004
1.020175e+003,3.044097e-004
1.022104e+003,3.056033e-004
1.024032e+003,2.641586e-004
1.025961e+003,2.671093e-004
1.027889e+003,2.759948e-004
1.029818e+003,2.679714e-004
1.031746e+003,2.799735e-004
1.033675e+003,2.400893e-004
1.035603e+003,2.447307e-004
1.037532e+003,2.539472e-004
1.039460e+003,2.505656e-004
1.041389e+003,2.867040e-004
1.043317e+003,2.681371e-004
1.045246e+003,2.423437e-004
1.047174e+003,2.725799e-004
1.049103e+003,2.569974e-004
1.051031e+003,1.988498e-004
1.052960e+003,1.958332e-004
1.054888e+003,2.394263e-004
1.056817e+003,2.744697e-004
1.058745e+003,2.605780e-004
1.060674e+003,2.456921e-004
1.062602e+003,2.290829e-004
1.064531e+003,2.206625e-004
1.066459e+003,2.537152e-004
1.068388e+003,2.430399e-004
1.070316e+003,2.269281e-004
1.072245e+003,1.941426e-004
1.074173e+003,2.392274e-004
1.076102e+003,2.265302e-004
1.078030e+003,2.107836e-004
1.079959e+003,2.085957e-004
1.081887e+003,2.186734e-004
1.083816e+003,2.086620e-004
1.085744e+003,2.110488e-004
1.087673e+003,1.836345e-004
1.089601e+003,1.656024e-004
1.091530e+003,1.719666e-004
1.093458e+003,2.142976e-004
1.095387e+003,1.685856e-004
1.097315e+003,1.718671e-004
1.099244e+003,2.364094e-004
1.101172e+003,2.513944e-004
1.103101e+003,2.160877e-004
1.105029e+003,2.312046e-004
1.106958e+003,1.684198e-004
1.108886e+003,1.745189e-004
1.110815e+003,2.467862e-004
1.112743e+003,2.803050e-004
1.114672e+003,2.330279e-004
1.116600e+003,2.020984e-004
1.118529e+003,1.640776e-004
1.120457e+003,2.025625e-004
1.122386e+003,2.225852e-004
1.124314e+003,2.164523e-004
1.126243e+003,2.243091e-004
1.128171e+003,2.164855e-004
1.130100e+003,1.877449e-004
1.132028e+003,1.797231e-004
1.133957e+003,2.260330e-004
1.135885e+003,2.266960e-004
1.137814e+003,1.756459e-004
1.139742e+003,2.174469e-004
1.141671e+003,2.863062e-004
1.143599e+003,2.640923e-004
1.145528e+003,1.959658e-004
1.147456e+003,1.660333e-004
1.149385e+003,1.628512e-004
1.151313e+003,2.080322e-004
1.153242e+003,2.021315e-004
1.155170e+003,2.017669e-004
1.157099e+003,2.134688e-004
1.159027e+003,2.661810e-004
1.160956e+003,2.340225e-004
1.162884e+003,1.970928e-004
1.164813e+003,2.164523e-004
1.166741e+003,1.649394e-004
1.168670e+003,1.718008e-004
1.170598e+003,2.051150e-004
1.172526e+003,1.716682e-004
1.174455e+003,1.838997e-004
1.176384e+003,2.096565e-004
1.178312e+003,2.148611e-004
1.180240e+003,2.212924e-004
1.182169e+003,2.019989e-004
1.184098e+003,2.080653e-004
1.186026e+003,1.976895e-004
1.187954e+003,2.116124e-004
1.189883e+003,2.165849e-004
1.191812e+003,2.045183e-004
1.193740e+003,1.860875e-004
1.195668e+003,2.047172e-004
1.197597e+003,2.082974e-004
1.199526e+003,1.888720e-004
1.201454e+003,1.530400e-004
1.203382e+003,1.455159e-004
1.205311e+003,1.957337e-004
1.207240e+003,1.825407e-004
1.209168e+003,1.657681e-004
1.211096e+003,1.326558e-004
1.213025e+003,1.600338e-004
1.214953e+003,1.615916e-004
1.216882e+003,1.371966e-004
1.218810e+003,1.446210e-004
1.220739e+003,1.626523e-004
1.222667e+003,1.711710e-004
1.224596e+003,1.952696e-004
1.226524e+003,1.895018e-004
1.228453e+003,1.538023e-004
1.230381e+003,1.579456e-004
1.232310e+003,2.098223e-004
1.234238e+003,2.271269e-004
1.236167e+003,2.166512e-004
1.238095e+003,2.075681e-004
1.240024e+003,2.433051e-004
1.241952e+003,2.314367e-004
1.243881e+003,2.054465e-004
1.245809e+003,1.921537e-004
1.247738e+003,1.977558e-004
1.249666e+003,1.854245e-004
1.251595e+003,1.784635e-004
1.253523e+003,1.875460e-004
1.255452e+003,1.558905e-004
1.257380e+003,1.237733e-004
1.259309e+003,1.538355e-004
1.261237e+003,1.979879e-004
1.263166e+003,2.568316e-004
1.265094e+003,2.324312e-004
1.267023e+003,1.566197e-004
1.268951e+003,1.652709e-004
1.270880e+003,2.253036e-004
1.272808e+003,2.164192e-004
1.274737e+003,2.052476e-004
1.276665e+003,1.586085e-004
1.278594e+003,1.682210e-004
1.280522e+003,1.634147e-004
1.282451e+003,1.369646e-004
1.284379e+003,1.557248e-004
1.286308e+003,1.812810e-004
1.288236e+003,1.773696e-004
1.290165e+003,1.602326e-004
1.292093e+003,1.786955e-004
1.294022e+003,2.028608e-004
1.295950e+003,1.848279e-004
1.297879e+003,1.571169e-004
1.299807e+003,1.622877e-004
1.301736e+003,2.039216e-004
1.303664e+003,1.981868e-004
1.305593e+003,1.772702e-004
1.307521e+003,1.505872e-004
1.309450e+003,1.523107e-004
1.311378e+003,1.635141e-004
1.313307e+003,1.676243e-004
1.315235e+003,1.612602e-004
1.317164e+003,1.697457e-004
1.319092e+003,1.992475e-004
1.321021e+003,2.060432e-004
1.322949e+003,1.764415e-004
1.324878e+003,1.151229e-004
1.326806e+003,1.274522e-004
1.328735e+003,1.481013e-004
1.330663e+003,1.611276e-004
1.332592e+003,2.059437e-004
1.334520e+003,2.107505e-004
1.336449e+003,1.806181e-004
1.338377e+003,1.823418e-004
1.340306e+003,1.928829e-004
1.342234e+003,1.780325e-004
1.344163e+003,1.834688e-004
1.346091e+003,1.878112e-004
1.348020e+003,1.996785e-004
1.349948e+003,1.570506e-004
1.351877e+003,1.398482e-004
1.353805e+003,1.303689e-004
1.355734e+003,1.439913e-004
1.357662e+003,1.534377e-004
1.359591e+003,1.499574e-004
1.361519e+003,1.406105e-004
1.363448e+003,1.354068e-004
1.365376e+003,1.232430e-004
1.367305e+003,1.384229e-004
1.369233e+003,1.387544e-004
1.371162e+003,1.251322e-004
1.373090e+003,1.483333e-004
1.375019e+003,1.488305e-004
1.376947e+003,1.351085e-004
1.378876e+003,1.388870e-004
1.380804e+003,1.715688e-004
1.382733e+003,1.551281e-004
1.384661e+003,1.322581e-004
1.386590e+003,1.510512e-004
1.388518e+003,1.577467e-004
1.390447e+003,1.674586e-004
1.392375e+003,1.678895e-004
1.394304e+003,1.648731e-004
1.396232e+003,1.680221e-004
1.398161e+003,1.734913e-004
1.400089e+003,1.744526e-004
1.402018e+003,1.665305e-004
1.403946e+003,1.784635e-004
1.405875e+003,1.815131e-004
1.407803e+003,1.978553e-004
1.409732e+003,1.886731e-004
1.411660e+003,1.753807e-004
1.413589e+003,1.730604e-004
1.415517e+003,1.598017e-004
1.417446e+003,1.989492e-004
1.419374e+003,1.891371e-004
1.421303e+003,1.424997e-004
1.423231e+003,1.360697e-004
1.425160e+003,1.683204e-004
1.427088e+003,1.900984e-004
1.429017e+003,1.827064e-004
1.430945e+003,1.651383e-004
1.432874e+003,1.633153e-004
1.434802e+003,1.584759e-004
1.436731e+003,1.520124e-004
1.438659e+003,1.686187e-004
1.440588e+003,1.687845e-004
1.442516e+003,1.559236e-004
1.444445e+003,1.897338e-004
1.446373e+003,1.867505e-004
1.448302e+003,1.434278e-004
1.450230e+003,1.436930e-004
1.452159e+003,1.706738e-004
1.454087e+003,1.915238e-004
1.456016e+003,2.289171e-004
1.457944e+003,1.882753e-004
1.459873e+003,1.759111e-004
1.461801e+003,1.584427e-004
1.463730e+003,1.762426e-004
1.465658e+003,1.791927e-004
1.467587e+003,1.876123e-004
1.469515e+003,2.076012e-004
1.471444e+003,2.254694e-004
1.473372e+003,2.287514e-004
1.475301e+003,2.135351e-004
1.477229e+003,1.843638e-004
1.479158e+003,2.070377e-004
1.481086e+003,2.187729e-004
1.483015e+003,1.826069e-004
1.484943e+003,1.913912e-004
1.486872e+003,1.890709e-004
1.488800e+003,1.914575e-004
1.490729e+003,1.497917e-004
1.492657e+003,1.430301e-004
1.494586e+003,1.723312e-004
1.496514e+003,1.943746e-004
1.498443e+003,2.071040e-004
1.500371e+003,2.115461e-004
1.502300e+003,1.923194e-004
1.504228e+003,2.467862e-004
1.506157e+003,2.485764e-004
1.508085e+003,1.699115e-004
1.510014e+003,1.717014e-004
1.511942e+003,1.859218e-004
1.513871e+003,1.808501e-004
1.515799e+003,1.833031e-004
1.517728e+003,1.698783e-004
1.519656e+003,1.978221e-004
1.521585e+003,2.075018e-004
1.523513e+003,2.042200e-004
1.525442e+003,2.032255e-004
1.527370e+003,1.784966e-004
1.529299e+003,1.855571e-004
1.531227e+003,2.152921e-004
1.533156e+003,2.046178e-004
1.535084e+003,1.843638e-004
1.537013e+003,1.820766e-004
1.538941e+003,1.819108e-004
1.540870e+003,1.850599e-004
1.542798e+003,1.831705e-004
1.544727e+003,1.798557e-004
1.546655e+003,2.120102e-004
1.548584e+003,2.420122e-004
1.550512e+003,1.989492e-004
1.552441e+003,2.104521e-004
1.554369e+003,2.050487e-004
1.556298e+003,2.176458e-004
1.558226e+003,2.394926e-004
1.560155e+003,2.096897e-004
1.562083e+003,2.221211e-004
1.564012e+003,2.284862e-004
1.565940e+003,2.072034e-004
1.567869e+003,2.160877e-004
1.569797e+003,2.233809e-004
1.571726e+003,1.849273e-004
1.573654e+003,1.865184e-004
1.575583e+003,2.033581e-004
1.577511e+003,2.048498e-004
1.579440e+003,2.093250e-004
1.581368e+003,2.308731e-004
1.583297e+003,2.314367e-004
1.585225e+003,1.895349e-004
1.587154e+003,2.050818e-004
1.589082e+003,1.896344e-004
1.591010e+003,1.324238e-004
1.592939e+003,1.291757e-004
1.594868e+003,1.539017e-004
1.596796e+003,2.069714e-004
1.598724e+003,2.348513e-004
1.600653e+003,2.107836e-004
1.602582e+003,1.953028e-004
1.604510e+003,1.885736e-004
1.606438e+003,1.984520e-004
1.608367e+003,1.297723e-004
1.610296e+003,1.355394e-004
1.612224e+003,1.794579e-004
1.614152e+003,2.286851e-004
1.616081e+003,2.053802e-004
1.618010e+003,1.647406e-004
1.619938e+003,1.994133e-004
1.621866e+003,2.212260e-004
1.623795e+003,1.937117e-004
1.625724e+003,1.949050e-004
1.627652e+003,2.003415e-004
1.629580e+003,1.901979e-004
1.631509e+003,1.957337e-004
1.633438e+003,2.379013e-004
1.635366e+003,2.237455e-004
1.637294e+003,2.100875e-004
1.639223e+003,2.326633e-004
1.641151e+003,2.540135e-004
1.643080e+003,2.430731e-004
1.645008e+003,2.347850e-004
1.646937e+003,2.408850e-004
1.648865e+003,2.483444e-004
1.650794e+003,2.847479e-004
1.652722e+003,2.998340e-004
1.654651e+003,2.273259e-004
1.656579e+003,2.002752e-004
1.658508e+003,1.869494e-004
1.660436e+003,2.198337e-004
1.662365e+003,2.752986e-004
1.664293e+003,2.784815e-004
1.666222e+003,2.402883e-004
1.668150e+003,2.273590e-004
1.670079e+003,2.612410e-004
1.672007e+003,2.547429e-004
1.673936e+003,2.419459e-004
1.675864e+003,2.436698e-004
1.677793e+003,2.828580e-004
1.679721e+003,2.743039e-004
1.681650e+003,2.245743e-004
1.683578e+003,2.670430e-004
1.685507e+003,2.931695e-004
1.687435e+003,2.600143e-004
1.689364e+003,2.417801e-004
1.691292e+003,2.328953e-004
1.693221e+003,2.283867e-004
1.695149e+003,3.165122e-004
1.697078e+003,3.290131e-004
1.699006e+003,3.545132e-004
1.700935e+003,3.427080e-004
1.702863e+003,2.600807e-004
1.704792e+003,2.391279e-004
1.706720e+003,2.810344e-004
1.708649e+003,3.190323e-004
1.710577e+003,3.102122e-004
1.712506e+003,3.437360e-004
1.714434e+003,3.247024e-004
1.716363e+003,2.896549e-004
1.718291e+003,2.788130e-004
1.720220e+003,2.838858e-004
1.722148e+003,2.760943e-004
1.724077e+003,3.368719e-004
1.726005e+003,3.744103e-004
1.727934e+003,3.463557e-004
1.729862e+003,2.981762e-004
1.731791e+003,2.766248e-004
1.733719e+003,3.256640e-004
1.735648e+003,3.511639e-004
1.737576e+003,3.768312e-004
1.739505e+003,3.745430e-004
1.741433e+003,3.439681e-004
1.743362e+003,3.771297e-004
1.745290e+003,3.688722e-004
1.747219e+003,3.641632e-004
1.749147e+003,3.941425e-004
1.751076e+003,4.007754e-004
1.753004e+003,4.061813e-004
1.754933e+003,4.225319e-004
1.756861e+003,4.227641e-004
1.758790e+003,3.946068e-004
1.760718e+003,3.967625e-004
1.762647e+003,4.655508e-004
1.764575e+003,4.650200e-004
1.766504e+003,3.835633e-004
1.768432e+003,3.841602e-004
1.770361e+003,3.926833e-004
1.772289e+003,4.311553e-004
1.774218e+003,4.601442e-004
1.776146e+003,4.125822e-004
1.778075e+003,4.042245e-004
1.780003e+003,4.630962e-004
1.781932e+003,4.556663e-004
1.783860e+003,4.655839e-004
1.785789e+003,4.765632e-004
1.787717e+003,4.640250e-004
1.789646e+003,4.926511e-004
1.791574e+003,5.110950e-004
1.793503e+003,5.160046e-004
1.795431e+003,5.484495e-004
1.797360e+003,5.085738e-004
1.799288e+003,5.302362e-004
1.801217e+003,5.633125e-004
1.803145e+003,5.147108e-004
1.805074e+003,4.309231e-004
1.807002e+003,4.578886e-004
1.808931e+003,4.848227e-004
1.810859e+003,4.716208e-004
1.812788e+003,4.469099e-004
1.814716e+003,4.923858e-004
1.816645e+003,5.620186e-004
1.818573e+003,5.801004e-004
1.820502e+003,5.886937e-004
1.822430e+003,5.629807e-004
1.824359e+003,6.271166e-004
1.826287e+003,6.918262e-004
1.828216e+003,6.795141e-004
1.830144e+003,7.831660e-004
1.832073e+003,7.847594e-004
1.834001e+003,6.430111e-004
1.835930e+003,6.433097e-004
1.837858e+003,6.837951e-004
1.839787e+003,7.187748e-004
1.841715e+003,7.050016e-004
1.843644e+003,8.738279e-004
1.845572e+003,9.181864e-004
1.847501e+003,8.179878e-004
1.849429e+003,7.001230e-004
1.851358e+003,7.117056e-004
1.853286e+003,7.778219e-004
1.855215e+003,8.746247e-004
1.857143e+003,8.925868e-004
1.859072e+003,8.898642e-004
1.861000e+003,1.050990e-003
1.862929e+003,1.006120e-003
1.864857e+003,9.694234e-004
1.866786e+003,9.363494e-004
1.868714e+003,1.099021e-003
1.870643e+003,1.156525e-003
1.872571e+003,1.063413e-003
1.874500e+003,8.791069e-004
1.876428e+003,8.076638e-004
1.878357e+003,8.807670e-004
1.880285e+003,9.399357e-004
1.882214e+003,8.062032e-004
1.884142e+003,7.580391e-004
1.886071e+003,9.017175e-004
1.887999e+003,1.033686e-003
1.889928e+003,1.125330e-003
1.891856e+003,1.091148e-003
1.893785e+003,1.004592e-003
1.895713e+003,1.220782e-003
1.897642e+003,1.145595e-003
1.899570e+003,1.178984e-003
1.901499e+003,1.161807e-003
1.903427e+003,1.003164e-003
1.905356e+003,1.017511e-003
1.907284e+003,1.152804e-003
1.909213e+003,1.175595e-003
1.911141e+003,1.136127e-003
1.913070e+003,1.082080e-003
1.914998e+003,1.231415e-003
1.916927e+003,1.350288e-003
1.918855e+003,1.160379e-003
1.920784e+003,1.133967e-003
1.922712e+003,1.400645e-003
1.924641e+003,1.565353e-003
1.926569e+003,1.511252e-003
1.928498e+003,1.312997e-003
1.930426e+003,1.247231e-003
1.932355e+003,1.386518e-003
1.934283e+003,1.419759e-003
1.936212e+003,1.148651e-003
1.938140e+003,1.268233e-003
1.940069e+003,1.774868e-003
1.941997e+003,1.861811e-003
1.943926e+003,1.887900e-003
1.945854e+003,1.782920e-003
1.947783e+003,1.167223e-003
1.949711e+003,1.400379e-003
1.951640e+003,1.904839e-003
1.953568e+003,1.937421e-003
1.955497e+003,1.892027e-003
1.957425e+003,2.091545e-003
1.959354e+003,2.396925e-003
1.961282e+003,2.732995e-003
1.963211e+003,2.443006e-003
1.965139e+003,2.100634e-003
1.967068e+003,2.444072e-003
1.968996e+003,1.964148e-003
1.970925e+003,1.230418e-003
1.972853e+003,2.039310e-003
1.974782e+003,2.810358e-003
1.976710e+003,2.965259e-003
1.978639e+003,2.919623e-003
1.980567e+003,1.998898e-003
1.982496e+003,1.903342e-003
1.984424e+003,2.452869e-003
1.986353e+003,2.317170e-003
1.988281e+003,2.369672e-003
1.990210e+003,2.267540e-003
1.992138e+003,2.122576e-003
1.994067e+003,1.505966e-003
1.995995e+003,1.531169e-003
1.997924e+003,2.289456e-003
1.999852e+003,2.554412e-003
2.001781e+003,2.265541e-003
2.003709e+003,1.740336e-003
2.005638e+003,1.088590e-003
2.007566e+003,1.547030e-003
2.009495e+003,1.881444e-003
2.011423e+003,1.727861e-003
2.013352e+003,2.660079e-003
2.015280e+003,2.893372e-003
2.017208e+003,2.156074e-003
2.019137e+003,1.984119e-003
2.021066e+003,2.108392e-003
2.022994e+003,2.014976e-003
2.024922e+003,2.356813e-003
2.026851e+003,2.477561e-003
2.028780e+003,2.293753e-003
2.030708e+003,1.457125e-003
2.032636e+003,1.095201e-003
2.034565e+003,2.131466e-003
2.036494e+003,2.384831e-003
2.038422e+003,2.215683e-003
2.040350e+003,1.920547e-003
2.042279e+003,1.510089e-003
2.044208e+003,1.948837e-003
2.046136e+003,1.921746e-003
2.048064e+003,2.087050e-003
2.049993e+003,1.899914e-003
2.051921e+003,1.686446e-003
2.053850e+003,1.343341e-003
2.055778e+003,1.184300e-003
2.057707e+003,1.642807e-003
2.059635e+003,1.657608e-003
2.061564e+003,1.244573e-003
2.063492e+003,1.199683e-003
2.065421e+003,1.218423e-003
2.067349e+003,8.253243e-004
2.069278e+003,3.656223e-004
2.071206e+003,2.876656e-004
2.073135e+003,5.643078e-004
2.075063e+003,8.498576e-004
2.076992e+003,9.862271e-004
2.078920e+003,9.624498e-004
2.080849e+003,8.991940e-004
2.082777e+003,9.089558e-004
2.084706e+003,8.426535e-004
2.086634e+003,1.136260e-003
2.088563e+003,9.065319e-004
2.090491e+003,6.097629e-004
2.092420e+003,5.670615e-004
2.094348e+003,6.763946e-004
2.096277e+003,6.155031e-004
2.098205e+003,1.985514e-004
2.100134e+003,2.744365e-004
2.102062e+003,7.080549e-004
2.103991e+003,4.964327e-004
2.105919e+003,8.160624e-004
2.107848e+003,9.037096e-004
2.109776e+003,3.603827e-004
2.111705e+003,3.540158e-004
2.113633e+003,4.042577e-004
2.115562e+003,4.527143e-004
2.117490e+003,4.486678e-004
2.119419e+003,4.757671e-004
2.121347e+003,6.063784e-004
2.123276e+003,4.467440e-004
2.125204e+003,4.802451e-004
2.127133e+003,4.906277e-004
2.129061e+003,6.259221e-004
2.130990e+003,2.874998e-004
2.132918e+003,2.732098e-004
2.134847e+003,5.569425e-004
2.136775e+003,4.560644e-004
2.138704e+003,7.651754e-004
2.140632e+003,7.285988e-004
2.142561e+003,8.361799e-004
2.144489e+003,8.431515e-004
2.146418e+003,1.360292e-003
2.148346e+003,2.186144e-003
2.150275e+003,2.125540e-003
2.152203e+003,2.531048e-003
2.154132e+003,3.344472e-003
2.156060e+003,3.563100e-003
2.157989e+003,3.973498e-003
2.159917e+003,3.627313e-003
2.161846e+003,2.763738e-003
2.163774e+003,2.282062e-003
2.165703e+003,1.561362e-003
2.167631e+003,2.536381e-003
2.169560e+003,2.126738e-003
2.171488e+003,1.870928e-003
2.173417e+003,2.039576e-003
2.175345e+003,1.824044e-003
2.177274e+003,1.508393e-003
2.179202e+003,1.603796e-003
2.181131e+003,1.441667e-003
2.183059e+003,2.238663e-003
2.184988e+003,2.052626e-003
2.186916e+003,1.698022e-003
2.188845e+003,1.679295e-003
2.190773e+003,1.807440e-003
2.192702e+003,1.634093e-003
2.194630e+003,1.326125e-003
2.196559e+003,1.586137e-003
2.198487e+003,1.262750e-003
2.200416e+003,1.075868e-003
2.202344e+003,1.472651e-003
2.204273e+003,1.743197e-003
2.206201e+003,1.089653e-003
2.208130e+003,6.322931e-004
2.210058e+003,6.810738e-004
2.211987e+003,4.737437e-004
2.213915e+003,4.428634e-004
2.215844e+003,2.584561e-004
2.217772e+003,1.346445e-004
2.219701e+003,2.760280e-004
2.221629e+003,6.985217e-005
2.223558e+003,4.231621e-004
2.225486e+003,6.388300e-004
2.227415e+003,5.537051e-005
2.229343e+003,-7.858683e-005
2.231272e+003,-3.059874e-005
2.233200e+003,1.334710e-004
2.235129e+003,-1.412149e-005
2.237057e+003,-1.867391e-004
2.238986e+003,-1.432040e-004
2.240914e+003,-2.311057e-004
2.242843e+003,-4.965125e-004
2.244771e+003,-6.889003e-004
2.246700e+003,-7.175418e-004
2.248628e+003,-6.397124e-004
2.250557e+003,-1.089273e-003
2.252485e+003,-7.395288e-004
2.254414e+003,-5.570761e-004
2.256342e+003,-4.532083e-004
2.258271e+003,-5.288411e-004
2.260199e+003,-8.756183e-004
2.262128e+003,-1.024062e-003
2.264056e+003,-8.845345e-004
2.265985e+003,-8.206072e-004
2.267913e+003,-6.501076e-004
2.269842e+003,-6.754904e-004
2.271770e+003,-8.261129e-004
2.273699e+003,-7.712626e-004
2.275627e+003,-7.645487e-004
2.277556e+003,-6.494450e-004
2.279484e+003,-3.156310e-004
2.281413e+003,-3.618802e-004
2.283341e+003,-4.588727e-004
2.285270e+003,-4.347858e-004
2.287198e+003,-3.393560e-004
2.289127e+003,-3.609589e-004
2.291055e+003,-3.939704e-004
2.292984e+003,-5.157532e-004
2.294912e+003,-4.657443e-004
2.296841e+003,-4.010106e-004
2.298769e+003,-4.434574e-004
2.300698e+003,-4.203873e-004
2.302626e+003,-2.969835e-004
2.304555e+003,-2.030449e-004
2.306483e+003,-1.395684e-004
2.308412e+003,-9.667520e-005
2.310340e+003,-1.553007e-004
2.312269e+003,-1.738471e-004
2.314197e+003,-9.408021e-005
2.316125e+003,1.287404e-005
2.318054e+003,-1.786223e-005
2.319983e+003,-2.103871e-005
2.321911e+003,-3.900826e-006
2.323840e+003,-3.263043e-005
2.325768e+003,-3.753144e-005
2.327697e+003,-8.091814e-005
2.329625e+003,-1.051511e-004
2.331553e+003,-1.019801e-004
2.333482e+003,-7.924443e-005
2.335411e+003,-5.902063e-005
2.337339e+003,-1.160495e-004
2.339268e+003,-1.651076e-004
2.341196e+003,-1.855041e-004
2.343125e+003,-1.283723e-004
2.345053e+003,-1.332927e-004
2.346981e+003,-1.277892e-004
2.348910e+003,-1.282397e-004
2.350839e+003,-9.586052e-005
2.352767e+003,-8.935529e-005
2.354696e+003,-4.279576e-005
2.356624e+003,-8.148394e-006
2.358552e+003,-7.326357e-007
2.360481e+003,-3.957910e-005
2.362409e+003,-8.155871e-005
2.364338e+003,4.175290e-005
2.366267e+003,8.030717e-005
2.368195e+003,1.345420e-005
2.370124e+003,-5.346717e-005
2.372052e+003,4.607703e-005
2.373980e+003,1.391947e-004
2.375909e+003,8.133307e-005
2.377838e+003,9.864676e-005
2.379766e+003,1.980534e-004
2.381695e+003,2.346578e-004
2.383623e+003,1.774187e-004
2.385552e+003,6.569497e-005
2.387480e+003,1.593017e-005
2.389408e+003,1.328768e-004
2.391337e+003,2.140217e-004
2.393266e+003,1.999751e-004
2.395194e+003,2.340187e-004
2.397123e+003,2.806991e-004
2.399051e+003,3.155096e-004
2.400979e+003,2.655179e-004
2.402908e+003,2.977120e-004
2.404836e+003,3.685737e-004
2.406765e+003,4.165952e-004
2.408694e+003,3.877751e-004
2.410622e+003,3.338875e-004
2.412551e+003,4.529465e-004
2.414479e+003,4.298949e-004
2.416407e+003,3.417795e-004
2.418336e+003,3.690380e-004
2.420264e+003,3.827674e-004
2.422193e+003,3.229450e-004
2.424122e+003,3.906603e-004
2.426050e+003,5.230706e-004
2.427979e+003,4.787856e-004
2.429907e+003,4.311221e-004
2.431835e+003,4.590827e-004
2.433764e+003,3.485442e-004
2.435692e+003,3.407184e-004
2.437621e+003,3.766322e-004
2.439550e+003,3.925838e-004
2.441478e+003,4.569268e-004
2.443406e+003,3.182033e-004
2.445335e+003,2.014685e-004
2.447263e+003,3.140917e-004
2.449192e+003,3.998136e-004
2.451121e+003,3.624719e-004
2.453049e+003,3.639642e-004
2.454978e+003,3.547122e-004
2.456906e+003,3.515287e-004
2.458834e+003,3.374688e-004
2.460763e+003,2.134688e-004
2.462691e+003,2.620699e-004
2.464620e+003,4.902628e-004
2.466549e+003,5.463925e-004
2.468477e+003,3.679105e-004
2.470406e+003,2.396252e-004
2.472334e+003,1.945735e-004
2.474262e+003,2.111483e-004
2.476191e+003,2.481786e-004
2.478119e+003,1.833031e-004
2.480048e+003,2.746355e-004
2.481977e+003,3.990177e-004
2.483905e+003,3.485111e-004
2.485833e+003,3.017902e-004
2.487762e+003,3.069628e-004
2.489690e+003,2.812997e-004
2.491619e+003,1.391521e-004
2.493547e+003,1.296066e-004
2.495476e+003,1.135321e-004
2.497405e+003,1.710385e-004
2.499333e+003,2.432720e-004
2.501261e+003,3.086207e-004
2.503190e+003,2.450622e-004
2.505118e+003,5.464147e-005
2.507047e+003,1.024294e-004
2.508975e+003,1.421351e-004
2.510904e+003,1.843638e-004
2.512833e+003,1.197629e-004
2.514761e+003,-4.075468e-006
2.516689e+003,-2.435284e-005
2.518618e+003,-8.478173e-005
2.520546e+003,-1.717991e-004
2.522475e+003,-1.250299e-004
2.524403e+003,-7.093418e-005
2.526332e+003,-6.689248e-005
2.528260e+003,-2.458476e-005
2.530189e+003,5.954595e-005
2.532117e+003,-5.986908e-005
2.534046e+003,-2.430695e-004
2.535974e+003,-1.884587e-004
2.537903e+003,-1.972684e-004
2.539831e+003,-1.881275e-004
2.541760e+003,-2.651239e-004
2.543688e+003,-3.323729e-004
2.545617e+003,-2.936671e-004
2.547545e+003,-2.775745e-004
2.549474e+003,-2.932366e-004
2.551402e+003,-2.765480e-004
2.553331e+003,-3.180366e-004
2.555259e+003,-3.007529e-004
2.557188e+003,-2.758527e-004
2.559116e+003,-2.094229e-004
2.561045e+003,-2.835017e-004
2.562973e+003,-3.586935e-004
2.564902e+003,-4.761070e-004
2.566830e+003,-5.183046e-004
2.568759e+003,-4.247694e-004
2.570687e+003,-4.520112e-004
2.572616e+003,-5.848857e-004
2.574544e+003,-5.478901e-004
2.576473e+003,-5.882276e-004
2.578401e+003,-6.628705e-004
2.580330e+003,-5.538467e-004
2.582258e+003,-5.109906e-004
2.584187e+003,-4.470793e-004
2.586115e+003,-4.770007e-004
2.588044e+003,-6.255507e-004
2.589972e+003,-5.868710e-004
2.591901e+003,-5.319393e-004
2.593829e+003,-5.530524e-004
2.595758e+003,-5.748263e-004
2.597686e+003,-5.106266e-004
2.599615e+003,-5.011282e-004
2.601543e+003,-4.583332e-004
2.603472e+003,-4.547584e-004
2.605400e+003,-5.072509e-004
2.607329e+003,-4.870291e-004
2.609257e+003,-4.769675e-004
2.611186e+003,-6.018271e-004
2.613114e+003,-5.484527e-004
2.615043e+003,-4.701494e-004
2.616971e+003,-4.551887e-004
2.618900e+003,-4.156333e-004
2.620828e+003,-4.429749e-004
2.622757e+003,-4.371492e-004
2.624685e+003,-4.158981e-004
2.626614e+003,-3.793515e-004
2.628542e+003,-3.159507e-004
2.630471e+003,-2.609184e-004
2.632399e+003,-2.853229e-004
2.634328e+003,-2.843626e-004
2.636256e+003,-2.651901e-004
2.638185e+003,-2.574745e-004
2.640113e+003,-2.776739e-004
2.642042e+003,-2.653557e-004
2.643970e+003,-2.089592e-004
2.645899e+003,-2.166095e-004
2.647827e+003,-2.238952e-004
2.649756e+003,-1.792182e-004
2.651684e+003,-1.801787e-004
2.653613e+003,-1.830932e-004
2.655541e+003,-1.810067e-004
2.657470e+003,-1.664666e-004
2.659398e+003,-1.809735e-004
2.661327e+003,-2.073696e-004
2.663255e+003,-2.542293e-004
2.665184e+003,-2.280680e-004
2.667112e+003,-1.996861e-004
2.669041e+003,-2.620774e-004
2.670969e+003,-2.863162e-004
2.672898e+003,-2.628059e-004
2.674826e+003,-2.850580e-004
2.676755e+003,-3.088982e-004
2.678683e+003,-2.660842e-004
2.680612e+003,-2.027661e-004
2.682540e+003,-2.279024e-004
2.684469e+003,-2.661504e-004
2.686397e+003,-2.106152e-004
2.688326e+003,-1.875644e-004
2.690254e+003,-1.991562e-004
2.692183e+003,-2.434338e-004
2.694111e+003,-2.179010e-004
2.696040e+003,-1.989243e-004
2.697968e+003,-2.181991e-004
2.699897e+003,-2.458181e-004
2.701825e+003,-2.218089e-004
2.703754e+003,-1.754756e-004
2.705682e+003,-1.896510e-004
2.707611e+003,-2.161127e-004
2.709539e+003,-1.963742e-004
2.711468e+003,-1.486470e-004
2.713396e+003,-1.384782e-004
2.715325e+003,-1.327147e-004
2.717253e+003,-1.296010e-004
2.719182e+003,-1.110842e-004
2.721110e+003,-1.070429e-004
2.723039e+003,-1.014446e-004
2.724967e+003,-5.128847e-005
2.726896e+003,-2.726846e-005
2.728824e+003,-5.778192e-005
2.730753e+003,-7.772550e-005
2.732681e+003,-1.123099e-004
2.734610e+003,-6.381147e-005
2.736538e+003,-4.390038e-005
2.738467e+003,-5.655612e-005
2.740395e+003,-8.696815e-005
2.742324e+003,-2.773231e-005
2.744252e+003,2.909266e-005
2.746181e+003,1.113318e-005
2.748109e+003,-2.180165e-005
2.750038e+003,-7.722858e-005
2.751966e+003,-1.113161e-004
2.753895e+003,-8.259530e-005
2.755823e+003,-1.868720e-005
2.757752e+003,-1.888599e-005
2.759680e+003,-3.976067e-006
2.761609e+003,3.976267e-005
2.763537e+003,8.449262e-006
2.765466e+003,-6.593624e-006
2.767394e+003,4.721857e-005
2.769323e+003,7.048182e-005
2.771251e+003,7.429287e-005
2.773180e+003,6.915625e-005
2.775108e+003,7.846850e-005
2.777037e+003,8.675358e-005
2.778965e+003,9.921465e-005
2.780894e+003,4.426933e-005
2.782822e+003,-1.756069e-005
2.784750e+003,-3.777264e-006
2.786679e+003,-2.485046e-006
2.788608e+003,-2.100647e-005
2.790536e+003,-3.985842e-005
2.792465e+003,-1.802454e-005
2.794393e+003,4.847781e-005
2.796322e+003,2.114003e-005
2.798250e+003,5.079745e-005
2.800178e+003,4.771564e-005
2.802107e+003,4.503149e-005
2.804036e+003,6.034128e-005
2.805964e+003,9.603307e-005
2.807893e+003,1.571500e-004
2.809821e+003,1.215858e-004
2.811750e+003,9.265266e-005
2.813678e+003,7.217193e-005
2.815606e+003,4.778191e-005
2.817535e+003,2.945716e-005
2.819464e+003,-3.505440e-005
2.821392e+003,-2.435284e-005
2.823321e+003,1.885368e-005
2.825249e+003,3.714485e-005
2.827177e+003,6.160055e-005
2.829106e+003,9.672903e-005
2.831034e+003,1.373292e-004
2.832963e+003,6.471560e-005
2.834892e+003,1.676615e-005
2.836820e+003,1.772707e-005
2.838749e+003,4.552856e-005
2.840677e+003,7.200624e-005
2.842605e+003,2.584532e-005
2.844534e+003,-1.129856e-005
2.846462e+003,2.501692e-005
2.848391e+003,7.893245e-005
2.850320e+003,4.204913e-005
2.852248e+003,4.711916e-005
2.854177e+003,7.720917e-005
2.856105e+003,2.932462e-005
2.858033e+003,-1.305462e-005
2.859962e+003,-3.452430e-005
2.861890e+003,-5.022830e-005
2.863819e+003,1.385025e-005
2.865748e+003,4.274501e-005
2.867676e+003,5.321653e-005
2.869604e+003,3.555428e-005
2.871533e+003,5.944653e-005
2.873461e+003,4.334149e-005
2.875390e+003,4.887546e-005
2.877319e+003,3.426195e-005
2.879247e+003,2.286309e-005
2.881176e+003,2.673999e-005
2.883104e+003,4.274312e-006
2.885032e+003,-3.893075e-005
2.886961e+003,-7.020535e-005
2.888889e+003,-3.230449e-005
2.890818e+003,3.084889e-005
2.892747e+003,9.509574e-006
2.894675e+003,-3.909799e-006
2.896604e+003,1.252485e-005
2.898532e+003,-9.244299e-006
2.900460e+003,7.210566e-005
2.902389e+003,6.683650e-005
2.904317e+003,2.157080e-005
2.906246e+003,-2.431970e-005
2.908175e+003,-5.595979e-005
2.910103e+003,2.408911e-005
2.912031e+003,8.221333e-005
2.913960e+003,3.214014e-006
2.915888e+003,-6.424215e-005
2.917817e+003,-2.481669e-005
2.919745e+003,1.166334e-005
2.921674e+003,9.277630e-006
2.923603e+003,3.562055e-005
2.925531e+003,4.635700e-005
2.927459e+003,-8.250297e-006
2.929388e+003,2.882671e-006
2.931316e+003,7.104519e-005
2.933245e+003,5.222239e-005
2.935173e+003,2.909362e-005
2.937102e+003,1.028642e-004
2.939031e+003,1.703027e-004
2.940959e+003,1.394540e-004
2.942887e+003,6.111237e-005
2.944816e+003,3.233173e-005
2.946744e+003,6.169546e-005
2.948673e+003,7.378277e-005
2.950601e+003,4.593420e-005
2.952530e+003,5.786576e-005
2.954458e+003,1.058816e-004
2.956387e+003,1.165469e-004
2.958315e+003,1.182753e-004
2.960244e+003,7.607711e-005
2.962172e+003,6.340494e-005
2.964101e+003,7.553352e-005
2.966029e+003,1.183898e-004
2.967958e+003,1.201678e-004
2.969886e+003,1.071791e-004
2.971815e+003,1.097329e-004
2.973743e+003,1.017781e-004
2.975672e+003,1.114352e-004
2.977600e+003,1.659139e-004
2.979529e+003,1.509603e-004
2.981457e+003,1.126478e-004
2.983386e+003,1.437114e-004
2.985314e+003,1.235118e-004
2.987243e+003,9.602174e-005
2.989171e+003,1.236497e-004
2.991100e+003,7.520337e-005
2.993028e+003,4.555364e-005
2.994957e+003,6.385941e-005
2.996885e+003,6.758596e-005
2.998814e+003,9.880705e-005
3.000742e+003,1.954094e-004
3.002671e+003,1.616277e-004
3.004599e+003,6.919794e-005
3.006528e+003,9.931654e-005
3.008456e+003,8.019886e-005
3.010385e+003,6.623199e-005
3.012313e+003,6.715906e-005
3.014242e+003,6.627949e-005
3.016170e+003,1.371034e-004
3.018099e+003,1.483841e-004
3.020027e+003,1.238633e-004
3.021956e+003,1.214104e-004
3.023884e+003,1.314454e-004
3.025813e+003,1.112212e-004
3.027741e+003,7.037138e-005
3.029670e+003,6.707262e-005
3.031598e+003,3.156458e-005
3.033527e+003,1.038156e-005
3.035455e+003,4.102524e-005
3.037384e+003,1.069634e-004
3.039312e+003,8.045189e-005
3.041241e+003,-9.827901e-006
3.043169e+003,-3.744059e-006
3.045098e+003,8.911495e-005
3.047026e+003,7.617357e-005
3.048955e+003,6.329313e-005
3.050883e+003,7.293832e-005
3.052812e+003,2.795997e-005
3.054740e+003,5.019132e-005
3.056669e+003,9.045248e-005
3.058597e+003,3.608892e-005
3.060526e+003,9.692409e-005
3.062454e+003,1.450160e-004
3.064383e+003,8.128658e-005
3.066311e+003,5.501075e-005
3.068240e+003,-1.528620e-005
3.070168e+003,2.176291e-006
3.072097e+003,8.752897e-005
3.074025e+003,1.499588e-004
3.075954e+003,1.168655e-004
3.077882e+003,5.045248e-005
3.079811e+003,7.324058e-005
3.081739e+003,7.170413e-005
3.083668e+003,2.457890e-005
3.085596e+003,-3.993239e-005
3.087525e+003,1.161582e-005
3.089453e+003,1.265665e-004
3.091382e+003,1.097845e-004
3.093310e+003,7.341296e-005
3.095239e+003,1.029466e-004
3.097167e+003,5.610842e-005
3.099096e+003,5.527659e-005
3.101024e+003,8.681938e-005
3.102953e+003,7.255180e-005
3.104881e+003,4.265900e-005
3.106810e+003,3.207340e-005
3.108738e+003,5.045004e-005
3.110667e+003,3.304645e-006
3.112595e+003,-2.508218e-006
3.114524e+003,1.899439e-005
3.116452e+003,4.920999e-005
3.118381e+003,4.577849e-005
3.120309e+003,-3.882888e-005
3.122238e+003,-8.013377e-005
3.124166e+003,-3.210367e-005
3.126095e+003,4.223471e-005
3.128023e+003,1.928143e-005
3.129952e+003,1.809229e-005
3.131880e+003,1.829719e-005
3.133809e+003,-3.808413e-006
3.135737e+003,5.511149e-005
3.137666e+003,6.002096e-005
3.139594e+003,7.443580e-005
3.141523e+003,8.597929e-005
3.143451e+003,3.770238e-005
3.145380e+003,5.658324e-005
3.147308e+003,1.765312e-005
3.149237e+003,-6.214992e-006
3.151165e+003,5.323630e-005
3.153094e+003,5.536133e-005
3.155022e+003,-4.776201e-005
3.156951e+003,-4.481272e-005
3.158879e+003,2.386090e-005
3.160808e+003,2.703789e-005
3.162736e+003,-6.079987e-005
3.164665e+003,-5.481226e-005
3.166593e+003,4.669551e-005
3.168522e+003,7.257353e-005
3.170450e+003,8.811981e-006
3.172379e+003,-1.178638e-005
3.174307e+003,8.156749e-006
3.176236e+003,7.381669e-006
3.178164e+003,-3.790728e-005
3.180093e+003,-5.842812e-005
3.182021e+003,-5.306376e-005
3.183950e+003,-2.614924e-006
3.185878e+003,2.693406e-005
3.187807e+003,-8.016643e-006
3.189735e+003,6.736218e-006
3.191664e+003,9.111122e-005
3.193592e+003,1.089903e-004
3.195521e+003,9.567669e-005
3.197449e+003,4.094853e-005
3.199378e+003,-5.030258e-005
3.201306e+003,-1.337989e-004
3.203235e+003,-1.518318e-004
3.205163e+003,-9.459512e-005
3.207092e+003,-7.057141e-005
3.209020e+003,-1.042705e-004
3.210948e+003,-1.226429e-004
3.212877e+003,-1.332531e-004
3.214806e+003,-1.045992e-004
3.216734e+003,3.383991e-006
3.218663e+003,-1.342752e-005
3.220591e+003,-1.372076e-004
3.222520e+003,-6.777464e-005
3.224448e+003,6.377092e-006
3.226376e+003,-2.646249e-005
3.228305e+003,-2.554025e-005
3.230234e+003,-4.815503e-005
3.232162e+003,-5.421203e-005
3.234091e+003,5.554353e-006
3.236019e+003,7.202248e-005
3.237948e+003,4.331694e-005
3.239876e+003,-5.032333e-005
3.241804e+003,-6.854637e-005
3.243733e+003,-3.861239e-005
3.245662e+003,-2.552705e-005
3.247590e+003,-1.084744e-006
3.249519e+003,-2.450137e-005
3.251447e+003,-1.303504e-004
3.253375e+003,-1.640665e-004
3.255304e+003,-5.867376e-005
3.257232e+003,-2.153750e-005
3.259161e+003,-2.939084e-005
3.261090e+003,-8.230021e-005
3.263018e+003,-2.329660e-005
3.264947e+003,-3.835679e-005
3.266875e+003,-3.528358e-005
3.268803e+003,-1.043904e-005
3.270732e+003,-7.790442e-005
3.272660e+003,-6.756630e-005
3.274589e+003,-1.069179e-004
3.276518e+003,-1.193905e-004
3.278446e+003,-1.655010e-004
3.280375e+003,-1.583951e-004
3.282303e+003,-8.880518e-005
3.284231e+003,-6.430168e-005
3.286160e+003,-9.661930e-005
3.288088e+003,-1.549033e-004
3.290017e+003,-1.502604e-004
3.291946e+003,-1.139484e-004
3.293874e+003,-8.524456e-005
3.295802e+003,1.258951e-005
3.297731e+003,-8.088975e-006
3.299659e+003,-1.621290e-004
3.301588e+003,-2.210660e-004
3.303516e+003,-1.498760e-004
3.305445e+003,-1.109057e-004
3.307374e+003,-1.028725e-004
3.309302e+003,-6.704347e-005
3.311230e+003,-5.868956e-005
3.313159e+003,-8.862875e-005
3.315087e+003,-4.754110e-005
3.317016e+003,-1.289157e-004
3.318944e+003,-1.834618e-004
3.320873e+003,-1.034397e-004
3.322802e+003,-1.043104e-004
3.324730e+003,-1.578618e-004
3.326658e+003,-1.979742e-004
3.328587e+003,-1.809718e-004
3.330515e+003,-1.267660e-004
3.332444e+003,-1.510349e-004
3.334372e+003,-1.578421e-004
3.336301e+003,-1.256687e-004
3.338229e+003,6.387034e-006
3.340158e+003,-1.012229e-005
3.342086e+003,-1.253976e-004
3.344015e+003,-2.274308e-004
3.345943e+003,-1.999461e-004
3.347872e+003,-9.626928e-005
3.349800e+003,-5.075402e-005
3.351729e+003,-1.089725e-004
3.353657e+003,-1.489849e-004
3.355586e+003,-7.794085e-005
3.357514e+003,-6.946873e-005
3.359443e+003,-8.055825e-005
3.361371e+003,-5.314081e-005
3.363300e+003,-3.740021e-005
3.365229e+003,-1.982365e-005
3.367157e+003,-5.524385e-005
3.369085e+003,-8.877609e-005
3.371014e+003,-8.630462e-005
3.372942e+003,-1.186610e-004
3.374871e+003,-8.633354e-005
3.376799e+003,-5.785125e-005
3.378728e+003,-3.834449e-005
3.380656e+003,-6.302179e-005
3.382585e+003,-7.832250e-005
3.384513e+003,-7.951196e-005
3.386442e+003,-1.069869e-004
3.388370e+003,-5.062641e-005
3.390299e+003,-3.652051e-005
3.392227e+003,2.255838e-005
3.394156e+003,-4.205778e-005
3.396084e+003,-1.572152e-005
3.398013e+003,3.228660e-005
3.399941e+003,-2.023143e-006
3.401870e+003,-1.668594e-005
3.403798e+003,1.642655e-006
3.405727e+003,-5.956755e-005
3.407655e+003,-4.192514e-005
3.409584e+003,-1.852153e-005
3.411512e+003,-2.650899e-005
3.413441e+003,-1.930874e-005
3.415369e+003,5.097034e-005
3.417298e+003,-2.174895e-005
3.419226e+003,-1.558406e-004
3.421155e+003,-1.201281e-004
3.423083e+003,-3.214402e-005
3.425012e+003,-3.002097e-005
3.426940e+003,-1.268116e-004
3.428869e+003,-7.908309e-005
3.430797e+003,-6.470232e-005
3.432726e+003,-3.526995e-005
3.434654e+003,-4.342010e-005
3.436583e+003,-8.150461e-005
3.438511e+003,-1.171893e-004
3.440440e+003,-1.552247e-004
3.442368e+003,-1.124964e-004
3.444297e+003,-7.853259e-005
3.446225e+003,-9.003406e-005
3.448154e+003,-3.991162e-005
3.450082e+003,1.989525e-005
3.452011e+003,-3.863683e-005
3.453939e+003,-1.099199e-004
3.455868e+003,-1.549676e-004
3.457796e+003,-1.152595e-004
3.459725e+003,-1.772679e-005
3.461653e+003,1.182223e-005
3.463582e+003,-1.109079e-005
3.465510e+003,-1.126765e-005
3.467439e+003,-6.759704e-005
3.469367e+003,-1.387465e-004
3.471296e+003,-1.532124e-004
3.473224e+003,-1.122901e-004
3.475153e+003,5.968447e-006
3.477081e+003,-4.011239e-005
3.479010e+003,-1.006521e-004
3.480938e+003,-9.168901e-005
3.482867e+003,-5.613329e-005
3.484795e+003,-6.495989e-005
3.486724e+003,-2.655191e-005
3.488652e+003,2.573751e-005
3.490581e+003,-7.888876e-005
3.492509e+003,-1.250399e-004
3.494438e+003,-1.156057e-004
3.496366e+003,-1.168529e-004
3.498295e+003,-4.416312e-005
3.500223e+003,-1.167851e-006
3.502152e+003,3.776584e-005
3.504080e+003,3.482816e-007
3.506009e+003,-2.389810e-005
3.507937e+003,-1.674073e-006
3.509866e+003,-3.482524e-005
3.511794e+003,-3.249665e-005
3.513723e+003,-2.920421e-005
3.515651e+003,-2.256172e-005
3.517580e+003,-6.085953e-005
3.519508e+003,-1.501981e-004
3.521437e+003,-7.582210e-005
3.523365e+003,-2.803020e-005
3.525294e+003,-1.050028e-004
3.527222e+003,-1.235299e-004
3.529151e+003,-2.148784e-005
3.531079e+003,6.034699e-005
3.533008e+003,1.294922e-005
3.534936e+003,-1.010810e-004
3.536865e+003,-1.632575e-005
3.538793e+003,-2.492879e-005
3.540722e+003,-1.085123e-004
3.542650e+003,-8.331888e-005
3.544579e+003,-9.376512e-005
3.546507e+003,-7.901054e-005
3.548436e+003,3.844898e-005
3.550364e+003,3.234838e-005
3.552293e+003,-9.340418e-005
3.554221e+003,-6.016490e-005
3.556150e+003,-1.025064e-005
3.558078e+003,-3.192303e-005
3.560007e+003,-6.037854e-005
3.561935e+003,2.483209e-006
3.563864e+003,4.714650e-005
3.565792e+003,4.591368e-006
3.567721e+003,-6.590527e-005
3.569649e+003,-1.001514e-004
3.571578e+003,-1.417836e-004
3.573506e+003,-1.498920e-004
3.575435e+003,-1.510003e-004
3.577363e+003,-1.560591e-004
3.579292e+003,-1.056053e-004
3.581220e+003,-7.438051e-005
3.583149e+003,-6.915996e-005
3.585077e+003,-4.140833e-005
3.587006e+003,-2.095538e-005
3.588934e+003,-9.219858e-005
3.590863e+003,-1.067208e-004
3.592791e+003,-1.397058e-004
3.594720e+003,-1.293026e-004
3.596648e+003,-3.393662e-005
3.598577e+003,5.169709e-006
3.600505e+003,2.877691e-006
3.602434e+003,-2.911366e-005
3.604362e+003,-3.205327e-005
3.606291e+003,-8.999117e-005
3.608219e+003,-9.324006e-005
3.610148e+003,-9.794882e-005
3.612076e+003,-1.144931e-004
3.614005e+003,-9.745216e-005
3.615933e+003,-7.790472e-006
3.617862e+003,3.042334e-006
3.619790e+003,-5.537203e-005
3.621719e+003,-8.156507e-005
3.623647e+003,-2.023305e-006
3.625576e+003,-4.316009e-005
3.627504e+003,-1.878561e-004
3.629433e+003,-1.311747e-004
3.631361e+003,-6.106688e-005
3.633290e+003,-7.844506e-005
3.635218e+003,-6.166426e-005
3.637146e+003,-1.558281e-004
3.639075e+003,-2.671979e-004
3.641004e+003,-2.222756e-004
3.642932e+003,-1.204778e-004
3.644861e+003,-1.026213e-004
3.646789e+003,-1.426986e-004
3.648718e+003,-2.065146e-004
3.650646e+003,-2.066630e-004
3.652574e+003,-1.820151e-004
3.654503e+003,-1.868561e-004
3.656432e+003,-2.644439e-004
3.658360e+003,-3.542786e-004
3.660289e+003,-3.388661e-004
3.662217e+003,-2.906359e-004
3.664146e+003,-2.537764e-004
3.666074e+003,-2.385826e-004
3.668002e+003,-2.482978e-004
3.669931e+003,-8.662673e-005
3.671860e+003,-3.857045e-005
3.673788e+003,-1.639552e-004
3.675717e+003,-1.992636e-004
3.677645e+003,-2.329904e-004
3.679573e+003,-1.764759e-004
3.681502e+003,-1.503361e-004
3.683430e+003,-1.747229e-004
3.685359e+003,-1.461764e-004
3.687288e+003,-1.906106e-004
3.689216e+003,-3.000427e-004
3.691145e+003,-3.269148e-004
3.693073e+003,-2.173900e-004
3.695001e+003,-2.918082e-004
3.696930e+003,-2.987332e-004
3.698858e+003,-2.046568e-004
3.700787e+003,-1.738648e-004
3.702716e+003,-2.445205e-004
3.704644e+003,-3.542404e-004
3.706573e+003,-3.706629e-004
3.708501e+003,-4.418093e-004
3.710429e+003,-3.772546e-004
3.712358e+003,-2.555233e-004
3.714286e+003,-2.595804e-004
3.716215e+003,-3.394636e-004
3.718144e+003,-3.316560e-004
3.720072e+003,-4.395930e-004
3.722000e+003,-4.712689e-004
3.723929e+003,-3.967047e-004
3.725857e+003,-3.561656e-004
3.727786e+003,-3.892284e-004
3.729714e+003,-3.988824e-004
3.731643e+003,-4.730240e-004
3.733572e+003,-5.247187e-004
3.735500e+003,-4.434542e-004
3.737428e+003,-4.810611e-004
3.739357e+003,-5.729782e-004
3.741285e+003,-4.908124e-004
3.743214e+003,-4.201181e-004
3.745142e+003,-4.216311e-004
3.747071e+003,-3.939405e-004
3.749000e+003,-4.073925e-004
3.750928e+003,-3.759464e-004
3.752856e+003,-4.288892e-004
3.754785e+003,-4.610339e-004
3.756713e+003,-4.858417e-004
3.758642e+003,-4.352452e-004
3.760570e+003,-3.148264e-004
3.762499e+003,-3.813753e-004
3.764427e+003,-4.543927e-004
3.766356e+003,-4.286710e-004
3.768284e+003,-3.544654e-004
3.770213e+003,-4.246742e-004
3.772141e+003,-4.810410e-004
3.774070e+003,-4.583625e-004
3.775998e+003,-4.274290e-004
3.777927e+003,-4.200409e-004
3.779855e+003,-3.703101e-004
3.781784e+003,-4.145513e-004
3.783712e+003,-3.952535e-004
3.785641e+003,-3.473659e-004
3.787569e+003,-3.830180e-004
3.789498e+003,-5.683421e-004
3.791426e+003,-6.049190e-004
3.793355e+003,-5.587477e-004
3.795283e+003,-5.748089e-004
3.797212e+003,-5.636295e-004
3.799140e+003,-5.050385e-004
3.801069e+003,-4.083073e-004
3.802997e+003,-3.815364e-004
3.804926e+003,-4.834208e-004
3.806854e+003,-5.058221e-004
3.808783e+003,-4.706213e-004
3.810711e+003,-5.093524e-004
3.812640e+003,-5.510562e-004
3.814568e+003,-5.155322e-004
3.816497e+003,-5.284772e-004
3.818425e+003,-4.413794e-004
3.820354e+003,-3.620253e-004
3.822282e+003,-3.700400e-004
3.824211e+003,-5.157875e-004
3.826139e+003,-4.935660e-004
3.828068e+003,-5.064855e-004
3.829996e+003,-5.164690e-004
3.831925e+003,-4.588764e-004
3.833853e+003,-4.707440e-004
3.835782e+003,-5.147881e-004
3.837710e+003,-5.444143e-004
3.839639e+003,-5.237169e-004
3.841567e+003,-4.406762e-004
3.843496e+003,-3.857748e-004
3.845424e+003,-4.369495e-004
3.847353e+003,-4.745412e-004
3.849281e+003,-4.324671e-004
3.851210e+003,-3.089085e-004
3.853138e+003,-3.399982e-004
3.855067e+003,-3.821015e-004
3.856995e+003,-4.029866e-004
3.858924e+003,-4.078412e-004
3.860852e+003,-3.480057e-004
3.862781e+003,-4.269592e-004
3.864709e+003,-5.663545e-004
3.866638e+003,-4.948088e-004
3.868566e+003,-4.967561e-004
3.870495e+003,-5.276094e-004
3.872423e+003,-5.537927e-004
3.874352e+003,-4.386732e-004
3.876280e+003,-3.830153e-004
3.878209e+003,-3.450410e-004
3.880137e+003,-4.556025e-004
3.882066e+003,-4.571650e-004
3.883994e+003,-4.922792e-004
3.885923e+003,-5.180264e-004
3.887851e+003,-4.612854e-004
3.889780e+003,-4.234764e-004
3.891708e+003,-3.911376e-004
3.893637e+003,-3.493481e-004
3.895565e+003,-3.320487e-004
3.897494e+003,-3.511451e-004
3.899422e+003,-3.611096e-004
3.901351e+003,-4.309252e-004
3.903279e+003,-5.115049e-004
3.905208e+003,-4.665563e-004
3.907136e+003,-4.461619e-004
3.909065e+003,-4.419890e-004
3.910993e+003,-4.446433e-004
3.912922e+003,-3.554630e-004
3.914850e+003,-4.087724e-004
3.916779e+003,-4.716771e-004
3.918707e+003,-4.351690e-004
3.920636e+003,-4.786002e-004
3.922564e+003,-4.641036e-004
3.924493e+003,-3.753924e-004
3.926421e+003,-4.080176e-004
3.928350e+003,-4.782608e-004
3.930278e+003,-4.314025e-004
3.932207e+003,-4.792400e-004
3.934135e+003,-5.217460e-004
3.936064e+003,-4.984877e-004
3.937992e+003,-4.943846e-004
3.939921e+003,-5.084868e-004
3.941849e+003,-5.230136e-004
3.943778e+003,-4.183888e-004
3.945706e+003,-3.859720e-004
3.947635e+003,-3.980895e-004
3.949563e+003,-4.941354e-004
3.951492e+003,-5.263095e-004
3.953420e+003,-4.408463e-004
3.955349e+003,-3.882449e-004
3.957277e+003,-4.598327e-004
3.959206e+003,-5.727301e-004
3.961134e+003,-5.561530e-004
3.963063e+003,-4.922576e-004
3.964991e+003,-4.314523e-004
3.966920e+003,-4.914412e-004
3.968848e+003,-5.177071e-004
3.970777e+003,-4.498602e-004
3.972705e+003,-4.603857e-004
3.974634e+003,-4.798239e-004
3.976562e+003,-4.020554e-004
3.978491e+003,-3.499329e-004
3.980419e+003,-4.644197e-004
3.982348e+003,-5.139090e-004
3.984276e+003,-4.832098e-004
3.986205e+003,-4.429056e-004
3.988133e+003,-4.040277e-004
3.990062e+003,-4.689108e-004
3.991990e+003,-4.403065e-004
3.993919e+003,-4.642087e-004
3.995847e+003,-4.421748e-004
3.997776e+003,-4.059188e-004
3.999704e+003,-4.062983e-004
4.001633e+003,0.000000e+000
