3.991989e+002,8.745958e-001
4.011274e+002,9.377669e-001
4.030559e+002,1.013698e+000
4.049844e+002,1.082232e+000
4.069129e+002,1.148622e+000
4.088414e+002,1.227118e+000
4.107699e+002,1.307964e+000
4.126984e+002,1.386176e+000
4.146269e+002,1.475713e+000
4.165554e+002,1.552995e+000
4.184839e+002,1.626513e+000
4.204124e+002,1.712160e+000
4.223409e+002,1.810095e+000
4.242694e+002,1.899136e+000
4.261979e+002,1.992839e+000
4.281264e+002,2.077408e+000
4.300549e+002,2.173651e+000
4.319834e+002,2.255836e+000
4.339119e+002,2.335453e+000
4.358404e+002,2.412177e+000
4.377689e+002,2.499869e+000
4.396974e+002,2.572308e+000
4.416259e+002,2.648547e+000
4.435544e+002,2.712653e+000
4.454829e+002,2.781467e+000
4.474114e+002,2.846074e+000
4.493399e+002,2.912666e+000
4.512684e+002,2.969745e+000
4.531969e+002,3.030884e+000
4.551254e+002,3.089182e+000
4.570539e+002,3.141257e+000
4.589824e+002,3.203141e+000
4.609109e+002,3.270713e+000
4.628394e+002,3.328802e+000
4.647679e+002,3.383036e+000
4.666964e+002,3.425404e+000
4.686249e+002,3.491888e+000
4.705533e+002,3.551981e+000
4.724819e+002,3.601981e+000
4.744103e+002,3.667215e+000
4.763389e+002,3.742866e+000
4.782673e+002,3.804735e+000
4.801959e+002,3.883556e+000
4.821243e+002,3.963682e+000
4.840529e+002,4.038504e+000
4.859813e+002,4.112010e+000
4.879099e+002,4.186097e+000
4.898383e+002,4.242058e+000
4.917668e+002,4.302025e+000
4.936953e+002,4.347198e+000
4.956238e+002,4.388882e+000
4.975523e+002,4.429868e+000
4.994808e+002,4.478277e+000
5.014093e+002,4.518947e+000
5.033378e+002,4.581255e+000
5.052663e+002,4.635617e+000
5.071948e+002,4.687376e+000
5.091233e+002,4.745363e+000
5.110518e+002,4.796690e+000
5.129803e+002,4.841644e+000
5.149088e+002,4.894658e+000
5.168373e+002,4.929547e+000
5.187658e+002,4.978539e+000
5.206943e+002,5.039107e+000
5.226228e+002,5.096871e+000
5.245513e+002,5.147057e+000
5.264798e+002,5.212590e+000
5.284083e+002,5.275426e+000
5.303368e+002,5.342436e+000
5.322653e+002,5.406739e+000
5.341938e+002,5.458598e+000
5.361223e+002,5.505181e+000
5.380508e+002,5.565689e+000
5.399792e+002,5.616237e+000
5.419078e+002,5.660933e+000
5.438363e+002,5.701264e+000
5.457648e+002,5.745179e+000
5.476932e+002,5.794305e+000
5.496218e+002,5.839924e+000
5.515503e+002,5.870731e+000
5.534788e+002,5.919883e+000
5.554072e+002,5.964983e+000
5.573358e+002,6.014313e+000
5.592643e+002,6.064402e+000
5.611927e+002,6.122372e+000
5.631212e+002,6.173460e+000
5.650497e+002,6.233680e+000
5.669783e+002,6.283835e+000
5.689067e+002,6.334025e+000
5.708352e+002,6.377818e+000
5.727637e+002,6.416442e+000
5.746923e+002,6.452768e+000
5.766207e+002,6.497544e+000
5.785492e+002,6.529688e+000
5.804777e+002,6.562020e+000
5.824063e+002,6.596127e+000
5.843347e+002,6.633011e+000
5.862632e+002,6.666440e+000
5.881917e+002,6.707628e+000
5.901202e+002,6.762152e+000
5.920487e+002,6.828049e+000
5.939772e+002,6.893010e+000
5.959057e+002,6.964322e+000
5.978342e+002,7.036180e+000
5.997627e+002,7.109560e+000
6.016912e+002,7.178570e+000
6.036197e+002,7.255228e+000
6.055482e+002,7.324103e+000
6.074767e+002,7.392686e+000
6.094052e+002,7.458130e+000
6.113337e+002,7.540902e+000
6.132622e+002,7.629470e+000
6.151907e+002,7.721477e+000
6.171192e+002,7.787130e+000
6.190477e+002,7.857582e+000
6.209762e+002,7.928300e+000
6.229047e+002,8.009599e+000
6.248332e+002,8.088663e+000
6.267617e+002,8.174558e+000
6.286902e+002,8.251200e+000
6.306187e+002,8.333408e+000
6.325472e+002,8.409523e+000
6.344756e+002,8.488251e+000
6.364042e+002,8.551830e+000
6.383326e+002,8.622564e+000
6.402612e+002,8.679102e+000
6.421896e+002,8.733083e+000
6.441182e+002,8.774282e+000
6.460466e+002,8.819728e+000
6.479752e+002,8.857542e+000
6.499036e+002,8.918068e+000
6.518322e+002,8.961641e+000
6.537606e+002,9.012233e+000
6.556891e+002,9.045118e+000
6.576177e+002,9.085855e+000
6.595461e+002,9.107308e+000
6.614746e+002,9.148858e+000
6.634031e+002,9.178464e+000
6.653317e+002,9.125116e+000
6.672601e+002,8.800941e+000
6.691886e+002,8.947817e+000
6.711171e+002,9.271371e+000
6.730457e+002,9.330496e+000
6.749741e+002,9.374033e+000
6.769026e+002,9.411215e+000
6.788311e+002,9.463267e+000
6.807596e+002,9.509704e+000
6.826881e+002,9.567829e+000
6.846166e+002,9.624928e+000
6.865451e+002,9.693873e+000
6.884736e+002,9.756104e+000
6.904021e+002,9.831306e+000
6.923306e+002,9.903872e+000
6.942591e+002,9.982620e+000
6.961876e+002,1.005915e+001
6.981161e+002,1.014060e+001
7.000446e+002,1.021734e+001
7.019731e+002,1.029158e+001
7.039016e+002,1.035697e+001
7.058301e+002,1.042542e+001
7.077585e+002,1.048846e+001
7.096871e+002,1.054749e+001
7.116156e+002,1.059732e+001
7.135441e+002,1.064694e+001
7.154725e+002,1.068839e+001
7.174011e+002,1.072470e+001
7.193296e+002,1.074720e+001
7.212581e+002,1.077890e+001
7.231865e+002,1.081284e+001
7.251151e+002,1.083729e+001
7.270436e+002,1.085440e+001
7.289720e+002,1.087168e+001
7.309005e+002,1.088908e+001
7.328290e+002,1.090414e+001
7.347576e+002,1.091757e+001
7.366860e+002,1.092962e+001
7.386145e+002,1.094239e+001
7.405430e+002,1.095548e+001
7.424716e+002,1.096672e+001
7.444000e+002,1.098165e+001
7.463285e+002,1.099942e+001
7.482570e+002,1.101545e+001
7.501855e+002,1.103171e+001
7.521140e+002,1.105236e+001
7.540425e+002,1.107353e+001
7.559710e+002,1.109773e+001
7.578995e+002,1.112414e+001
7.598280e+002,1.115255e+001
7.617565e+002,1.118766e+001
7.636850e+002,1.122038e+001
7.656135e+002,1.125047e+001
7.675420e+002,1.128679e+001
7.694705e+002,1.132111e+001
7.713990e+002,1.135154e+001
7.733275e+002,1.138661e+001
7.752560e+002,1.141761e+001
7.771844e+002,1.144374e+001
7.791130e+002,1.147246e+001
7.810415e+002,1.149478e+001
7.829700e+002,1.151417e+001
7.848984e+002,1.152831e+001
7.868270e+002,1.153106e+001
7.887555e+002,1.152597e+001
7.906840e+002,1.151862e+001
7.926124e+002,1.150272e+001
7.945410e+002,1.148429e+001
7.964695e+002,1.147103e+001
7.983979e+002,1.145906e+001
8.003264e+002,1.144871e+001
8.022549e+002,1.144654e+001
8.041835e+002,1.144627e+001
8.061119e+002,1.144638e+001
8.080404e+002,1.145434e+001
8.099689e+002,1.146257e+001
8.118975e+002,1.147049e+001
8.138259e+002,1.147846e+001
8.157545e+002,1.147965e+001
8.176830e+002,1.148002e+001
8.196115e+002,1.148085e+001
8.215399e+002,1.147796e+001
8.234684e+002,1.148819e+001
8.253970e+002,1.150958e+001
8.273254e+002,1.153103e+001
8.292539e+002,1.155282e+001
8.311824e+002,1.157559e+001
8.331110e+002,1.159284e+001
8.350394e+002,1.161295e+001
8.369679e+002,1.163244e+001
8.388964e+002,1.164824e+001
8.408250e+002,1.167055e+001
8.427534e+002,1.169570e+001
8.446819e+002,1.171775e+001
8.466104e+002,1.174616e+001
8.485389e+002,1.177654e+001
8.504674e+002,1.180381e+001
8.523959e+002,1.183173e+001
8.543244e+002,1.185918e+001
8.562529e+002,1.188755e+001
8.581814e+002,1.191854e+001
8.601099e+002,1.194662e+001
8.620384e+002,1.197371e+001
8.639669e+002,1.200288e+001
8.658954e+002,1.203068e+001
8.678239e+002,1.205903e+001
8.697524e+002,1.209119e+001
8.716809e+002,1.212080e+001
8.736094e+002,1.215351e+001
8.755378e+002,1.219112e+001
8.774664e+002,1.222716e+001
8.793949e+002,1.226366e+001
8.813234e+002,1.230173e+001
8.832518e+002,1.233731e+001
8.851804e+002,1.237646e+001
8.871089e+002,1.241563e+001
8.890374e+002,1.245128e+001
8.909658e+002,1.248786e+001
8.928943e+002,1.252730e+001
8.948229e+002,1.256649e+001
8.967513e+002,1.260869e+001
8.986798e+002,1.265496e+001
9.006083e+002,1.270135e+001
9.025369e+002,1.275166e+001
9.044653e+002,1.280204e+001
9.063938e+002,1.285153e+001
9.083223e+002,1.290503e+001
9.102509e+002,1.295533e+001
9.121793e+002,1.300534e+001
9.141078e+002,1.305677e+001
9.160364e+002,1.310877e+001
9.179648e+002,1.316886e+001
9.198933e+002,1.323739e+001
9.218218e+002,1.330312e+001
9.237504e+002,1.336765e+001
9.256788e+002,1.343114e+001
9.276073e+002,1.348931e+001
9.295358e+002,1.355086e+001
9.314644e+002,1.361628e+001
9.333928e+002,1.367551e+001
9.353213e+002,1.373405e+001
9.372498e+002,1.379207e+001
9.391783e+002,1.384491e+001
9.411068e+002,1.390179e+001
9.430353e+002,1.395715e+001
9.449637e+002,1.400493e+001
9.468923e+002,1.405490e+001
9.488208e+002,1.410547e+001
9.507493e+002,1.415512e+001
9.526777e+002,1.420992e+001
9.546063e+002,1.426210e+001
9.565348e+002,1.431191e+001
9.584633e+002,1.436540e+001
9.603917e+002,1.441827e+001
9.623203e+002,1.447241e+001
9.642488e+002,1.453703e+001
9.661772e+002,1.460384e+001
9.681057e+002,1.467071e+001
9.700343e+002,1.474124e+001
9.719628e+002,1.480719e+001
9.738912e+002,1.487353e+001
9.758197e+002,1.495014e+001
9.777483e+002,1.502338e+001
9.796768e+002,1.508631e+001
9.816052e+002,1.514719e+001
9.835337e+002,1.520577e+001
9.854623e+002,1.526328e+001
9.873907e+002,1.532480e+001
9.893192e+002,1.538338e+001
9.912477e+002,1.544433e+001
9.931763e+002,1.550554e+001
9.951047e+002,1.556108e+001
9.970332e+002,1.561717e+001
9.989617e+002,1.567163e+001
1.000890e+003,1.571656e+001
1.002819e+003,1.575902e+001
1.004747e+003,1.579518e+001
1.006676e+003,1.582192e+001
1.008604e+003,1.584431e+001
1.010533e+003,1.586222e+001
1.012461e+003,1.587461e+001
1.014390e+003,1.588698e+001
1.016318e+003,1.590001e+001
1.018247e+003,1.591588e+001
1.020175e+003,1.593824e+001
1.022104e+003,1.596083e+001
1.024032e+003,1.598527e+001
1.025961e+003,1.601915e+001
1.027889e+003,1.605136e+001
1.029818e+003,1.608475e+001
1.031746e+003,1.612448e+001
1.033675e+003,1.616546e+001
1.035603e+003,1.620712e+001
1.037532e+003,1.625013e+001
1.039460e+003,1.628069e+001
1.041389e+003,1.630122e+001
1.043317e+003,1.631257e+001
1.045246e+003,1.631846e+001
1.047174e+003,1.632709e+001
1.049103e+003,1.633927e+001
1.051031e+003,1.635012e+001
1.052960e+003,1.636867e+001
1.054888e+003,1.639155e+001
1.056817e+003,1.641302e+001
1.058745e+003,1.643652e+001
1.060674e+003,1.646564e+001
1.062602e+003,1.649317e+001
1.064531e+003,1.652134e+001
1.066459e+003,1.654840e+001
1.068388e+003,1.657195e+001
1.070316e+003,1.659103e+001
1.072245e+003,1.659927e+001
1.074173e+003,1.659946e+001
1.076102e+003,1.662218e+001
1.078030e+003,1.666382e+001
1.079959e+003,1.670891e+001
1.081887e+003,1.677825e+001
1.083816e+003,1.685209e+001
1.085744e+003,1.690106e+001
1.087673e+003,1.693614e+001
1.089601e+003,1.695918e+001
1.091530e+003,1.697456e+001
1.093458e+003,1.699239e+001
1.095387e+003,1.701314e+001
1.097315e+003,1.704176e+001
1.099244e+003,1.708060e+001
1.101172e+003,1.711614e+001
1.103101e+003,1.715543e+001
1.105029e+003,1.720356e+001
1.106958e+003,1.725275e+001
1.108886e+003,1.731083e+001
1.110815e+003,1.737983e+001
1.112743e+003,1.745407e+001
1.114672e+003,1.754037e+001
1.116600e+003,1.763020e+001
1.118529e+003,1.771313e+001
1.120457e+003,1.779473e+001
1.122386e+003,1.787776e+001
1.124314e+003,1.795942e+001
1.126243e+003,1.804472e+001
1.128171e+003,1.812411e+001
1.130100e+003,1.818879e+001
1.132028e+003,1.824401e+001
1.133957e+003,1.829244e+001
1.135885e+003,1.832611e+001
1.137814e+003,1.834586e+001
1.139742e+003,1.834248e+001
1.141671e+003,1.833558e+001
1.143599e+003,1.836967e+001
1.145528e+003,1.842305e+001
1.147456e+003,1.846278e+001
1.149385e+003,1.849895e+001
1.151313e+003,1.855560e+001
1.153242e+003,1.864326e+001
1.155170e+003,1.873124e+001
1.157099e+003,1.880532e+001
1.159027e+003,1.887748e+001
1.160956e+003,1.895535e+001
1.162884e+003,1.903375e+001
1.164813e+003,1.912130e+001
1.166741e+003,1.921916e+001
1.168670e+003,1.931171e+001
1.170598e+003,1.938876e+001
1.172526e+003,1.944980e+001
1.174455e+003,1.948949e+001
1.176384e+003,1.949735e+001
1.178312e+003,1.943749e+001
1.180240e+003,1.937368e+001
1.182169e+003,1.948565e+001
1.184098e+003,1.965164e+001
1.186026e+003,1.971556e+001
1.187954e+003,1.974969e+001
1.189883e+003,1.977192e+001
1.191812e+003,1.979002e+001
1.193740e+003,1.981241e+001
1.195668e+003,1.984397e+001
1.197597e+003,1.987513e+001
1.199526e+003,1.991939e+001
1.201454e+003,1.996300e+001
1.203382e+003,2.000930e+001
1.205311e+003,2.005725e+001
1.207240e+003,2.010602e+001
1.209168e+003,2.014678e+001
1.211096e+003,2.018522e+001
1.213025e+003,2.021709e+001
1.214953e+003,2.024804e+001
1.216882e+003,2.027657e+001
1.218810e+003,2.030736e+001
1.220739e+003,2.033664e+001
1.222667e+003,2.037122e+001
1.224596e+003,2.040091e+001
1.226524e+003,2.043413e+001
1.228453e+003,2.046483e+001
1.230381e+003,2.049688e+001
1.232310e+003,2.052871e+001
1.234238e+003,2.056472e+001
1.236167e+003,2.059273e+001
1.238095e+003,2.062396e+001
1.240024e+003,2.065107e+001
1.241952e+003,2.067536e+001
1.243881e+003,2.069594e+001
1.245809e+003,2.071900e+001
1.247738e+003,2.073910e+001
1.249666e+003,2.076462e+001
1.251595e+003,2.077947e+001
1.253523e+003,2.078223e+001
1.255452e+003,2.077198e+001
1.257380e+003,2.074981e+001
1.259309e+003,2.071359e+001
1.261237e+003,2.069320e+001
1.263166e+003,2.069495e+001
1.265094e+003,2.073426e+001
1.267023e+003,2.081868e+001
1.268951e+003,2.093034e+001
1.270880e+003,2.102385e+001
1.272808e+003,2.109913e+001
1.274737e+003,2.115016e+001
1.276665e+003,2.119389e+001
1.278594e+003,2.123433e+001
1.280522e+003,2.126483e+001
1.282451e+003,2.128521e+001
1.284379e+003,2.131194e+001
1.286308e+003,2.132340e+001
1.288236e+003,2.133117e+001
1.290165e+003,2.134492e+001
1.292093e+003,2.135605e+001
1.294022e+003,2.136126e+001
1.295950e+003,2.136827e+001
1.297879e+003,2.136940e+001
1.299807e+003,2.137580e+001
1.301736e+003,2.137315e+001
1.303664e+003,2.136499e+001
1.305593e+003,2.136942e+001
1.307521e+003,2.140921e+001
1.309450e+003,2.143166e+001
1.311378e+003,2.144216e+001
1.313307e+003,2.145189e+001
1.315235e+003,2.146735e+001
1.317164e+003,2.147468e+001
1.319092e+003,2.148594e+001
1.321021e+003,2.149707e+001
1.322949e+003,2.151093e+001
1.324878e+003,2.151396e+001
1.326806e+003,2.151317e+001
1.328735e+003,2.152043e+001
1.330663e+003,2.150815e+001
1.332592e+003,2.149787e+001
1.334520e+003,2.154562e+001
1.336449e+003,2.154988e+001
1.338377e+003,2.153804e+001
1.340306e+003,2.154211e+001
1.342234e+003,2.156239e+001
1.344163e+003,2.156200e+001
1.346091e+003,2.155507e+001
1.348020e+003,2.154241e+001
1.349948e+003,2.153886e+001
1.351877e+003,2.152738e+001
1.353805e+003,2.152346e+001
1.355734e+003,2.152122e+001
1.357662e+003,2.152699e+001
1.359591e+003,2.149966e+001
1.361519e+003,2.145574e+001
1.363448e+003,2.145554e+001
1.365376e+003,2.150609e+001
1.367305e+003,2.150592e+001
1.369233e+003,2.150493e+001
1.371162e+003,2.149601e+001
1.373090e+003,2.145259e+001
1.375019e+003,2.143112e+001
1.376947e+003,2.145547e+001
1.378876e+003,2.143256e+001
1.380804e+003,2.137873e+001
1.382733e+003,2.125002e+001
1.384661e+003,2.119641e+001
1.386590e+003,2.121376e+001
1.388518e+003,2.131955e+001
1.390447e+003,2.141234e+001
1.392375e+003,2.138581e+001
1.394304e+003,2.129233e+001
1.396232e+003,2.131658e+001
1.398161e+003,2.130486e+001
1.400089e+003,2.131749e+001
1.402018e+003,2.136635e+001
1.403946e+003,2.133608e+001
1.405875e+003,2.133903e+001
1.407803e+003,2.137906e+001
1.409732e+003,2.138327e+001
1.411660e+003,2.139212e+001
1.413589e+003,2.140288e+001
1.415517e+003,2.139099e+001
1.417446e+003,2.126843e+001
1.419374e+003,2.116813e+001
1.421303e+003,2.133774e+001
1.423231e+003,2.140483e+001
1.425160e+003,2.141739e+001
1.427088e+003,2.144029e+001
1.429017e+003,2.139762e+001
1.430945e+003,2.140162e+001
1.432874e+003,2.142133e+001
1.434802e+003,2.130836e+001
1.436731e+003,2.115234e+001
1.438659e+003,2.131449e+001
1.440588e+003,2.138100e+001
1.442516e+003,2.136604e+001
1.444445e+003,2.133011e+001
1.446373e+003,2.127236e+001
1.448302e+003,2.120930e+001
1.450230e+003,2.124137e+001
1.452159e+003,2.120145e+001
1.454087e+003,2.109968e+001
1.456016e+003,2.074699e+001
1.457944e+003,2.077307e+001
1.459873e+003,2.106393e+001
1.461801e+003,2.114600e+001
1.463730e+003,2.104603e+001
1.465658e+003,2.103225e+001
1.467587e+003,2.112708e+001
1.469515e+003,2.109250e+001
1.471444e+003,2.088998e+001
1.473372e+003,2.083430e+001
1.475301e+003,2.096283e+001
1.477229e+003,2.102369e+001
1.479158e+003,2.108080e+001
1.481086e+003,2.105439e+001
1.483015e+003,2.105185e+001
1.484943e+003,2.100539e+001
1.486872e+003,2.091876e+001
1.488800e+003,2.084099e+001
1.490729e+003,2.084312e+001
1.492657e+003,2.093702e+001
1.494586e+003,2.083056e+001
1.496514e+003,2.067814e+001
1.498443e+003,2.075572e+001
1.500371e+003,2.083449e+001
1.502300e+003,2.086105e+001
1.504228e+003,2.059899e+001
1.506157e+003,2.023797e+001
1.508085e+003,2.040882e+001
1.510014e+003,2.066553e+001
1.511942e+003,2.067152e+001
1.513871e+003,2.067485e+001
1.515799e+003,2.057506e+001
1.517728e+003,2.052587e+001
1.519656e+003,2.038338e+001
1.521585e+003,2.022608e+001
1.523513e+003,2.039773e+001
1.525442e+003,2.040352e+001
1.527370e+003,2.042158e+001
1.529299e+003,2.044106e+001
1.531227e+003,2.038340e+001
1.533156e+003,2.022160e+001
1.535084e+003,2.027539e+001
1.537013e+003,2.016009e+001
1.538941e+003,1.973765e+001
1.540870e+003,1.971622e+001
1.542798e+003,1.993288e+001
1.544727e+003,2.002059e+001
1.546655e+003,2.009711e+001
1.548584e+003,2.007618e+001
1.550512e+003,2.001913e+001
1.552441e+003,1.993896e+001
1.554369e+003,1.979850e+001
1.556298e+003,1.965528e+001
1.558226e+003,1.923120e+001
1.560155e+003,1.928859e+001
1.562083e+003,1.970463e+001
1.564012e+003,1.976064e+001
1.565940e+003,1.972176e+001
1.567869e+003,1.961238e+001
1.569797e+003,1.949049e+001
1.571726e+003,1.956178e+001
1.573654e+003,1.947773e+001
1.575583e+003,1.915429e+001
1.577511e+003,1.923335e+001
1.579440e+003,1.940385e+001
1.581368e+003,1.935413e+001
1.583297e+003,1.931141e+001
1.585225e+003,1.924962e+001
1.587154e+003,1.920108e+001
1.589082e+003,1.913251e+001
1.591010e+003,1.907721e+001
1.592939e+003,1.900700e+001
1.594868e+003,1.894540e+001
1.596796e+003,1.888227e+001
1.598724e+003,1.882711e+001
1.600653e+003,1.874966e+001
1.602582e+003,1.868178e+001
1.604510e+003,1.860636e+001
1.606438e+003,1.852723e+001
1.608367e+003,1.842745e+001
1.610296e+003,1.835537e+001
1.612224e+003,1.827942e+001
1.614152e+003,1.812205e+001
1.616081e+003,1.778508e+001
1.618010e+003,1.776908e+001
1.619938e+003,1.785637e+001
1.621866e+003,1.774346e+001
1.623795e+003,1.767502e+001
1.625724e+003,1.769052e+001
1.627652e+003,1.762993e+001
1.629580e+003,1.759176e+001
1.631509e+003,1.755144e+001
1.633438e+003,1.734934e+001
1.635366e+003,1.708453e+001
1.637294e+003,1.716393e+001
1.639223e+003,1.724681e+001
1.641151e+003,1.719070e+001
1.643080e+003,1.710010e+001
1.645008e+003,1.685493e+001
1.646937e+003,1.673393e+001
1.648865e+003,1.681733e+001
1.650794e+003,1.657907e+001
1.652722e+003,1.610578e+001
1.654651e+003,1.633809e+001
1.656579e+003,1.660792e+001
1.658508e+003,1.657969e+001
1.660436e+003,1.647860e+001
1.662365e+003,1.634184e+001
1.664293e+003,1.631735e+001
1.666222e+003,1.627908e+001
1.668150e+003,1.609081e+001
1.670079e+003,1.598655e+001
1.672007e+003,1.599465e+001
1.673936e+003,1.586572e+001
1.675864e+003,1.576021e+001
1.677793e+003,1.581512e+001
1.679721e+003,1.572729e+001
1.681650e+003,1.558366e+001
1.683578e+003,1.521549e+001
1.685507e+003,1.519511e+001
1.687435e+003,1.537865e+001
1.689364e+003,1.533315e+001
1.691292e+003,1.526695e+001
1.693221e+003,1.513161e+001
1.695149e+003,1.479057e+001
1.697078e+003,1.475884e+001
1.699006e+003,1.463633e+001
1.700935e+003,1.450910e+001
1.702863e+003,1.468435e+001
1.704792e+003,1.458603e+001
1.706720e+003,1.453651e+001
1.708649e+003,1.447807e+001
1.710577e+003,1.441640e+001
1.712506e+003,1.428818e+001
1.714434e+003,1.412664e+001
1.716363e+003,1.387632e+001
1.718291e+003,1.380444e+001
1.720220e+003,1.390003e+001
1.722148e+003,1.386231e+001
1.724077e+003,1.376469e+001
1.726005e+003,1.368676e+001
1.727934e+003,1.358003e+001
1.729862e+003,1.346885e+001
1.731791e+003,1.328090e+001
1.733719e+003,1.302926e+001
1.735648e+003,1.308351e+001
1.737576e+003,1.312470e+001
1.739505e+003,1.298877e+001
1.741433e+003,1.295209e+001
1.743362e+003,1.289412e+001
1.745290e+003,1.282723e+001
1.747219e+003,1.272243e+001
1.749147e+003,1.260293e+001
1.751076e+003,1.247131e+001
1.753004e+003,1.246225e+001
1.754933e+003,1.240002e+001
1.756861e+003,1.228446e+001
1.758790e+003,1.220755e+001
1.760718e+003,1.207665e+001
1.762647e+003,1.197187e+001
1.764575e+003,1.192143e+001
1.766504e+003,1.178237e+001
1.768432e+003,1.164435e+001
1.770361e+003,1.150010e+001
1.772289e+003,1.131260e+001
1.774218e+003,1.124997e+001
1.776146e+003,1.115213e+001
1.778075e+003,1.100935e+001
1.780003e+003,1.089223e+001
1.781932e+003,1.080266e+001
1.783860e+003,1.070634e+001
1.785789e+003,1.061203e+001
1.787717e+003,1.053634e+001
1.789646e+003,1.041096e+001
1.791574e+003,1.025292e+001
1.793503e+003,1.016172e+001
1.795431e+003,1.011148e+001
1.797360e+003,9.995796e+000
1.799288e+003,9.868559e+000
1.801217e+003,9.735426e+000
1.803145e+003,9.623199e+000
1.805074e+003,9.482569e+000
1.807002e+003,9.329238e+000
1.808931e+003,9.141574e+000
1.810859e+003,8.944353e+000
1.812788e+003,8.716882e+000
1.814716e+003,8.428497e+000
1.816645e+003,8.018859e+000
1.818573e+003,7.677884e+000
1.820502e+003,7.491243e+000
1.822430e+003,7.376546e+000
1.824359e+003,7.253060e+000
1.826287e+003,7.144226e+000
1.828216e+003,7.017277e+000
1.830144e+003,6.884732e+000
1.832073e+003,6.778337e+000
1.834001e+003,6.654271e+000
1.835930e+003,6.513644e+000
1.837858e+003,6.381016e+000
1.839787e+003,6.251608e+000
1.841715e+003,6.114741e+000
1.843644e+003,5.956455e+000
1.845572e+003,5.854926e+000
1.847501e+003,5.760754e+000
1.849429e+003,5.651820e+000
1.851358e+003,5.543262e+000
1.853286e+003,5.437304e+000
1.855215e+003,5.333805e+000
1.857143e+003,5.235407e+000
1.859072e+003,5.138355e+000
1.861000e+003,5.046963e+000
1.862929e+003,4.955217e+000
1.864857e+003,4.864415e+000
1.866786e+003,4.765046e+000
1.868714e+003,4.668623e+000
1.870643e+003,4.590719e+000
1.872571e+003,4.513810e+000
1.874500e+003,4.424634e+000
1.876428e+003,4.339482e+000
1.878357e+003,4.251061e+000
1.880285e+003,4.165029e+000
1.882214e+003,4.076028e+000
1.884142e+003,3.991770e+000
1.886071e+003,3.907317e+000
1.887999e+003,3.821425e+000
1.889928e+003,3.735132e+000
1.891856e+003,3.661428e+000
1.893785e+003,3.579739e+000
1.895713e+003,3.501975e+000
1.897642e+003,3.423107e+000
1.899570e+003,3.346905e+000
1.901499e+003,3.268481e+000
1.903427e+003,3.193644e+000
1.905356e+003,3.116728e+000
1.907284e+003,3.042698e+000
1.909213e+003,2.967387e+000
1.911141e+003,2.898753e+000
1.913070e+003,2.827498e+000
1.914998e+003,2.758014e+000
1.916927e+003,2.681783e+000
1.918855e+003,2.617301e+000
1.920784e+003,2.555424e+000
1.922712e+003,2.472877e+000
1.924641e+003,2.376506e+000
1.926569e+003,2.282079e+000
1.928498e+003,2.188022e+000
1.930426e+003,2.099409e+000
1.932355e+003,2.011936e+000
1.934283e+003,1.930002e+000
1.936212e+003,1.847626e+000
1.938140e+003,1.770871e+000
1.940069e+003,1.694893e+000
1.941997e+003,1.621256e+000
1.943926e+003,1.550203e+000
1.945854e+003,1.483535e+000
1.947783e+003,1.414434e+000
1.949711e+003,1.350640e+000
1.951640e+003,1.288164e+000
1.953568e+003,1.227944e+000
1.955497e+003,1.159521e+000
1.957425e+003,1.072122e+000
1.959354e+003,9.814745e-001
1.961282e+003,9.255486e-001
1.963211e+003,8.800814e-001
1.965139e+003,8.398646e-001
1.967068e+003,7.989923e-001
1.968996e+003,7.618411e-001
1.970925e+003,7.233655e-001
1.972853e+003,6.902824e-001
1.974782e+003,6.562309e-001
1.976710e+003,6.324884e-001
1.978639e+003,6.533982e-001
1.980567e+003,7.283878e-001
1.982496e+003,7.878282e-001
1.984424e+003,8.258414e-001
1.986353e+003,8.480529e-001
1.988281e+003,8.653979e-001
1.990210e+003,8.745437e-001
1.992138e+003,8.813327e-001
1.994067e+003,8.810660e-001
1.995995e+003,8.792786e-001
1.997924e+003,8.672419e-001
1.999852e+003,8.457566e-001
2.001781e+003,8.104373e-001
2.003709e+003,7.639178e-001
2.005638e+003,7.025813e-001
2.007566e+003,6.638877e-001
2.009495e+003,6.566393e-001
2.011423e+003,6.551290e-001
2.013352e+003,6.465650e-001
2.015280e+003,6.377656e-001
2.017208e+003,6.259250e-001
2.019137e+003,6.169552e-001
2.021066e+003,6.071053e-001
2.022994e+003,5.991825e-001
2.024922e+003,5.912673e-001
2.026851e+003,5.866597e-001
2.028780e+003,5.819637e-001
2.030708e+003,5.824933e-001
2.032636e+003,5.832081e-001
2.034565e+003,5.990044e-001
2.036494e+003,6.340584e-001
2.038422e+003,6.774983e-001
2.040350e+003,7.149597e-001
2.042279e+003,7.513402e-001
2.044208e+003,7.846200e-001
2.046136e+003,8.202509e-001
2.048064e+003,8.630795e-001
2.049993e+003,9.586448e-001
2.051921e+003,1.084763e+000
2.053850e+003,1.144848e+000
2.055778e+003,1.187808e+000
2.057707e+003,1.235707e+000
2.059635e+003,1.268191e+000
2.061564e+003,1.297951e+000
2.063492e+003,1.326430e+000
2.065421e+003,1.359307e+000
2.067349e+003,1.392005e+000
2.069278e+003,1.429061e+000
2.071206e+003,1.467987e+000
2.073135e+003,1.511476e+000
2.075063e+003,1.556740e+000
2.076992e+003,1.606535e+000
2.078920e+003,1.656839e+000
2.080849e+003,1.709034e+000
2.082777e+003,1.753490e+000
2.084706e+003,1.792605e+000
2.086634e+003,1.822273e+000
2.088563e+003,1.841243e+000
2.090491e+003,1.843323e+000
2.092420e+003,1.825121e+000
2.094348e+003,1.780008e+000
2.096277e+003,1.757382e+000
2.098205e+003,1.768455e+000
2.100134e+003,1.790872e+000
2.102062e+003,1.809921e+000
2.103991e+003,1.827417e+000
2.105919e+003,1.843963e+000
2.107848e+003,1.860786e+000
2.109776e+003,1.876824e+000
2.111705e+003,1.896981e+000
2.113633e+003,1.918434e+000
2.115562e+003,1.933325e+000
2.117490e+003,1.925942e+000
2.119419e+003,1.900028e+000
2.121347e+003,1.859906e+000
2.123276e+003,1.807075e+000
2.125204e+003,1.739504e+000
2.127133e+003,1.657794e+000
2.129061e+003,1.559804e+000
2.130990e+003,1.445467e+000
2.132918e+003,1.312662e+000
2.134847e+003,1.192281e+000
2.136775e+003,1.108822e+000
2.138704e+003,1.045429e+000
2.140632e+003,9.836447e-001
2.142561e+003,9.228702e-001
2.144489e+003,8.605786e-001
2.146418e+003,8.017330e-001
2.148346e+003,7.483810e-001
2.150275e+003,6.991299e-001
2.152203e+003,6.440647e-001
2.154132e+003,5.793548e-001
2.156060e+003,5.023919e-001
2.157989e+003,4.260237e-001
2.159917e+003,4.085856e-001
2.161846e+003,4.573625e-001
2.163774e+003,5.066409e-001
2.165703e+003,5.506594e-001
2.167631e+003,5.945989e-001
2.169560e+003,6.310304e-001
2.171488e+003,6.495640e-001
2.173417e+003,6.558859e-001
2.175345e+003,6.536704e-001
2.177274e+003,6.635566e-001
2.179202e+003,6.742705e-001
2.181131e+003,6.767256e-001
2.183059e+003,6.887562e-001
2.184988e+003,7.168869e-001
2.186916e+003,7.469689e-001
2.188845e+003,7.778712e-001
2.190773e+003,8.043448e-001
2.192702e+003,8.301032e-001
2.194630e+003,8.538003e-001
2.196559e+003,8.784615e-001
2.198487e+003,9.000158e-001
2.200416e+003,9.221188e-001
2.202344e+003,9.429114e-001
2.204273e+003,9.642336e-001
2.206201e+003,9.833769e-001
2.208130e+003,1.004107e+000
2.210058e+003,1.023507e+000
2.211987e+003,1.044583e+000
2.213915e+003,1.065024e+000
2.215844e+003,1.086409e+000
2.217772e+003,1.108479e+000
2.219701e+003,1.134070e+000
2.221629e+003,1.159224e+000
2.223558e+003,1.187091e+000
2.225486e+003,1.215027e+000
2.227415e+003,1.245437e+000
2.229343e+003,1.276509e+000
2.231272e+003,1.309504e+000
2.233200e+003,1.343004e+000
2.235129e+003,1.379094e+000
2.237057e+003,1.415616e+000
2.238986e+003,1.453515e+000
2.240914e+003,1.490823e+000
2.242843e+003,1.530369e+000
2.244771e+003,1.568505e+000
2.246700e+003,1.607449e+000
2.248628e+003,1.644467e+000
2.250557e+003,1.680587e+000
2.252485e+003,1.712863e+000
2.254414e+003,1.745614e+000
2.256342e+003,1.792861e+000
2.258271e+003,1.854560e+000
2.260199e+003,1.911104e+000
2.262128e+003,1.961657e+000
2.264056e+003,2.008982e+000
2.265985e+003,2.062295e+000
2.267913e+003,2.127456e+000
2.269842e+003,2.203702e+000
2.271770e+003,2.283090e+000
2.273699e+003,2.369019e+000
2.275627e+003,2.459967e+000
2.277556e+003,2.561994e+000
2.279484e+003,2.674093e+000
2.281413e+003,2.799515e+000
2.283341e+003,2.944303e+000
2.285270e+003,3.117150e+000
2.287198e+003,3.300834e+000
2.289127e+003,3.483582e+000
2.291055e+003,3.659529e+000
2.292984e+003,3.825247e+000
2.294912e+003,3.977711e+000
2.296841e+003,4.121848e+000
2.298769e+003,4.260119e+000
2.300698e+003,4.397668e+000
2.302626e+003,4.532935e+000
2.304555e+003,4.668611e+000
2.306483e+003,4.804296e+000
2.308412e+003,4.945693e+000
2.310340e+003,5.090137e+000
2.312269e+003,5.243894e+000
2.314197e+003,5.409407e+000
2.316125e+003,5.596565e+000
2.318054e+003,5.803441e+000
2.319983e+003,6.048927e+000
2.321911e+003,6.374911e+000
2.323840e+003,6.862604e+000
2.325768e+003,7.328328e+000
2.327697e+003,7.460148e+000
2.329625e+003,7.422791e+000
2.331553e+003,7.375129e+000
2.333482e+003,7.336047e+000
2.335411e+003,7.303411e+000
2.337339e+003,7.283055e+000
2.339268e+003,7.276491e+000
2.341196e+003,7.290220e+000
2.343125e+003,7.333487e+000
2.345053e+003,7.409787e+000
2.346981e+003,7.513444e+000
2.348910e+003,7.551858e+000
2.350839e+003,7.414124e+000
2.352767e+003,7.200254e+000
2.354696e+003,7.004800e+000
2.356624e+003,6.839612e+000
2.358552e+003,6.706072e+000
2.360481e+003,6.595403e+000
2.362409e+003,6.497996e+000
2.364338e+003,6.405488e+000
2.366267e+003,6.317232e+000
2.368195e+003,6.241669e+000
2.370124e+003,6.187924e+000
2.372052e+003,6.146654e+000
2.373980e+003,6.107687e+000
2.375909e+003,6.060761e+000
2.377838e+003,6.002347e+000
2.379766e+003,5.932125e+000
2.381695e+003,5.851876e+000
2.383623e+003,5.762590e+000
2.385552e+003,5.669060e+000
2.387480e+003,5.574292e+000
2.389408e+003,5.481950e+000
2.391337e+003,5.389680e+000
2.393266e+003,5.298964e+000
2.395194e+003,5.210040e+000
2.397123e+003,5.123825e+000
2.399051e+003,5.039715e+000
2.400979e+003,4.958854e+000
2.402908e+003,4.877607e+000
2.404836e+003,4.794318e+000
2.406765e+003,4.718848e+000
2.408694e+003,4.669821e+000
2.410622e+003,4.632024e+000
2.412551e+003,4.591587e+000
2.414479e+003,4.547094e+000
2.416407e+003,4.501495e+000
2.418336e+003,4.456761e+000
2.420264e+003,4.414915e+000
2.422193e+003,4.374555e+000
2.424122e+003,4.337346e+000
2.426050e+003,4.302312e+000
2.427979e+003,4.270817e+000
2.429907e+003,4.241801e+000
2.431835e+003,4.216643e+000
2.433764e+003,4.193393e+000
2.435692e+003,4.173593e+000
2.437621e+003,4.156559e+000
2.439550e+003,4.143278e+000
2.441478e+003,4.132777e+000
2.443406e+003,4.125722e+000
2.445335e+003,4.121931e+000
2.447263e+003,4.123846e+000
2.449192e+003,4.128220e+000
2.451121e+003,4.136525e+000
2.453049e+003,4.148103e+000
2.454978e+003,4.162537e+000
2.456906e+003,4.175649e+000
2.458834e+003,4.182804e+000
2.460763e+003,4.181276e+000
2.462691e+003,4.176139e+000
2.464620e+003,4.167426e+000
2.466549e+003,4.157134e+000
2.468477e+003,4.144289e+000
2.470406e+003,4.130923e+000
2.472334e+003,4.116751e+000
2.474262e+003,4.102971e+000
2.476191e+003,4.088649e+000
2.478119e+003,4.075255e+000
2.480048e+003,4.062292e+000
2.481977e+003,4.050653e+000
2.483905e+003,4.038783e+000
2.485833e+003,4.028903e+000
2.487762e+003,4.020011e+000
2.489690e+003,4.013153e+000
2.491619e+003,4.006135e+000
2.493547e+003,4.001886e+000
2.495476e+003,3.998497e+000
2.497405e+003,3.995070e+000
2.499333e+003,3.989857e+000
2.501261e+003,3.984392e+000
2.503190e+003,3.977902e+000
2.505118e+003,3.972815e+000
2.507047e+003,3.967053e+000
2.508975e+003,3.961478e+000
2.510904e+003,3.956991e+000
2.512833e+003,3.953588e+000
2.514761e+003,3.949976e+000
2.516689e+003,3.947216e+000
2.518618e+003,3.944623e+000
2.520546e+003,3.943307e+000
2.522475e+003,3.942034e+000
2.524403e+003,3.942036e+000
2.526332e+003,3.942715e+000
2.528260e+003,3.944696e+000
2.530189e+003,3.947085e+000
2.532117e+003,3.950326e+000
2.534046e+003,3.953448e+000
2.535974e+003,3.958825e+000
2.537903e+003,3.965022e+000
2.539831e+003,3.972366e+000
2.541760e+003,3.980487e+000
2.543688e+003,3.990330e+000
2.545617e+003,4.001319e+000
2.547545e+003,4.014439e+000
2.549474e+003,4.028462e+000
2.551402e+003,4.044508e+000
2.553331e+003,4.060965e+000
2.555259e+003,4.080101e+000
2.557188e+003,4.099790e+000
2.559116e+003,4.121147e+000
2.561045e+003,4.144371e+000
2.562973e+003,4.169717e+000
2.564902e+003,4.196630e+000
2.566830e+003,4.225851e+000
2.568759e+003,4.257497e+000
2.570687e+003,4.290694e+000
2.572616e+003,4.325309e+000
2.574544e+003,4.363190e+000
2.576473e+003,4.402540e+000
2.578401e+003,4.444705e+000
2.580330e+003,4.489321e+000
2.582258e+003,4.536991e+000
2.584187e+003,4.586632e+000
2.586115e+003,4.639439e+000
2.588044e+003,4.694214e+000
2.589972e+003,4.752646e+000
2.591901e+003,4.814233e+000
2.593829e+003,4.879724e+000
2.595758e+003,4.947724e+000
2.597686e+003,5.020032e+000
2.599615e+003,5.095285e+000
2.601543e+003,5.174673e+000
2.603472e+003,5.258025e+000
2.605400e+003,5.346703e+000
2.607329e+003,5.439054e+000
2.609257e+003,5.536062e+000
2.611186e+003,5.637197e+000
2.613114e+003,5.744465e+000
2.615043e+003,5.856411e+000
2.616971e+003,5.973535e+000
2.618900e+003,6.095976e+000
2.620828e+003,6.223857e+000
2.622757e+003,6.357604e+000
2.624685e+003,6.498510e+000
2.626614e+003,6.644893e+000
2.628542e+003,6.798233e+000
2.630471e+003,6.957011e+000
2.632399e+003,7.123206e+000
2.634328e+003,7.295684e+000
2.636256e+003,7.475224e+000
2.638185e+003,7.660163e+000
2.640113e+003,7.850157e+000
2.642042e+003,8.045678e+000
2.643970e+003,8.247369e+000
2.645899e+003,8.452680e+000
2.647827e+003,8.661222e+000
2.649756e+003,8.870728e+000
2.651684e+003,9.080032e+000
2.653613e+003,9.284778e+000
2.655541e+003,9.483308e+000
2.657470e+003,9.670387e+000
2.659398e+003,9.838486e+000
2.661327e+003,9.977859e+000
2.663255e+003,1.007686e+001
2.665184e+003,1.012889e+001
2.667112e+003,1.014616e+001
2.669041e+003,1.014719e+001
2.670969e+003,1.014234e+001
2.672898e+003,1.013418e+001
2.674826e+003,1.012337e+001
2.676755e+003,1.011044e+001
2.678683e+003,1.009759e+001
2.680612e+003,1.008298e+001
2.682540e+003,1.006646e+001
2.684469e+003,1.004913e+001
2.686397e+003,1.003282e+001
2.688326e+003,1.001584e+001
2.690254e+003,9.998693e+000
2.692183e+003,9.980619e+000
2.694111e+003,9.963162e+000
2.696040e+003,9.946123e+000
2.697968e+003,9.928437e+000
2.699897e+003,9.910069e+000
2.701825e+003,9.892872e+000
2.703754e+003,9.874037e+000
2.705682e+003,9.856045e+000
2.707611e+003,9.837608e+000
2.709539e+003,9.819348e+000
2.711468e+003,9.801452e+000
2.713396e+003,9.783722e+000
2.715325e+003,9.765629e+000
2.717253e+003,9.747400e+000
2.719182e+003,9.729728e+000
2.721110e+003,9.712943e+000
2.723039e+003,9.694897e+000
2.724967e+003,9.677583e+000
2.726896e+003,9.659066e+000
2.728824e+003,9.640439e+000
2.730753e+003,9.622749e+000
2.732681e+003,9.604505e+000
2.734610e+003,9.587173e+000
2.736538e+003,9.570047e+000
2.738467e+003,9.551930e+000
2.740395e+003,9.533138e+000
2.742324e+003,9.515075e+000
2.744252e+003,9.497840e+000
2.746181e+003,9.479738e+000
2.748109e+003,9.461582e+000
2.750038e+003,9.442348e+000
2.751966e+003,9.423221e+000
2.753895e+003,9.404370e+000
2.755823e+003,9.386870e+000
2.757752e+003,9.368356e+000
2.759680e+003,9.349609e+000
2.761609e+003,9.331205e+000
2.763537e+003,9.312811e+000
2.765466e+003,9.294949e+000
2.767394e+003,9.277060e+000
2.769323e+003,9.258066e+000
2.771251e+003,9.239554e+000
2.773180e+003,9.221236e+000
2.775108e+003,9.202686e+000
2.777037e+003,9.182120e+000
2.778965e+003,9.163474e+000
2.780894e+003,9.144009e+000
2.782822e+003,9.124846e+000
2.784750e+003,9.106176e+000
2.786679e+003,9.088186e+000
2.788608e+003,9.070251e+000
2.790536e+003,9.050965e+000
2.792465e+003,9.032016e+000
2.794393e+003,9.013986e+000
2.796322e+003,8.995214e+000
2.798250e+003,8.977324e+000
2.800178e+003,8.956855e+000
2.802107e+003,8.937416e+000
2.804036e+003,8.918604e+000
2.805964e+003,8.899738e+000
2.807893e+003,8.881089e+000
2.809821e+003,8.862045e+000
2.811750e+003,8.842537e+000
2.813678e+003,8.822802e+000
2.815606e+003,8.802443e+000
2.817535e+003,8.782505e+000
2.819464e+003,8.762562e+000
2.821392e+003,8.742750e+000
2.823321e+003,8.721677e+000
2.825249e+003,8.701950e+000
2.827177e+003,8.682007e+000
2.829106e+003,8.661714e+000
2.831034e+003,8.639956e+000
2.832963e+003,8.617980e+000
2.834892e+003,8.595837e+000
2.836820e+003,8.574716e+000
2.838749e+003,8.552834e+000
2.840677e+003,8.525334e+000
2.842605e+003,8.497250e+000
2.844534e+003,8.469069e+000
2.846462e+003,8.439847e+000
2.848391e+003,8.412183e+000
2.850320e+003,8.386017e+000
2.852248e+003,8.363875e+000
2.854177e+003,8.343201e+000
2.856105e+003,8.323635e+000
2.858033e+003,8.304858e+000
2.859962e+003,8.285820e+000
2.861890e+003,8.266006e+000
2.863819e+003,8.246512e+000
2.865748e+003,8.226331e+000
2.867676e+003,8.205610e+000
2.869604e+003,8.183150e+000
2.871533e+003,8.163711e+000
2.873461e+003,8.143683e+000
2.875390e+003,8.120435e+000
2.877319e+003,8.098764e+000
2.879247e+003,8.078347e+000
2.881176e+003,8.057787e+000
2.883104e+003,8.037260e+000
2.885032e+003,8.015481e+000
2.886961e+003,7.993783e+000
2.888889e+003,7.972310e+000
2.890818e+003,7.950173e+000
2.892747e+003,7.926986e+000
2.894675e+003,7.903918e+000
2.896604e+003,7.880764e+000
2.898532e+003,7.857519e+000
2.900460e+003,7.834590e+000
2.902389e+003,7.810224e+000
2.904317e+003,7.784824e+000
2.906246e+003,7.758610e+000
2.908175e+003,7.733964e+000
2.910103e+003,7.708846e+000
2.912031e+003,7.684973e+000
2.913960e+003,7.656588e+000
2.915888e+003,7.623176e+000
2.917817e+003,7.597775e+000
2.919745e+003,7.574390e+000
2.921674e+003,7.550688e+000
2.923603e+003,7.527858e+000
2.925531e+003,7.504651e+000
2.927459e+003,7.485254e+000
2.929388e+003,7.472727e+000
2.931316e+003,7.457564e+000
2.933245e+003,7.442103e+000
2.935173e+003,7.425910e+000
2.937102e+003,7.407422e+000
2.939031e+003,7.395388e+000
2.940959e+003,7.386055e+000
2.942887e+003,7.373043e+000
2.944816e+003,7.356616e+000
2.946744e+003,7.333680e+000
2.948673e+003,7.311269e+000
2.950601e+003,7.293254e+000
2.952530e+003,7.271946e+000
2.954458e+003,7.247677e+000
2.956387e+003,7.220365e+000
2.958315e+003,7.193267e+000
2.960244e+003,7.174963e+000
2.962172e+003,7.155088e+000
2.964101e+003,7.135479e+000
2.966029e+003,7.118412e+000
2.967958e+003,7.104411e+000
2.969886e+003,7.097717e+000
2.971815e+003,7.092319e+000
2.973743e+003,7.083887e+000
2.975672e+003,7.072580e+000
2.977600e+003,7.055985e+000
2.979529e+003,7.043719e+000
2.981457e+003,7.032852e+000
2.983386e+003,7.017719e+000
2.985314e+003,7.001317e+000
2.987243e+003,6.982988e+000
2.989171e+003,6.965616e+000
2.991100e+003,6.954041e+000
2.993028e+003,6.936615e+000
2.994957e+003,6.916822e+000
2.996885e+003,6.898905e+000
2.998814e+003,6.880118e+000
3.000742e+003,6.861750e+000
3.002671e+003,6.843302e+000
3.004599e+003,6.823034e+000
3.006528e+003,6.804687e+000
3.008456e+003,6.786370e+000
3.010385e+003,6.769907e+000
3.012313e+003,6.747930e+000
3.014242e+003,6.718490e+000
3.016170e+003,6.683239e+000
3.018099e+003,6.670442e+000
3.020027e+003,6.672191e+000
3.021956e+003,6.658664e+000
3.023884e+003,6.640697e+000
3.025813e+003,6.622504e+000
3.027741e+003,6.603519e+000
3.029670e+003,6.585342e+000
3.031598e+003,6.568147e+000
3.033527e+003,6.552343e+000
3.035455e+003,6.534480e+000
3.037384e+003,6.516387e+000
3.039312e+003,6.501448e+000
3.041241e+003,6.487830e+000
3.043169e+003,6.470592e+000
3.045098e+003,6.450770e+000
3.047026e+003,6.429785e+000
3.048955e+003,6.413993e+000
3.050883e+003,6.400720e+000
3.052812e+003,6.383616e+000
3.054740e+003,6.366429e+000
3.056669e+003,6.344695e+000
3.058597e+003,6.328889e+000
3.060526e+003,6.317399e+000
3.062454e+003,6.301199e+000
3.064383e+003,6.283928e+000
3.066311e+003,6.263512e+000
3.068240e+003,6.248893e+000
3.070168e+003,6.236960e+000
3.072097e+003,6.221188e+000
3.074025e+003,6.204083e+000
3.075954e+003,6.186401e+000
3.077882e+003,6.175910e+000
3.079811e+003,6.161327e+000
3.081739e+003,6.142661e+000
3.083668e+003,6.123237e+000
3.085596e+003,6.099065e+000
3.087525e+003,6.087467e+000
3.089453e+003,6.077055e+000
3.091382e+003,6.059642e+000
3.093310e+003,6.038007e+000
3.095239e+003,6.017433e+000
3.097167e+003,6.007102e+000
3.099096e+003,5.993818e+000
3.101024e+003,5.976724e+000
3.102953e+003,5.956213e+000
3.104881e+003,5.939971e+000
3.106810e+003,5.930302e+000
3.108738e+003,5.916695e+000
3.110667e+003,5.897773e+000
3.112595e+003,5.878600e+000
3.114524e+003,5.867812e+000
3.116452e+003,5.857876e+000
3.118381e+003,5.841540e+000
3.120309e+003,5.822341e+000
3.122238e+003,5.794931e+000
3.124166e+003,5.778971e+000
3.126095e+003,5.771221e+000
3.128023e+003,5.760665e+000
3.129952e+003,5.745428e+000
3.131880e+003,5.729439e+000
3.133809e+003,5.716250e+000
3.135737e+003,5.703382e+000
3.137666e+003,5.689998e+000
3.139594e+003,5.674303e+000
3.141523e+003,5.657667e+000
3.143451e+003,5.642854e+000
3.145380e+003,5.628322e+000
3.147308e+003,5.613079e+000
3.149237e+003,5.599586e+000
3.151165e+003,5.591778e+000
3.153094e+003,5.578321e+000
3.155022e+003,5.561115e+000
3.156951e+003,5.546891e+000
3.158879e+003,5.534825e+000
3.160808e+003,5.522677e+000
3.162736e+003,5.510742e+000
3.164665e+003,5.499142e+000
3.166593e+003,5.486980e+000
3.168522e+003,5.474805e+000
3.170450e+003,5.461698e+000
3.172379e+003,5.448805e+000
3.174307e+003,5.436310e+000
3.176236e+003,5.423441e+000
3.178164e+003,5.410769e+000
3.180093e+003,5.398837e+000
3.182021e+003,5.387218e+000
3.183950e+003,5.375262e+000
3.185878e+003,5.363624e+000
3.187807e+003,5.352910e+000
3.189735e+003,5.342448e+000
3.191664e+003,5.332111e+000
3.193592e+003,5.321475e+000
3.195521e+003,5.310436e+000
3.197449e+003,5.299828e+000
3.199378e+003,5.289951e+000
3.201306e+003,5.280371e+000
3.203235e+003,5.271156e+000
3.205163e+003,5.262010e+000
3.207092e+003,5.253301e+000
3.209020e+003,5.244548e+000
3.210948e+003,5.236817e+000
3.212877e+003,5.229896e+000
3.214806e+003,5.223614e+000
3.216734e+003,5.218319e+000
3.218663e+003,5.211728e+000
3.220591e+003,5.205240e+000
3.222520e+003,5.199557e+000
3.224448e+003,5.194037e+000
3.226376e+003,5.188452e+000
3.228305e+003,5.183021e+000
3.230234e+003,5.178219e+000
3.232162e+003,5.177044e+000
3.234091e+003,5.172750e+000
3.236019e+003,5.164964e+000
3.237948e+003,5.160191e+000
3.239876e+003,5.155860e+000
3.241804e+003,5.152090e+000
3.243733e+003,5.148129e+000
3.245662e+003,5.146164e+000
3.247590e+003,5.143976e+000
3.249519e+003,5.140459e+000
3.251447e+003,5.137760e+000
3.253375e+003,5.135418e+000
3.255304e+003,5.134628e+000
3.257232e+003,5.133255e+000
3.259161e+003,5.132454e+000
3.261090e+003,5.131629e+000
3.263018e+003,5.132359e+000
3.264947e+003,5.132745e+000
3.266875e+003,5.133722e+000
3.268803e+003,5.136675e+000
3.270732e+003,5.139188e+000
3.272660e+003,5.137426e+000
3.274589e+003,5.136220e+000
3.276518e+003,5.136642e+000
3.278446e+003,5.137236e+000
3.280375e+003,5.138616e+000
3.282303e+003,5.139462e+000
3.284231e+003,5.139730e+000
3.286160e+003,5.139799e+000
3.288088e+003,5.139421e+000
3.290017e+003,5.141122e+000
3.291946e+003,5.142192e+000
3.293874e+003,5.140710e+000
3.295802e+003,5.140403e+000
3.297731e+003,5.138419e+000
3.299659e+003,5.136761e+000
3.301588e+003,5.136143e+000
3.303516e+003,5.139593e+000
3.305445e+003,5.142681e+000
3.307374e+003,5.138810e+000
3.309302e+003,5.134898e+000
3.311230e+003,5.133362e+000
3.313159e+003,5.132624e+000
3.315087e+003,5.132439e+000
3.317016e+003,5.131935e+000
3.318944e+003,5.131145e+000
3.320873e+003,5.129591e+000
3.322802e+003,5.127265e+000
3.324730e+003,5.126571e+000
3.326658e+003,5.126026e+000
3.328587e+003,5.124894e+000
3.330515e+003,5.123376e+000
3.332444e+003,5.121032e+000
3.334372e+003,5.118640e+000
3.336301e+003,5.116779e+000
3.338229e+003,5.116095e+000
3.340158e+003,5.113074e+000
3.342086e+003,5.110312e+000
3.344015e+003,5.107295e+000
3.345943e+003,5.103967e+000
3.347872e+003,5.102876e+000
3.349800e+003,5.102140e+000
3.351729e+003,5.098250e+000
3.353657e+003,5.094375e+000
3.355586e+003,5.091819e+000
3.357514e+003,5.089255e+000
3.359443e+003,5.087105e+000
3.361371e+003,5.083891e+000
3.363300e+003,5.079999e+000
3.365229e+003,5.076791e+000
3.367157e+003,5.074547e+000
3.369085e+003,5.072467e+000
3.371014e+003,5.065988e+000
3.372942e+003,5.058540e+000
3.374871e+003,5.053693e+000
3.376799e+003,5.048343e+000
3.378728e+003,5.042639e+000
3.380656e+003,5.035791e+000
3.382585e+003,5.028656e+000
3.384513e+003,5.021535e+000
3.386442e+003,5.015423e+000
3.388370e+003,5.009238e+000
3.390299e+003,5.004599e+000
3.392227e+003,4.996120e+000
3.394156e+003,4.985070e+000
3.396084e+003,4.976285e+000
3.398013e+003,4.969867e+000
3.399941e+003,4.963239e+000
3.401870e+003,4.951598e+000
3.403798e+003,4.939750e+000
3.405727e+003,4.929732e+000
3.407655e+003,4.920452e+000
3.409584e+003,4.910295e+000
3.411512e+003,4.899264e+000
3.413441e+003,4.887935e+000
3.415369e+003,4.875968e+000
3.417298e+003,4.863584e+000
3.419226e+003,4.849977e+000
3.421155e+003,4.837367e+000
3.423083e+003,4.825276e+000
3.425012e+003,4.812855e+000
3.426940e+003,4.799174e+000
3.428869e+003,4.785728e+000
3.430797e+003,4.770875e+000
3.432726e+003,4.757736e+000
3.434654e+003,4.745450e+000
3.436583e+003,4.731245e+000
3.438511e+003,4.718138e+000
3.440440e+003,4.706349e+000
3.442368e+003,4.695972e+000
3.444297e+003,4.686924e+000
3.446225e+003,4.676528e+000
3.448154e+003,4.669113e+000
3.450082e+003,4.663137e+000
3.452011e+003,4.654470e+000
3.453939e+003,4.645508e+000
3.455868e+003,4.636920e+000
3.457796e+003,4.627689e+000
3.459725e+003,4.618712e+000
3.461653e+003,4.608897e+000
3.463582e+003,4.600202e+000
3.465510e+003,4.592940e+000
3.467439e+003,4.585704e+000
3.469367e+003,4.576348e+000
3.471296e+003,4.565834e+000
3.473224e+003,4.557017e+000
3.475153e+003,4.550134e+000
3.477081e+003,4.543557e+000
3.479010e+003,4.535895e+000
3.480938e+003,4.526483e+000
3.482867e+003,4.520014e+000
3.484795e+003,4.515872e+000
3.486724e+003,4.510242e+000
3.488652e+003,4.505414e+000
3.490581e+003,4.500833e+000
3.492509e+003,4.495525e+000
3.494438e+003,4.490253e+000
3.496366e+003,4.485373e+000
3.498295e+003,4.481762e+000
3.500223e+003,4.476379e+000
3.502152e+003,4.470245e+000
3.504080e+003,4.465129e+000
3.506009e+003,4.462481e+000
3.507937e+003,4.456117e+000
3.509866e+003,4.450370e+000
3.511794e+003,4.447197e+000
3.513723e+003,4.443636e+000
3.515651e+003,4.438270e+000
3.517580e+003,4.431566e+000
3.519508e+003,4.424930e+000
3.521437e+003,4.417603e+000
3.523365e+003,4.409143e+000
3.525294e+003,4.402021e+000
3.527222e+003,4.393436e+000
3.529151e+003,4.387651e+000
3.531079e+003,4.381914e+000
3.533008e+003,4.374540e+000
3.534936e+003,4.363781e+000
3.536865e+003,4.354504e+000
3.538793e+003,4.345466e+000
3.540722e+003,4.335264e+000
3.542650e+003,4.322626e+000
3.544579e+003,4.307692e+000
3.546507e+003,4.294766e+000
3.548436e+003,4.288588e+000
3.550364e+003,4.276980e+000
3.552293e+003,4.262076e+000
3.554221e+003,4.252391e+000
3.556150e+003,4.241538e+000
3.558078e+003,4.226249e+000
3.560007e+003,4.210733e+000
3.561935e+003,4.195763e+000
3.563864e+003,4.176244e+000
3.565792e+003,4.147200e+000
3.567721e+003,4.128916e+000
3.569649e+003,4.128477e+000
3.571578e+003,4.119679e+000
3.573506e+003,4.103139e+000
3.575435e+003,4.086594e+000
3.577363e+003,4.069513e+000
3.579292e+003,4.052769e+000
3.581220e+003,4.036788e+000
3.583149e+003,4.020245e+000
3.585077e+003,3.995069e+000
3.587006e+003,3.965961e+000
3.588934e+003,3.957804e+000
3.590863e+003,3.959691e+000
3.592791e+003,3.944519e+000
3.594720e+003,3.929419e+000
3.596648e+003,3.920735e+000
3.598577e+003,3.912148e+000
3.600505e+003,3.899465e+000
3.602434e+003,3.892356e+000
3.604362e+003,3.882369e+000
3.606291e+003,3.863476e+000
3.608219e+003,3.838402e+000
3.610148e+003,3.833727e+000
3.612076e+003,3.827413e+000
3.614005e+003,3.821880e+000
3.615933e+003,3.815159e+000
3.617862e+003,3.791150e+000
3.619790e+003,3.779028e+000
3.621719e+003,3.789912e+000
3.623647e+003,3.787899e+000
3.625576e+003,3.771898e+000
3.627504e+003,3.725164e+000
3.629433e+003,3.708752e+000
3.631361e+003,3.743879e+000
3.633290e+003,3.747458e+000
3.635218e+003,3.746011e+000
3.637146e+003,3.741711e+000
3.639075e+003,3.734631e+000
3.641004e+003,3.726856e+000
3.642932e+003,3.719982e+000
3.644861e+003,3.706512e+000
3.646789e+003,3.674137e+000
3.648718e+003,3.645834e+000
3.650646e+003,3.658720e+000
3.652574e+003,3.690880e+000
3.654503e+003,3.683066e+000
3.656432e+003,3.669996e+000
3.658360e+003,3.686090e+000
3.660289e+003,3.689882e+000
3.662217e+003,3.686666e+000
3.664146e+003,3.684740e+000
3.666074e+003,3.676922e+000
3.668002e+003,3.650175e+000
3.669931e+003,3.618696e+000
3.671860e+003,3.635911e+000
3.673788e+003,3.617371e+000
3.675717e+003,3.588280e+000
3.677645e+003,3.637813e+000
3.679573e+003,3.664636e+000
3.681502e+003,3.678232e+000
3.683430e+003,3.680414e+000
3.685359e+003,3.676120e+000
3.687288e+003,3.635025e+000
3.689216e+003,3.631879e+000
3.691145e+003,3.664632e+000
3.693073e+003,3.687458e+000
3.695001e+003,3.698420e+000
3.696930e+003,3.702466e+000
3.698858e+003,3.706633e+000
3.700787e+003,3.701460e+000
3.702716e+003,3.711183e+000
3.704644e+003,3.727109e+000
3.706573e+003,3.732401e+000
3.708501e+003,3.725726e+000
3.710429e+003,3.716354e+000
3.712358e+003,3.725022e+000
3.714286e+003,3.766750e+000
3.716215e+003,3.785967e+000
3.718144e+003,3.793297e+000
3.720072e+003,3.798213e+000
3.722000e+003,3.804742e+000
3.723929e+003,3.814197e+000
3.725857e+003,3.823339e+000
3.727786e+003,3.842086e+000
3.729714e+003,3.853283e+000
3.731643e+003,3.837472e+000
3.733572e+003,3.848750e+000
3.735500e+003,3.850940e+000
3.737428e+003,3.887630e+000
3.739357e+003,3.927041e+000
3.741285e+003,3.940486e+000
3.743214e+003,3.888394e+000
3.745142e+003,3.904029e+000
3.747071e+003,3.974666e+000
3.749000e+003,3.958817e+000
3.750928e+003,3.968153e+000
3.752856e+003,4.013158e+000
3.754785e+003,4.080766e+000
3.756713e+003,4.096946e+000
3.758642e+003,4.112344e+000
3.760570e+003,4.129926e+000
3.762499e+003,4.161749e+000
3.764427e+003,4.165883e+000
3.766356e+003,4.185167e+000
3.768284e+003,4.193501e+000
3.770213e+003,4.206924e+000
3.772141e+003,4.237291e+000
3.774070e+003,4.259753e+000
3.775998e+003,4.271400e+000
3.777927e+003,4.277499e+000
3.779855e+003,4.287087e+000
3.781784e+003,4.312818e+000
3.783712e+003,4.322455e+000
3.785641e+003,4.338348e+000
3.787569e+003,4.352993e+000
3.789498e+003,4.367280e+000
3.791426e+003,4.376018e+000
3.793355e+003,4.386223e+000
3.795283e+003,4.382603e+000
3.797212e+003,4.393920e+000
3.799140e+003,4.385123e+000
3.801069e+003,4.354975e+000
3.802997e+003,4.402289e+000
3.804926e+003,4.423578e+000
3.806854e+003,4.406940e+000
3.808783e+003,4.450273e+000
3.810711e+003,4.473237e+000
3.812640e+003,4.477556e+000
3.814568e+003,4.437874e+000
3.816497e+003,4.435373e+000
3.818425e+003,4.477663e+000
3.820354e+003,4.458690e+000
3.822282e+003,4.479744e+000
3.824211e+003,4.519056e+000
3.826139e+003,4.521534e+000
3.828068e+003,4.533044e+000
3.829996e+003,4.531491e+000
3.831925e+003,4.529381e+000
3.833853e+003,4.532230e+000
3.835782e+003,4.510513e+000
3.837710e+003,4.487112e+000
3.839639e+003,4.528845e+000
3.841567e+003,4.555109e+000
3.843496e+003,4.565006e+000
3.845424e+003,4.577880e+000
3.847353e+003,4.588443e+000
3.849281e+003,4.573108e+000
3.851210e+003,4.513157e+000
3.853138e+003,4.443466e+000
3.855067e+003,4.503653e+000
3.856995e+003,4.582877e+000
3.858924e+003,4.595994e+000
3.860852e+003,4.588159e+000
3.862781e+003,4.577786e+000
3.864709e+003,4.567582e+000
3.866638e+003,4.583091e+000
3.868566e+003,4.557835e+000
3.870495e+003,4.553475e+000
3.872423e+003,4.585478e+000
3.874352e+003,4.587178e+000
3.876280e+003,4.603650e+000
3.878209e+003,4.595321e+000
3.880137e+003,4.580936e+000
3.882066e+003,4.590274e+000
3.883994e+003,4.577183e+000
3.885923e+003,4.564228e+000
3.887851e+003,4.595158e+000
3.889780e+003,4.582031e+000
3.891708e+003,4.575635e+000
3.893637e+003,4.594020e+000
3.895565e+003,4.599186e+000
3.897494e+003,4.583245e+000
3.899422e+003,4.564235e+000
3.901351e+003,4.556734e+000
3.903279e+003,4.552404e+000
3.905208e+003,4.567041e+000
3.907136e+003,4.586224e+000
3.909065e+003,4.588973e+000
3.910993e+003,4.586664e+000
3.912922e+003,4.584349e+000
3.914850e+003,4.575603e+000
3.916779e+003,4.562356e+000
3.918707e+003,4.562609e+000
3.920636e+003,4.564937e+000
3.922564e+003,4.565172e+000
3.924493e+003,4.558527e+000
3.926421e+003,4.559854e+000
3.928350e+003,4.556908e+000
3.930278e+003,4.549190e+000
3.932207e+003,4.541628e+000
3.934135e+003,4.544580e+000
3.936064e+003,4.544510e+000
3.937992e+003,4.540491e+000
3.939921e+003,4.534406e+000
3.941849e+003,4.524798e+000
3.943778e+003,4.522262e+000
3.945706e+003,4.520475e+000
3.947635e+003,4.512300e+000
3.949563e+003,4.507997e+000
3.951492e+003,4.505645e+000
3.953420e+003,4.502945e+000
3.955349e+003,4.497032e+000
3.957277e+003,4.491499e+000
3.959206e+003,4.485041e+000
3.961134e+003,4.478434e+000
3.963063e+003,4.473327e+000
3.964991e+003,4.469014e+000
3.966920e+003,4.462077e+000
3.968848e+003,4.456039e+000
3.970777e+003,4.449719e+000
3.972705e+003,4.443202e+000
3.974634e+003,4.436679e+000
3.976562e+003,4.431216e+000
3.978491e+003,4.425059e+000
3.980419e+003,4.417825e+000
3.982348e+003,4.410532e+000
3.984276e+003,4.404394e+000
3.986205e+003,4.397557e+000
3.988133e+003,4.390491e+000
3.990062e+003,4.382308e+000
3.991990e+003,4.375881e+000
3.993919e+003,4.368459e+000
3.995847e+003,4.361596e+000
3.997776e+003,4.354345e+000
3.999704e+003,4.346614e+000
4.001633e+003,0.000000e+000
