3.991989e+002,6.496146e-004
4.011274e+002,-8.825886e-004
4.030559e+002,-8.825886e-004
4.049844e+002,1.465470e-003
4.069129e+002,1.370962e-003
4.088414e+002,2.596876e-003
4.107699e+002,5.940288e-004
4.126984e+002,-1.585789e-003
4.146269e+002,-2.452716e-003
4.165554e+002,-4.251809e-003
4.184839e+002,-3.827014e-003
4.204124e+002,-1.882544e-003
4.223409e+002,-1.318375e-003
4.242694e+002,-6.226816e-004
4.261979e+002,-1.053348e-003
4.281264e+002,-2.402632e-003
4.300549e+002,-1.476229e-003
4.319834e+002,4.479083e-004
4.339119e+002,1.748919e-003
4.358404e+002,5.715861e-004
4.377689e+002,-5.620543e-004
4.396974e+002,-4.725906e-004
4.416259e+002,2.121707e-004
4.435544e+002,1.984925e-004
4.454829e+002,-1.142185e-003
4.474114e+002,-8.015569e-004
4.493399e+002,-7.368646e-004
4.512684e+002,-7.392861e-004
4.531969e+002,-1.503745e-003
4.551254e+002,-1.128682e-003
4.570539e+002,-6.387318e-004
4.589824e+002,-9.014215e-004
4.609109e+002,-1.476387e-004
4.628394e+002,-3.391987e-004
4.647679e+002,-1.151348e-003
4.666964e+002,-8.078098e-004
4.686249e+002,-2.123842e-004
4.705533e+002,-6.829997e-004
4.724819e+002,-5.522974e-004
4.744103e+002,-1.971501e-004
4.763389e+002,-3.354452e-004
4.782673e+002,-9.882642e-006
4.801959e+002,1.323562e-005
4.821243e+002,2.799152e-004
4.840529e+002,1.263260e-004
4.859813e+002,-6.288752e-004
4.879099e+002,-4.625385e-004
4.898383e+002,1.548384e-004
4.917668e+002,5.358109e-004
4.936953e+002,2.014340e-004
4.956238e+002,-1.822594e-004
4.975523e+002,-4.577298e-004
4.994808e+002,-2.406658e-004
5.014093e+002,-7.153823e-004
5.033378e+002,-4.312925e-004
5.052663e+002,1.506817e-004
5.071948e+002,6.994130e-004
5.091233e+002,1.357506e-004
5.110518e+002,-2.627407e-004
5.129803e+002,-4.683919e-004
5.149088e+002,-3.834344e-004
5.168373e+002,1.884422e-004
5.187658e+002,1.457615e-004
5.206943e+002,-9.794511e-005
5.226228e+002,8.553269e-005
5.245513e+002,2.335165e-004
5.264798e+002,-7.729790e-005
5.284083e+002,-2.214797e-004
5.303368e+002,-2.573963e-004
5.322653e+002,-4.651466e-004
5.341938e+002,-9.341888e-004
5.361223e+002,-6.383877e-004
5.380508e+002,-2.792611e-004
5.399792e+002,-6.382376e-004
5.419078e+002,-5.817253e-004
5.438363e+002,-2.858033e-004
5.457648e+002,-2.193427e-004
5.476932e+002,2.749149e-004
5.496218e+002,3.173496e-005
5.515503e+002,-2.609567e-004
5.534788e+002,-1.557147e-004
5.554072e+002,-5.889721e-004
5.573358e+002,-4.870508e-004
5.592643e+002,-3.734050e-004
5.611927e+002,-3.400421e-004
5.631212e+002,-4.837767e-005
5.650497e+002,-2.201409e-004
5.669783e+002,-2.146167e-004
5.689067e+002,-1.876877e-004
5.708352e+002,4.160480e-006
5.727637e+002,-1.920726e-005
5.746923e+002,-2.322635e-004
5.766207e+002,-4.305643e-004
5.785492e+002,-2.081002e-004
5.804777e+002,-3.346670e-004
5.824063e+002,-2.364792e-004
5.843347e+002,-1.209523e-004
5.862632e+002,-1.169143e-004
5.881917e+002,6.762739e-005
5.901202e+002,2.238392e-005
5.920487e+002,-1.598410e-004
5.939772e+002,-4.159583e-005
5.959057e+002,-4.154933e-004
5.978342e+002,-4.304630e-004
5.997627e+002,-3.693827e-004
6.016912e+002,-1.442495e-004
6.036197e+002,3.130692e-005
6.055482e+002,2.278507e-005
6.074767e+002,-1.171647e-005
6.094052e+002,2.037139e-005
6.113337e+002,-3.793220e-005
6.132622e+002,-2.900852e-004
6.151907e+002,-1.753883e-004
6.171192e+002,4.731986e-005
6.190477e+002,-9.284331e-005
6.209762e+002,-3.308993e-005
6.229047e+002,-1.457224e-005
6.248332e+002,-6.661035e-005
6.267617e+002,2.156394e-005
6.286902e+002,1.226029e-004
6.306187e+002,-3.592120e-005
6.325472e+002,2.452428e-005
6.344756e+002,8.471350e-005
6.364042e+002,-1.775638e-005
6.383326e+002,-5.472495e-005
6.402612e+002,-2.309965e-005
6.421896e+002,2.477238e-004
6.441182e+002,3.049700e-004
6.460466e+002,-1.138091e-005
6.479752e+002,-1.894068e-004
6.499036e+002,-3.236429e-004
6.518322e+002,-1.461499e-004
6.537606e+002,-6.758404e-005
6.556891e+002,-2.783459e-006
6.576177e+002,3.181051e-005
6.595461e+002,3.077018e-005
6.614746e+002,-7.589790e-006
6.634031e+002,8.328864e-005
6.653317e+002,9.162163e-005
6.672601e+002,1.044800e-004
6.691886e+002,1.178976e-004
6.711171e+002,1.122359e-004
6.730457e+002,2.067504e-004
6.749741e+002,2.733656e-004
6.769026e+002,2.125895e-004
6.788311e+002,1.271969e-004
6.807596e+002,9.169093e-005
6.826881e+002,1.634608e-004
6.846166e+002,9.405082e-005
6.865451e+002,-3.252340e-005
6.884736e+002,5.833773e-005
6.904021e+002,1.842419e-004
6.923306e+002,1.848902e-004
6.942591e+002,3.137899e-004
6.961876e+002,3.041312e-004
6.981161e+002,8.804191e-005
7.000446e+002,4.128808e-005
7.019731e+002,1.075014e-004
7.039016e+002,3.028331e-005
7.058301e+002,9.492898e-005
7.077585e+002,1.825583e-004
7.096871e+002,1.383372e-004
7.116156e+002,8.656506e-005
7.135441e+002,1.279411e-004
7.154725e+002,2.089365e-004
7.174011e+002,1.926024e-004
7.193296e+002,2.220780e-004
7.212581e+002,2.377762e-004
7.231865e+002,2.249353e-004
7.251151e+002,2.469901e-004
7.270436e+002,6.893939e-005
7.289720e+002,6.485888e-005
7.309005e+002,2.552329e-005
7.328290e+002,1.344408e-005
7.347576e+002,-2.739085e-006
7.366860e+002,1.482881e-004
7.386145e+002,1.169411e-004
7.405430e+002,8.710854e-005
7.424716e+002,1.648274e-004
7.444000e+002,8.158055e-005
7.463285e+002,-6.758569e-005
7.482570e+002,-4.968060e-007
7.501855e+002,5.633708e-005
7.521140e+002,1.492451e-004
7.540425e+002,1.539955e-004
7.559710e+002,2.613276e-005
7.578995e+002,-1.108462e-004
7.598280e+002,-4.658397e-005
7.617565e+002,4.907429e-005
7.636850e+002,3.992835e-005
7.656135e+002,4.214854e-005
7.675420e+002,7.094577e-005
7.694705e+002,6.690278e-005
7.713990e+002,5.745823e-005
7.733275e+002,1.077984e-004
7.752560e+002,9.368004e-005
7.771844e+002,1.285620e-005
7.791130e+002,5.941340e-005
7.810415e+002,1.247344e-004
7.829700e+002,1.232761e-004
7.848984e+002,1.276179e-004
7.868270e+002,1.263253e-004
7.887555e+002,4.274312e-006
7.906840e+002,-2.584447e-006
7.926124e+002,1.474490e-005
7.945410e+002,-6.759291e-006
7.964695e+002,3.754249e-005
7.983979e+002,1.311643e-004
8.003264e+002,5.331594e-005
8.022549e+002,-3.757238e-005
8.041835e+002,-6.099548e-005
8.061119e+002,-4.771040e-005
8.080404e+002,-1.087654e-004
8.099689e+002,-2.402151e-005
8.118975e+002,2.451926e-006
8.138259e+002,-1.087323e-004
8.157545e+002,-3.787056e-005
8.176830e+002,2.243232e-005
8.196115e+002,-7.037100e-005
8.215399e+002,4.851094e-005
8.234684e+002,3.996149e-005
8.253970e+002,8.754896e-005
8.273254e+002,3.224062e-005
8.292539e+002,3.296962e-005
8.311824e+002,1.012694e-004
8.331110e+002,1.261265e-004
8.350394e+002,5.059862e-005
8.369679e+002,-5.198420e-005
8.388964e+002,-3.578329e-005
8.408250e+002,1.819097e-005
8.427534e+002,-4.572473e-006
8.446819e+002,-4.966509e-005
8.466104e+002,-1.168812e-004
8.485389e+002,7.289550e-006
8.504674e+002,5.699429e-005
8.523959e+002,7.734173e-005
8.543244e+002,-4.674961e-005
8.562529e+002,-8.183336e-005
8.581814e+002,-3.813560e-005
8.601099e+002,1.023854e-005
8.620384e+002,1.043735e-005
8.639669e+002,-2.382272e-005
8.658954e+002,-1.573838e-005
8.678239e+002,-7.063603e-005
8.697524e+002,-7.868621e-005
8.716809e+002,1.123258e-005
8.736094e+002,-2.418778e-006
8.755378e+002,-8.541116e-005
8.774664e+002,-9.134094e-005
8.793949e+002,-2.441910e-005
8.813234e+002,-6.765444e-005
8.832518e+002,-1.168812e-004
8.851804e+002,-6.434154e-005
8.871089e+002,3.737681e-005
8.890374e+002,4.837839e-005
8.909658e+002,3.078261e-005
8.928943e+002,6.034128e-005
8.948229e+002,1.524433e-004
8.967513e+002,9.835297e-005
8.986798e+002,3.558742e-005
9.006083e+002,1.371771e-005
9.025369e+002,9.427658e-005
9.044653e+002,1.115435e-004
9.063938e+002,1.241047e-004
9.083223e+002,4.708602e-005
9.102509e+002,-2.422031e-005
9.121793e+002,-7.987882e-005
9.141078e+002,-7.683104e-005
9.160364e+002,1.308814e-005
9.179648e+002,6.358888e-005
9.198933e+002,1.123389e-004
9.218218e+002,7.439229e-005
9.237504e+002,-6.991226e-006
9.256788e+002,1.974834e-005
9.276073e+002,2.442047e-005
9.295358e+002,-9.111765e-006
9.314644e+002,2.435420e-005
9.333928e+002,9.033278e-005
9.353213e+002,8.602448e-005
9.372498e+002,1.703123e-005
9.391783e+002,-3.515379e-005
9.411068e+002,-5.128847e-005
9.430353e+002,-2.362393e-005
9.449637e+002,7.764000e-005
9.468923e+002,1.607031e-005
9.488208e+002,-1.921732e-005
9.507493e+002,1.096751e-005
9.526777e+002,3.949757e-005
9.546063e+002,8.946283e-006
9.565348e+002,9.868438e-005
9.584633e+002,1.527748e-004
9.603917e+002,1.583765e-004
9.623203e+002,3.843719e-005
9.642488e+002,3.340040e-005
9.661772e+002,1.000100e-004
9.681057e+002,8.009236e-005
9.700343e+002,1.302032e-004
9.719628e+002,1.189675e-004
9.738912e+002,9.941350e-005
9.758197e+002,1.271871e-004
9.777483e+002,1.542995e-004
9.796768e+002,1.875129e-004
9.816052e+002,1.640113e-004
9.835337e+002,1.686187e-004
9.854623e+002,1.450851e-004
9.873907e+002,1.538023e-004
9.893192e+002,2.243754e-004
9.912477e+002,2.230825e-004
9.931763e+002,1.155206e-004
9.951047e+002,5.914829e-005
9.970332e+002,7.893245e-005
9.989617e+002,8.254474e-005
1.000890e+003,5.732567e-005
1.002819e+003,3.833778e-005
1.004747e+003,-1.898539e-005
1.006676e+003,1.047048e-005
1.008604e+003,-2.183478e-005
1.010533e+003,-1.325159e-004
1.012461e+003,-1.071754e-004
1.014390e+003,-1.185705e-004
1.016318e+003,-1.600742e-004
1.018247e+003,-1.001195e-004
1.020175e+003,-1.203262e-004
1.022104e+003,-1.681558e-004
1.024032e+003,-6.613051e-005
1.025961e+003,-2.577752e-005
1.027889e+003,-4.134931e-005
1.029818e+003,2.591159e-005
1.031746e+003,2.654118e-005
1.033675e+003,-2.127153e-005
1.035603e+003,-6.089609e-005
1.037532e+003,-1.018090e-004
1.039460e+003,-6.066419e-005
1.041389e+003,-8.249592e-005
1.043317e+003,-9.359358e-005
1.045246e+003,-6.132678e-005
1.047174e+003,-1.066454e-004
1.049103e+003,-8.372165e-005
1.051031e+003,-8.014384e-005
1.052960e+003,-1.111174e-004
1.054888e+003,-1.205580e-004
1.056817e+003,-8.832636e-005
1.058745e+003,-6.778695e-005
1.060674e+003,-1.357289e-004
1.062602e+003,-1.986594e-004
1.064531e+003,-1.744819e-004
1.066459e+003,-1.605710e-004
1.068388e+003,-8.948582e-005
1.070316e+003,-4.744535e-005
1.072245e+003,-9.528305e-005
1.074173e+003,-1.791851e-004
1.076102e+003,-1.436123e-004
1.078030e+003,-1.274479e-004
1.079959e+003,-1.419562e-004
1.081887e+003,-1.700437e-004
1.083816e+003,-2.015407e-004
1.085744e+003,-1.880943e-004
1.087673e+003,-1.176430e-004
1.089601e+003,-1.434467e-004
1.091530e+003,-1.868027e-004
1.093458e+003,-2.365789e-004
1.095387e+003,-2.443279e-004
1.097315e+003,-2.554877e-004
1.099244e+003,-2.278693e-004
1.101172e+003,-2.042564e-004
1.103101e+003,-1.917375e-004
1.105029e+003,-1.923668e-004
1.106958e+003,-2.262134e-004
1.108886e+003,-2.619119e-004
1.110815e+003,-2.610840e-004
1.112743e+003,-2.303530e-004
1.114672e+003,-1.868027e-004
1.116600e+003,-1.694807e-004
1.118529e+003,-1.747800e-004
1.120457e+003,-2.054156e-004
1.122386e+003,-2.126353e-004
1.124314e+003,-1.486139e-004
1.126243e+003,-1.095604e-004
1.128171e+003,-1.967716e-004
1.130100e+003,-2.466791e-004
1.132028e+003,-2.062436e-004
1.133957e+003,-1.771316e-004
1.135885e+003,-1.857759e-004
1.137814e+003,-2.202855e-004
1.139742e+003,-2.468778e-004
1.141671e+003,-2.530041e-004
1.143599e+003,-2.564811e-004
1.145528e+003,-2.655875e-004
1.147456e+003,-2.621436e-004
1.149385e+003,-2.318764e-004
1.151313e+003,-2.200868e-004
1.153242e+003,-2.301543e-004
1.155170e+003,-2.097872e-004
1.157099e+003,-1.859084e-004
1.159027e+003,-2.223056e-004
1.160956e+003,-2.609184e-004
1.162884e+003,-3.036004e-004
1.164813e+003,-3.058189e-004
1.166741e+003,-2.808196e-004
1.168670e+003,-2.399898e-004
1.170598e+003,-2.533352e-004
1.172526e+003,-2.559182e-004
1.174455e+003,-2.483680e-004
1.176384e+003,-2.517126e-004
1.178312e+003,-2.218751e-004
1.180240e+003,-2.528385e-004
1.182169e+003,-2.811176e-004
1.184098e+003,-2.630709e-004
1.186026e+003,-2.617321e-004
1.187954e+003,-2.324938e-004
1.189883e+003,-2.596379e-004
1.191812e+003,-2.767714e-004
1.193740e+003,-2.644097e-004
1.195668e+003,-2.845522e-004
1.197597e+003,-2.967682e-004
1.199526e+003,-2.913903e-004
1.201454e+003,-2.949842e-004
1.203382e+003,-2.984290e-004
1.205311e+003,-2.826955e-004
1.207240e+003,-2.688087e-004
1.209168e+003,-3.028522e-004
1.211096e+003,-3.087175e-004
1.213025e+003,-2.999034e-004
1.214953e+003,-2.717021e-004
1.216882e+003,-2.815651e-004
1.218810e+003,-2.735237e-004
1.220739e+003,-2.960742e-004
1.222667e+003,-2.962405e-004
1.224596e+003,-3.423454e-004
1.226524e+003,-3.751638e-004
1.228453e+003,-3.182922e-004
1.230381e+003,-3.008753e-004
1.232310e+003,-2.972352e-004
1.234238e+003,-2.729034e-004
1.236167e+003,-2.766179e-004
1.238095e+003,-2.875926e-004
1.240024e+003,-3.189158e-004
1.241952e+003,-3.195661e-004
1.243881e+003,-2.905936e-004
1.245809e+003,-3.221290e-004
1.247738e+003,-3.507611e-004
1.249666e+003,-3.350695e-004
1.251595e+003,-3.430374e-004
1.253523e+003,-3.342116e-004
1.255452e+003,-3.373011e-004
1.257380e+003,-3.260181e-004
1.259309e+003,-3.073016e-004
1.261237e+003,-3.050314e-004
1.263166e+003,-3.316179e-004
1.265094e+003,-3.404420e-004
1.267023e+003,-3.670322e-004
1.268951e+003,-3.791130e-004
1.270880e+003,-3.543531e-004
1.272808e+003,-3.381532e-004
1.274737e+003,-3.559593e-004
1.276665e+003,-3.255431e-004
1.278594e+003,-2.994848e-004
1.280522e+003,-3.343871e-004
1.282451e+003,-3.138306e-004
1.284379e+003,-3.205036e-004
1.286308e+003,-3.389150e-004
1.288236e+003,-3.253432e-004
1.290165e+003,-3.127053e-004
1.292093e+003,-3.068334e-004
1.294022e+003,-3.307658e-004
1.295950e+003,-3.269647e-004
1.297879e+003,-3.034979e-004
1.299807e+003,-2.887389e-004
1.301736e+003,-2.636891e-004
1.303664e+003,-2.949023e-004
1.305593e+003,-3.118908e-004
1.307521e+003,-3.042937e-004
1.309450e+003,-2.905947e-004
1.311378e+003,-2.748244e-004
1.313307e+003,-2.773388e-004
1.315235e+003,-2.887347e-004
1.317164e+003,-2.690302e-004
1.319092e+003,-2.699730e-004
1.321021e+003,-2.520033e-004
1.322949e+003,-2.685582e-004
1.324878e+003,-2.938446e-004
1.326806e+003,-2.806487e-004
1.328735e+003,-2.843213e-004
1.330663e+003,-2.666493e-004
1.332592e+003,-2.697485e-004
1.334520e+003,-3.153184e-004
1.336449e+003,-3.249126e-004
1.338377e+003,-2.873403e-004
1.340306e+003,-3.052211e-004
1.342234e+003,-3.195887e-004
1.344163e+003,-2.937272e-004
1.346091e+003,-2.781755e-004
1.348020e+003,-2.711961e-004
1.349948e+003,-2.923729e-004
1.351877e+003,-3.306451e-004
1.353805e+003,-3.256676e-004
1.355734e+003,-3.430613e-004
1.357662e+003,-3.155319e-004
1.359591e+003,-2.641353e-004
1.361519e+003,-2.994083e-004
1.363448e+003,-3.699570e-004
1.365376e+003,-3.443265e-004
1.367305e+003,-3.261884e-004
1.369233e+003,-3.556276e-004
1.371162e+003,-3.849499e-004
1.373090e+003,-3.515301e-004
1.375019e+003,-2.939257e-004
1.376947e+003,-3.161680e-004
1.378876e+003,-3.391000e-004
1.380804e+003,-3.454227e-004
1.382733e+003,-3.952239e-004
1.384661e+003,-4.214720e-004
1.386590e+003,-3.510677e-004
1.388518e+003,-3.049078e-004
1.390447e+003,-3.347025e-004
1.392375e+003,-3.315855e-004
1.394304e+003,-2.578994e-004
1.396232e+003,-2.410693e-004
1.398161e+003,-2.507092e-004
1.400089e+003,-2.951620e-004
1.402018e+003,-3.033910e-004
1.403946e+003,-3.008269e-004
1.405875e+003,-3.228248e-004
1.407803e+003,-3.301589e-004
1.409732e+003,-3.247901e-004
1.411660e+003,-3.259920e-004
1.413589e+003,-3.442672e-004
1.415517e+003,-3.448628e-004
1.417446e+003,-2.900014e-004
1.419374e+003,-3.205336e-004
1.421303e+003,-3.994108e-004
1.423231e+003,-3.816219e-004
1.425160e+003,-3.623110e-004
1.427088e+003,-3.087067e-004
1.429017e+003,-2.626173e-004
1.430945e+003,-2.861468e-004
1.432874e+003,-3.210554e-004
1.434802e+003,-3.462621e-004
1.436731e+003,-3.566763e-004
1.438659e+003,-4.052215e-004
1.440588e+003,-3.981570e-004
1.442516e+003,-4.306215e-004
1.444445e+003,-4.299759e-004
1.446373e+003,-3.712907e-004
1.448302e+003,-3.657681e-004
1.450230e+003,-3.390279e-004
1.452159e+003,-3.464178e-004
1.454087e+003,-3.837057e-004
1.456016e+003,-3.648563e-004
1.457944e+003,-4.246435e-004
1.459873e+003,-4.351731e-004
1.461801e+003,-4.684620e-004
1.463730e+003,-4.383964e-004
1.465658e+003,-3.854007e-004
1.467587e+003,-4.074094e-004
1.469515e+003,-3.721027e-004
1.471444e+003,-3.471522e-004
1.473372e+003,-3.800458e-004
1.475301e+003,-3.166901e-004
1.477229e+003,-3.299260e-004
1.479158e+003,-3.910318e-004
1.481086e+003,-4.220344e-004
1.483015e+003,-4.496204e-004
1.484943e+003,-4.294110e-004
1.486872e+003,-4.388901e-004
1.488800e+003,-3.355744e-004
1.490729e+003,-2.695678e-004
1.492657e+003,-3.258054e-004
1.494586e+003,-3.772216e-004
1.496514e+003,-4.580185e-004
1.498443e+003,-4.584439e-004
1.500371e+003,-4.207543e-004
1.502300e+003,-4.292837e-004
1.504228e+003,-4.421798e-004
1.506157e+003,-3.927711e-004
1.508085e+003,-3.388198e-004
1.510014e+003,-2.707822e-004
1.511942e+003,-3.460871e-004
1.513871e+003,-3.287295e-004
1.515799e+003,-2.517386e-004
1.517728e+003,-3.319959e-004
1.519656e+003,-4.045686e-004
1.521585e+003,-4.468591e-004
1.523513e+003,-4.728787e-004
1.525442e+003,-4.596160e-004
1.527370e+003,-4.165937e-004
1.529299e+003,-3.785000e-004
1.531227e+003,-3.826222e-004
1.533156e+003,-3.368616e-004
1.535084e+003,-4.093504e-004
1.537013e+003,-4.907689e-004
1.538941e+003,-4.587579e-004
1.540870e+003,-4.075194e-004
1.542798e+003,-3.938662e-004
1.544727e+003,-4.290440e-004
1.546655e+003,-4.621177e-004
1.548584e+003,-4.476710e-004
1.550512e+003,-4.389718e-004
1.552441e+003,-3.347979e-004
1.554369e+003,-2.766809e-004
1.556298e+003,-3.641250e-004
1.558226e+003,-3.645938e-004
1.560155e+003,-5.225039e-004
1.562083e+003,-5.111039e-004
1.564012e+003,-4.794565e-004
1.565940e+003,-5.342413e-004
1.567869e+003,-4.801793e-004
1.569797e+003,-4.055497e-004
1.571726e+003,-3.927813e-004
1.573654e+003,-4.098501e-004
1.575583e+003,-5.450726e-004
1.577511e+003,-5.150526e-004
1.579440e+003,-4.607009e-004
1.581368e+003,-5.852364e-004
1.583297e+003,-6.253916e-004
1.585225e+003,-5.551972e-004
1.587154e+003,-5.378802e-004
1.589082e+003,-5.064602e-004
1.591010e+003,-4.220197e-004
1.592939e+003,-3.781182e-004
1.594868e+003,-4.289707e-004
1.596796e+003,-4.989528e-004
1.598724e+003,-5.352410e-004
1.600653e+003,-5.801166e-004
1.602582e+003,-5.875493e-004
1.604510e+003,-5.636300e-004
1.606438e+003,-5.788792e-004
1.608367e+003,-5.704401e-004
1.610296e+003,-5.244765e-004
1.612224e+003,-5.207708e-004
1.614152e+003,-5.469727e-004
1.616081e+003,-6.325329e-004
1.618010e+003,-6.879671e-004
1.619938e+003,-6.144412e-004
1.621866e+003,-5.320804e-004
1.623795e+003,-4.785614e-004
1.625724e+003,-5.542517e-004
1.627652e+003,-5.725051e-004
1.629580e+003,-5.404122e-004
1.631509e+003,-5.586085e-004
1.633438e+003,-5.949122e-004
1.635366e+003,-5.964562e-004
1.637294e+003,-5.651159e-004
1.639223e+003,-5.729682e-004
1.641151e+003,-5.807366e-004
1.643080e+003,-5.523483e-004
1.645008e+003,-5.319917e-004
1.646937e+003,-4.989865e-004
1.648865e+003,-5.338233e-004
1.650794e+003,-6.254254e-004
1.652722e+003,-6.639766e-004
1.654651e+003,-6.112648e-004
1.656579e+003,-5.908997e-004
1.658508e+003,-6.096645e-004
1.660436e+003,-5.459758e-004
1.662365e+003,-5.748452e-004
1.664293e+003,-6.583870e-004
1.666222e+003,-5.682900e-004
1.668150e+003,-4.813717e-004
1.670079e+003,-4.919700e-004
1.672007e+003,-4.729490e-004
1.673936e+003,-4.866097e-004
1.675864e+003,-6.229233e-004
1.677793e+003,-6.275781e-004
1.679721e+003,-6.408277e-004
1.681650e+003,-6.631766e-004
1.683578e+003,-6.545841e-004
1.685507e+003,-7.550648e-004
1.687435e+003,-5.843764e-004
1.689364e+003,-5.754866e-004
1.691292e+003,-6.827794e-004
1.693221e+003,-5.933936e-004
1.695149e+003,-7.108669e-004
1.697078e+003,-7.576616e-004
1.699006e+003,-6.422581e-004
1.700935e+003,-7.106607e-004
1.702863e+003,-6.690760e-004
1.704792e+003,-6.120089e-004
1.706720e+003,-6.624559e-004
1.708649e+003,-6.264015e-004
1.710577e+003,-6.272657e-004
1.712506e+003,-7.221491e-004
1.714434e+003,-7.538691e-004
1.716363e+003,-7.737055e-004
1.718291e+003,-7.320729e-004
1.720220e+003,-7.820341e-004
1.722148e+003,-8.579278e-004
1.724077e+003,-9.202620e-004
1.726005e+003,-8.027500e-004
1.727934e+003,-7.226686e-004
1.729862e+003,-7.801055e-004
1.731791e+003,-7.787675e-004
1.733719e+003,-7.095569e-004
1.735648e+003,-7.115757e-004
1.737576e+003,-6.398126e-004
1.739505e+003,-7.014571e-004
1.741433e+003,-7.242096e-004
1.743362e+003,-6.830269e-004
1.745290e+003,-7.475087e-004
1.747219e+003,-7.542012e-004
1.749147e+003,-6.459671e-004
1.751076e+003,-6.658420e-004
1.753004e+003,-7.515827e-004
1.754933e+003,-7.767913e-004
1.756861e+003,-7.806001e-004
1.758790e+003,-8.070951e-004
1.760718e+003,-7.375345e-004
1.762647e+003,-7.856790e-004
1.764575e+003,-7.898958e-004
1.766504e+003,-7.059809e-004
1.768432e+003,-7.038295e-004
1.770361e+003,-6.962928e-004
1.772289e+003,-7.332105e-004
1.774218e+003,-8.415327e-004
1.776146e+003,-8.032638e-004
1.778075e+003,-8.187745e-004
1.780003e+003,-7.935028e-004
1.781932e+003,-8.672382e-004
1.783860e+003,-9.278430e-004
1.785789e+003,-9.477449e-004
1.787717e+003,-9.119716e-004
1.789646e+003,-8.604122e-004
1.791574e+003,-8.791438e-004
1.793503e+003,-9.017969e-004
1.795431e+003,-9.524858e-004
1.797360e+003,-1.079987e-003
1.799288e+003,-1.118651e-003
1.801217e+003,-1.124325e-003
1.803145e+003,-1.174879e-003
1.805074e+003,-1.263078e-003
1.807002e+003,-1.243600e-003
1.808931e+003,-1.227756e-003
1.810859e+003,-1.223389e-003
1.812788e+003,-1.253447e-003
1.814716e+003,-1.242228e-003
1.816645e+003,-1.252057e-003
1.818573e+003,-1.251690e-003
1.820502e+003,-1.301263e-003
1.822430e+003,-1.353457e-003
1.824359e+003,-1.407302e-003
1.826287e+003,-1.428995e-003
1.828216e+003,-1.327596e-003
1.830144e+003,-1.298404e-003
1.832073e+003,-1.298540e-003
1.834001e+003,-1.305430e-003
1.835930e+003,-1.289314e-003
1.837858e+003,-1.194165e-003
1.839787e+003,-1.272459e-003
1.841715e+003,-1.384645e-003
1.843644e+003,-1.406936e-003
1.845572e+003,-1.389467e-003
1.847501e+003,-1.461551e-003
1.849429e+003,-1.350715e-003
1.851358e+003,-1.230357e-003
1.853286e+003,-1.221639e-003
1.855215e+003,-1.150752e-003
1.857143e+003,-1.060576e-003
1.859072e+003,-1.209155e-003
1.861000e+003,-1.266084e-003
1.862929e+003,-1.237915e-003
1.864857e+003,-1.273276e-003
1.866786e+003,-1.181054e-003
1.868714e+003,-1.192861e-003
1.870643e+003,-1.286091e-003
1.872571e+003,-1.257572e-003
1.874500e+003,-1.236139e-003
1.876428e+003,-1.114988e-003
1.878357e+003,-1.067269e-003
1.880285e+003,-1.142914e-003
1.882214e+003,-1.274753e-003
1.884142e+003,-1.423644e-003
1.886071e+003,-1.592527e-003
1.887999e+003,-1.570403e-003
1.889928e+003,-1.589819e-003
1.891856e+003,-1.571291e-003
1.893785e+003,-1.599205e-003
1.895713e+003,-1.655277e-003
1.897642e+003,-1.821708e-003
1.899570e+003,-1.864354e-003
1.901499e+003,-1.777142e-003
1.903427e+003,-1.979957e-003
1.905356e+003,-2.095623e-003
1.907284e+003,-1.992762e-003
1.909213e+003,-2.005483e-003
1.911141e+003,-2.054880e-003
1.913070e+003,-2.281244e-003
1.914998e+003,-2.443177e-003
1.916927e+003,-2.495196e-003
1.918855e+003,-2.505654e-003
1.920784e+003,-2.434370e-003
1.922712e+003,-2.599580e-003
1.924641e+003,-2.783456e-003
1.926569e+003,-2.794258e-003
1.928498e+003,-2.972275e-003
1.930426e+003,-3.235250e-003
1.932355e+003,-3.181031e-003
1.934283e+003,-3.126938e-003
1.936212e+003,-3.704263e-003
1.938140e+003,-3.857891e-003
1.940069e+003,-3.612218e-003
1.941997e+003,-3.785636e-003
1.943926e+003,-4.407237e-003
1.945854e+003,-4.384379e-003
1.947783e+003,-4.016957e-003
1.949711e+003,-4.114346e-003
1.951640e+003,-4.092726e-003
1.953568e+003,-4.220042e-003
1.955497e+003,-4.893567e-003
1.957425e+003,-5.421938e-003
1.959354e+003,-5.412259e-003
1.961282e+003,-5.281832e-003
1.963211e+003,-5.089302e-003
1.965139e+003,-5.063044e-003
1.967068e+003,-5.086745e-003
1.968996e+003,-5.016808e-003
1.970925e+003,-4.643621e-003
1.972853e+003,-4.477175e-003
1.974782e+003,-4.375158e-003
1.976710e+003,-4.692645e-003
1.978639e+003,-4.825898e-003
1.980567e+003,-4.484997e-003
1.982496e+003,-4.037017e-003
1.984424e+003,-3.250589e-003
1.986353e+003,-3.623201e-003
1.988281e+003,-3.622388e-003
1.990210e+003,-3.702636e-003
1.992138e+003,-4.040198e-003
1.994067e+003,-3.678723e-003
1.995995e+003,-3.491492e-003
1.997924e+003,-4.514943e-003
1.999852e+003,-4.292317e-003
2.001781e+003,-4.704576e-003
2.003709e+003,-5.720309e-003
2.005638e+003,-6.205275e-003
2.007566e+003,-6.730190e-003
2.009495e+003,-6.313781e-003
2.011423e+003,-5.340703e-003
2.013352e+003,-5.737420e-003
2.015280e+003,-5.669761e-003
2.017208e+003,-5.997786e-003
2.019137e+003,-5.649029e-003
2.021066e+003,-5.768179e-003
2.022994e+003,-5.806756e-003
2.024922e+003,-5.577644e-003
2.026851e+003,-5.283874e-003
2.028780e+003,-5.263782e-003
2.030708e+003,-5.352202e-003
2.032636e+003,-5.005897e-003
2.034565e+003,-4.979874e-003
2.036494e+003,-4.617124e-003
2.038422e+003,-3.654067e-003
2.040350e+003,-2.803838e-003
2.042279e+003,-2.237278e-003
2.044208e+003,-2.168526e-003
2.046136e+003,-2.214570e-003
2.048064e+003,-2.183318e-003
2.049993e+003,-1.801374e-003
2.051921e+003,-1.575918e-003
2.053850e+003,-1.368237e-003
2.055778e+003,-1.232613e-003
2.057707e+003,-1.071833e-003
2.059635e+003,-6.923038e-004
2.061564e+003,-9.211399e-004
2.063492e+003,-1.208901e-003
2.065421e+003,-1.294980e-003
2.067349e+003,-1.045853e-003
2.069278e+003,-5.374798e-004
2.071206e+003,-6.204642e-004
2.073135e+003,-1.215611e-003
2.075063e+003,-1.299084e-003
2.076992e+003,-1.254579e-003
2.078920e+003,-1.489771e-003
2.080849e+003,-1.203371e-003
2.082777e+003,-8.225249e-004
2.084706e+003,-9.117600e-004
2.086634e+003,-1.243126e-003
2.088563e+003,-1.076414e-003
2.090491e+003,-1.014271e-003
2.092420e+003,-1.245848e-003
2.094348e+003,-1.250229e-003
2.096277e+003,-1.434134e-003
2.098205e+003,-1.755731e-003
2.100134e+003,-2.074728e-003
2.102062e+003,-2.500999e-003
2.103991e+003,-2.627649e-003
2.105919e+003,-2.269869e-003
2.107848e+003,-2.341258e-003
2.109776e+003,-2.538520e-003
2.111705e+003,-2.508477e-003
2.113633e+003,-2.574226e-003
2.115562e+003,-2.758575e-003
2.117490e+003,-2.913226e-003
2.119419e+003,-3.230617e-003
2.121347e+003,-3.373428e-003
2.123276e+003,-3.323747e-003
2.125204e+003,-3.628681e-003
2.127133e+003,-3.617049e-003
2.129061e+003,-3.955006e-003
2.130990e+003,-4.539774e-003
2.132918e+003,-4.633410e-003
2.134847e+003,-5.151064e-003
2.136775e+003,-5.637391e-003
2.138704e+003,-5.789123e-003
2.140632e+003,-6.878895e-003
2.142561e+003,-6.928269e-003
2.144489e+003,-6.239072e-003
2.146418e+003,-7.110714e-003
2.148346e+003,-7.063839e-003
2.150275e+003,-6.632921e-003
2.152203e+003,-6.737461e-003
2.154132e+003,-6.929704e-003
2.156060e+003,-6.844519e-003
2.157989e+003,-7.870480e-003
2.159917e+003,-7.848809e-003
2.161846e+003,-8.071492e-003
2.163774e+003,-7.685750e-003
2.165703e+003,-6.663627e-003
2.167631e+003,-4.320422e-003
2.169560e+003,-3.737527e-003
2.171488e+003,-4.535216e-003
2.173417e+003,-3.263636e-003
2.175345e+003,-2.234401e-003
2.177274e+003,-2.011870e-003
2.179202e+003,-2.722686e-003
2.181131e+003,-3.378754e-003
2.183059e+003,-3.265510e-003
2.184988e+003,-2.940444e-003
2.186916e+003,-2.882320e-003
2.188845e+003,-3.157171e-003
2.190773e+003,-2.467592e-003
2.192702e+003,-1.338538e-003
2.194630e+003,-1.577328e-003
2.196559e+003,-2.479123e-003
2.198487e+003,-3.166677e-003
2.200416e+003,-3.674056e-003
2.202344e+003,-4.058059e-003
2.204273e+003,-3.789723e-003
2.206201e+003,-3.811565e-003
2.208130e+003,-4.013249e-003
2.210058e+003,-3.612317e-003
2.211987e+003,-4.062753e-003
2.213915e+003,-4.220943e-003
2.215844e+003,-4.525314e-003
2.217772e+003,-4.755213e-003
2.219701e+003,-4.538102e-003
2.221629e+003,-4.478453e-003
2.223558e+003,-4.669076e-003
2.225486e+003,-5.140226e-003
2.227415e+003,-4.975786e-003
2.229343e+003,-4.814692e-003
2.231272e+003,-4.605670e-003
2.233200e+003,-4.689191e-003
2.235129e+003,-4.317669e-003
2.237057e+003,-4.426097e-003
2.238986e+003,-4.362412e-003
2.240914e+003,-4.289113e-003
2.242843e+003,-4.073592e-003
2.244771e+003,-4.174181e-003
2.246700e+003,-4.427935e-003
2.248628e+003,-4.332038e-003
2.250557e+003,-4.151367e-003
2.252485e+003,-4.254350e-003
2.254414e+003,-3.911081e-003
2.256342e+003,-3.909027e-003
2.258271e+003,-3.770273e-003
2.260199e+003,-3.424313e-003
2.262128e+003,-3.141119e-003
2.264056e+003,-2.760626e-003
2.265985e+003,-2.422846e-003
2.267913e+003,-2.364299e-003
2.269842e+003,-2.326725e-003
2.271770e+003,-2.368509e-003
2.273699e+003,-2.171587e-003
2.275627e+003,-2.140826e-003
2.277556e+003,-1.999578e-003
2.279484e+003,-1.711737e-003
2.281413e+003,-1.726147e-003
2.283341e+003,-1.635554e-003
2.285270e+003,-1.252251e-003
2.287198e+003,-8.819138e-004
2.289127e+003,-7.050686e-004
2.291055e+003,-4.655143e-004
2.292984e+003,-2.963073e-004
2.294912e+003,-5.178359e-004
2.296841e+003,-6.951036e-004
2.298769e+003,-6.965779e-004
2.300698e+003,-7.563992e-004
2.302626e+003,-8.816075e-004
2.304555e+003,-8.437150e-004
2.306483e+003,-6.604996e-004
2.308412e+003,-5.544187e-004
2.310340e+003,-5.888235e-004
2.312269e+003,-5.460362e-004
2.314197e+003,-5.949088e-004
2.316125e+003,-6.427488e-004
2.318054e+003,-9.670206e-004
2.319983e+003,-1.208224e-003
2.321911e+003,-1.362051e-003
2.323840e+003,-1.554138e-003
2.325768e+003,-1.513742e-003
2.327697e+003,-1.429221e-003
2.329625e+003,-1.442624e-003
2.331553e+003,-1.404952e-003
2.333482e+003,-1.540221e-003
2.335411e+003,-1.696496e-003
2.337339e+003,-1.870595e-003
2.339268e+003,-1.956655e-003
2.341196e+003,-2.129970e-003
2.343125e+003,-2.183995e-003
2.345053e+003,-2.306330e-003
2.346981e+003,-2.334597e-003
2.348910e+003,-2.401723e-003
2.350839e+003,-2.420696e-003
2.352767e+003,-2.389861e-003
2.354696e+003,-2.363167e-003
2.356624e+003,-2.341652e-003
2.358552e+003,-2.470830e-003
2.360481e+003,-2.451102e-003
2.362409e+003,-2.417358e-003
2.364338e+003,-2.351765e-003
2.366267e+003,-2.418125e-003
2.368195e+003,-2.532545e-003
2.370124e+003,-2.504149e-003
2.372052e+003,-2.465799e-003
2.373980e+003,-2.504391e-003
2.375909e+003,-2.446477e-003
2.377838e+003,-2.328843e-003
2.379766e+003,-2.443040e-003
2.381695e+003,-2.627977e-003
2.383623e+003,-2.725884e-003
2.385552e+003,-2.772126e-003
2.387480e+003,-2.669268e-003
2.389408e+003,-2.471084e-003
2.391337e+003,-2.369818e-003
2.393266e+003,-2.222659e-003
2.395194e+003,-2.085645e-003
2.397123e+003,-2.018111e-003
2.399051e+003,-2.079641e-003
2.400979e+003,-2.019258e-003
2.402908e+003,-1.916941e-003
2.404836e+003,-1.902591e-003
2.406765e+003,-1.994357e-003
2.408694e+003,-2.025524e-003
2.410622e+003,-2.036440e-003
2.412551e+003,-2.020182e-003
2.414479e+003,-1.922483e-003
2.416407e+003,-1.808892e-003
2.418336e+003,-1.798564e-003
2.420264e+003,-1.733917e-003
2.422193e+003,-1.704281e-003
2.424122e+003,-1.578285e-003
2.426050e+003,-1.543883e-003
2.427979e+003,-1.540152e-003
2.429907e+003,-1.639719e-003
2.431835e+003,-1.759790e-003
2.433764e+003,-1.730749e-003
2.435692e+003,-1.606709e-003
2.437621e+003,-1.517965e-003
2.439550e+003,-1.567060e-003
2.441478e+003,-1.619913e-003
2.443406e+003,-1.554580e-003
2.445335e+003,-1.641964e-003
2.447263e+003,-1.623182e-003
2.449192e+003,-1.527045e-003
2.451121e+003,-1.540549e-003
2.453049e+003,-1.584194e-003
2.454978e+003,-1.651669e-003
2.456906e+003,-1.667578e-003
2.458834e+003,-1.708604e-003
2.460763e+003,-1.745798e-003
2.462691e+003,-1.771901e-003
2.464620e+003,-1.783385e-003
2.466549e+003,-1.937459e-003
2.468477e+003,-2.171600e-003
2.470406e+003,-2.199096e-003
2.472334e+003,-2.134113e-003
2.474262e+003,-2.034693e-003
2.476191e+003,-2.046994e-003
2.478119e+003,-2.245543e-003
2.480048e+003,-2.256157e-003
2.481977e+003,-2.195733e-003
2.483905e+003,-2.240632e-003
2.485833e+003,-2.338226e-003
2.487762e+003,-2.329393e-003
2.489690e+003,-2.389008e-003
2.491619e+003,-2.552915e-003
2.493547e+003,-2.460706e-003
2.495476e+003,-2.374937e-003
2.497405e+003,-2.445748e-003
2.499333e+003,-2.498001e-003
2.501261e+003,-2.344092e-003
2.503190e+003,-2.304807e-003
2.505118e+003,-2.397345e-003
2.507047e+003,-2.462782e-003
2.508975e+003,-2.392699e-003
2.510904e+003,-2.295447e-003
2.512833e+003,-2.406637e-003
2.514761e+003,-2.575017e-003
2.516689e+003,-2.501657e-003
2.518618e+003,-2.422980e-003
2.520546e+003,-2.409240e-003
2.522475e+003,-2.413590e-003
2.524403e+003,-2.383933e-003
2.526332e+003,-2.336578e-003
2.528260e+003,-2.345608e-003
2.530189e+003,-2.426111e-003
2.532117e+003,-2.580781e-003
2.534046e+003,-2.527221e-003
2.535974e+003,-2.519414e-003
2.537903e+003,-2.480573e-003
2.539831e+003,-2.425913e-003
2.541760e+003,-2.494014e-003
2.543688e+003,-2.459487e-003
2.545617e+003,-2.463144e-003
2.547545e+003,-2.548567e-003
2.549474e+003,-2.594779e-003
2.551402e+003,-2.580649e-003
2.553331e+003,-2.527715e-003
2.555259e+003,-2.501064e-003
2.557188e+003,-2.564114e-003
2.559116e+003,-2.636739e-003
2.561045e+003,-2.470294e-003
2.562973e+003,-2.281109e-003
2.564902e+003,-2.423574e-003
2.566830e+003,-2.480375e-003
2.568759e+003,-2.435369e-003
2.570687e+003,-2.447165e-003
2.572616e+003,-2.470920e-003
2.574544e+003,-2.427396e-003
2.576473e+003,-2.370686e-003
2.578401e+003,-2.385219e-003
2.580330e+003,-2.444430e-003
2.582258e+003,-2.478464e-003
2.584187e+003,-2.493850e-003
2.586115e+003,-2.420773e-003
2.588044e+003,-2.314694e-003
2.589972e+003,-2.301313e-003
2.591901e+003,-2.327317e-003
2.593829e+003,-2.351210e-003
2.595758e+003,-2.298578e-003
2.597686e+003,-2.163490e-003
2.599615e+003,-2.099228e-003
2.601543e+003,-2.097447e-003
2.603472e+003,-2.042871e-003
2.605400e+003,-2.032252e-003
2.607329e+003,-1.889824e-003
2.609257e+003,-1.774706e-003
2.611186e+003,-1.707977e-003
2.613114e+003,-1.635263e-003
2.615043e+003,-1.635956e-003
2.616971e+003,-1.598159e-003
2.618900e+003,-1.492507e-003
2.620828e+003,-1.351421e-003
2.622757e+003,-1.341379e-003
2.624685e+003,-1.367573e-003
2.626614e+003,-1.310559e-003
2.628542e+003,-1.326118e-003
2.630471e+003,-1.348646e-003
2.632399e+003,-1.370347e-003
2.634328e+003,-1.334376e-003
2.636256e+003,-1.294504e-003
2.638185e+003,-1.311914e-003
2.640113e+003,-1.352676e-003
2.642042e+003,-1.366450e-003
2.643970e+003,-1.343790e-003
2.645899e+003,-1.353634e-003
2.647827e+003,-1.429004e-003
2.649756e+003,-1.461632e-003
2.651684e+003,-1.523545e-003
2.653613e+003,-1.600140e-003
2.655541e+003,-1.703719e-003
2.657470e+003,-1.740947e-003
2.659398e+003,-1.758371e-003
2.661327e+003,-1.821892e-003
2.663255e+003,-1.915621e-003
2.665184e+003,-1.961110e-003
2.667112e+003,-1.980867e-003
2.669041e+003,-2.054710e-003
2.670969e+003,-2.154490e-003
2.672898e+003,-2.200315e-003
2.674826e+003,-2.255003e-003
2.676755e+003,-2.299929e-003
2.678683e+003,-2.324384e-003
2.680612e+003,-2.383604e-003
2.682540e+003,-2.439587e-003
2.684469e+003,-2.444332e-003
2.686397e+003,-2.482154e-003
2.688326e+003,-2.517404e-003
2.690254e+003,-2.518096e-003
2.692183e+003,-2.521160e-003
2.694111e+003,-2.618229e-003
2.696040e+003,-2.666542e-003
2.697968e+003,-2.610259e-003
2.699897e+003,-2.571657e-003
2.701825e+003,-2.528670e-003
2.703754e+003,-2.514802e-003
2.705682e+003,-2.498330e-003
2.707611e+003,-2.476224e-003
2.709539e+003,-2.455830e-003
2.711468e+003,-2.521687e-003
2.713396e+003,-2.505248e-003
2.715325e+003,-2.446144e-003
2.717253e+003,-2.425221e-003
2.719182e+003,-2.463342e-003
2.721110e+003,-2.452041e-003
2.723039e+003,-2.397971e-003
2.724967e+003,-2.322505e-003
2.726896e+003,-2.287767e-003
2.728824e+003,-2.271418e-003
2.730753e+003,-2.275044e-003
2.732681e+003,-2.270463e-003
2.734610e+003,-2.223161e-003
2.736538e+003,-2.192337e-003
2.738467e+003,-2.257640e-003
2.740395e+003,-2.259387e-003
2.742324e+003,-2.225303e-003
2.744252e+003,-2.197777e-003
2.746181e+003,-2.182150e-003
2.748109e+003,-2.174106e-003
2.750038e+003,-2.209546e-003
2.751966e+003,-2.236149e-003
2.753895e+003,-2.195469e-003
2.755823e+003,-2.256190e-003
2.757752e+003,-2.307411e-003
2.759680e+003,-2.285262e-003
2.761609e+003,-2.269968e-003
2.763537e+003,-2.271649e-003
2.765466e+003,-2.302434e-003
2.767394e+003,-2.330679e-003
2.769323e+003,-2.335754e-003
2.771251e+003,-2.347321e-003
2.773180e+003,-2.310344e-003
2.775108e+003,-2.287998e-003
2.777037e+003,-2.363404e-003
2.778965e+003,-2.377771e-003
2.780894e+003,-2.398399e-003
2.782822e+003,-2.407659e-003
2.784750e+003,-2.406341e-003
2.786679e+003,-2.418335e-003
2.788608e+003,-2.440806e-003
2.790536e+003,-2.467296e-003
2.792465e+003,-2.467526e-003
2.794393e+003,-2.460640e-003
2.796322e+003,-2.481429e-003
2.798250e+003,-2.479914e-003
2.800178e+003,-2.531141e-003
2.802107e+003,-2.515230e-003
2.804036e+003,-2.539014e-003
2.805964e+003,-2.586216e-003
2.807893e+003,-2.582428e-003
2.809821e+003,-2.592671e-003
2.811750e+003,-2.612235e-003
2.813678e+003,-2.540332e-003
2.815606e+003,-2.540397e-003
2.817535e+003,-2.558976e-003
2.819464e+003,-2.560458e-003
2.821392e+003,-2.574292e-003
2.823321e+003,-2.577553e-003
2.825249e+003,-2.605385e-003
2.827177e+003,-2.663974e-003
2.829106e+003,-2.666312e-003
2.831034e+003,-2.686663e-003
2.832963e+003,-2.688705e-003
2.834892e+003,-2.691866e-003
2.836820e+003,-2.697694e-003
2.838749e+003,-2.712018e-003
2.840677e+003,-2.750772e-003
2.842605e+003,-2.757884e-003
2.844534e+003,-2.727395e-003
2.846462e+003,-2.717220e-003
2.848391e+003,-2.781424e-003
2.850320e+003,-2.808848e-003
2.852248e+003,-2.814609e-003
2.854177e+003,-2.827809e-003
2.856105e+003,-2.837850e-003
2.858033e+003,-2.851050e-003
2.859962e+003,-2.851379e-003
2.861890e+003,-2.802988e-003
2.863819e+003,-2.793408e-003
2.865748e+003,-2.843281e-003
2.867676e+003,-2.840088e-003
2.869604e+003,-2.847988e-003
2.871533e+003,-2.863953e-003
2.873461e+003,-2.851083e-003
2.875390e+003,-2.860892e-003
2.877319e+003,-2.866191e-003
2.879247e+003,-2.851313e-003
2.881176e+003,-2.841504e-003
2.883104e+003,-2.833175e-003
2.885032e+003,-2.815333e-003
2.886961e+003,-2.845125e-003
2.888889e+003,-2.862373e-003
2.890818e+003,-2.842359e-003
2.892747e+003,-2.840384e-003
2.894675e+003,-2.809671e-003
2.896604e+003,-2.844795e-003
2.898532e+003,-2.868430e-003
2.900460e+003,-2.886961e-003
2.902389e+003,-2.935672e-003
2.904317e+003,-2.949724e-003
2.906246e+003,-2.923297e-003
2.908175e+003,-2.873828e-003
2.910103e+003,-2.938996e-003
2.912031e+003,-2.970589e-003
2.913960e+003,-2.915760e-003
2.915888e+003,-2.960552e-003
2.917817e+003,-2.970589e-003
2.919745e+003,-2.969996e-003
2.921674e+003,-2.996421e-003
2.923603e+003,-3.027384e-003
2.925531e+003,-3.047620e-003
2.927459e+003,-3.035347e-003
2.929388e+003,-2.952226e-003
2.931316e+003,-2.970029e-003
2.933245e+003,-2.956471e-003
2.935173e+003,-2.939621e-003
2.937102e+003,-2.923001e-003
2.939031e+003,-2.938963e-003
2.940959e+003,-2.899304e-003
2.942887e+003,-2.862999e-003
2.944816e+003,-2.916122e-003
2.946744e+003,-2.925798e-003
2.948673e+003,-2.954924e-003
2.950601e+003,-2.996125e-003
2.952530e+003,-2.993821e-003
2.954458e+003,-2.935178e-003
2.956387e+003,-2.918953e-003
2.958315e+003,-2.934849e-003
2.960244e+003,-2.952620e-003
2.962172e+003,-2.917900e-003
2.964101e+003,-2.913456e-003
2.966029e+003,-2.910363e-003
2.967958e+003,-2.881596e-003
2.969886e+003,-2.828632e-003
2.971815e+003,-2.820436e-003
2.973743e+003,-2.862307e-003
2.975672e+003,-2.809045e-003
2.977600e+003,-2.837356e-003
2.979529e+003,-2.876395e-003
2.981457e+003,-2.925831e-003
2.983386e+003,-2.883340e-003
2.985314e+003,-2.854605e-003
2.987243e+003,-2.915859e-003
2.989171e+003,-2.913555e-003
2.991100e+003,-2.866323e-003
2.993028e+003,-2.853848e-003
2.994957e+003,-2.948375e-003
2.996885e+003,-2.991353e-003
2.998814e+003,-2.908223e-003
3.000742e+003,-2.917110e-003
3.002671e+003,-3.017875e-003
3.004599e+003,-3.037979e-003
3.006528e+003,-2.986680e-003
3.008456e+003,-3.026693e-003
3.010385e+003,-2.974702e-003
3.012313e+003,-2.903484e-003
3.014242e+003,-2.956701e-003
3.016170e+003,-3.040776e-003
3.018099e+003,-3.020244e-003
3.020027e+003,-2.968384e-003
3.021956e+003,-3.041994e-003
3.023884e+003,-3.072888e-003
3.025813e+003,-3.039197e-003
3.027741e+003,-3.069927e-003
3.029670e+003,-3.138158e-003
3.031598e+003,-3.084535e-003
3.033527e+003,-3.042059e-003
3.035455e+003,-3.058774e-003
3.037384e+003,-3.046008e-003
3.039312e+003,-3.057260e-003
3.041241e+003,-3.121578e-003
3.043169e+003,-3.149835e-003
3.045098e+003,-3.110426e-003
3.047026e+003,-3.104011e-003
3.048955e+003,-3.043606e-003
3.050883e+003,-3.061110e-003
3.052812e+003,-3.113551e-003
3.054740e+003,-3.133783e-003
3.056669e+003,-3.169539e-003
3.058597e+003,-3.149474e-003
3.060526e+003,-3.064169e-003
3.062454e+003,-3.040480e-003
3.064383e+003,-3.096872e-003
3.066311e+003,-3.149605e-003
3.068240e+003,-3.165065e-003
3.070168e+003,-3.154474e-003
3.072097e+003,-3.122170e-003
3.074025e+003,-3.169572e-003
3.075954e+003,-3.204601e-003
3.077882e+003,-3.166480e-003
3.079811e+003,-3.117005e-003
3.081739e+003,-3.107432e-003
3.083668e+003,-3.120229e-003
3.085596e+003,-3.191971e-003
3.087525e+003,-3.232064e-003
3.089453e+003,-3.146316e-003
3.091382e+003,-3.121940e-003
3.093310e+003,-3.189669e-003
3.095239e+003,-3.245976e-003
3.097167e+003,-3.218678e-003
3.099096e+003,-3.230814e-003
3.101024e+003,-3.293166e-003
3.102953e+003,-3.341766e-003
3.104881e+003,-3.356660e-003
3.106810e+003,-3.277250e-003
3.108738e+003,-3.215455e-003
3.110667e+003,-3.264655e-003
3.112595e+003,-3.265938e-003
3.114524e+003,-3.271759e-003
3.116452e+003,-3.305432e-003
3.118381e+003,-3.294186e-003
3.120309e+003,-3.314080e-003
3.122238e+003,-3.288497e-003
3.124166e+003,-3.263833e-003
3.126095e+003,-3.297014e-003
3.128023e+003,-3.332757e-003
3.129952e+003,-3.358403e-003
3.131880e+003,-3.357910e-003
3.133809e+003,-3.367839e-003
3.135737e+003,-3.403806e-003
3.137666e+003,-3.354556e-003
3.139594e+003,-3.325457e-003
3.141523e+003,-3.411795e-003
3.143451e+003,-3.433754e-003
3.145380e+003,-3.439672e-003
3.147308e+003,-3.432900e-003
3.149237e+003,-3.416233e-003
3.151165e+003,-3.365176e-003
3.153094e+003,-3.340385e-003
3.155022e+003,-3.401110e-003
3.156951e+003,-3.435793e-003
3.158879e+003,-3.429843e-003
3.160808e+003,-3.440822e-003
3.162736e+003,-3.415016e-003
3.164665e+003,-3.500942e-003
3.166593e+003,-3.499496e-003
3.168522e+003,-3.494763e-003
3.170450e+003,-3.532560e-003
3.172379e+003,-3.494565e-003
3.174307e+003,-3.456897e-003
3.176236e+003,-3.479446e-003
3.178164e+003,-3.534926e-003
3.180093e+003,-3.518099e-003
3.182021e+003,-3.532165e-003
3.183950e+003,-3.506365e-003
3.185878e+003,-3.515798e-003
3.187807e+003,-3.487564e-003
3.189735e+003,-3.521155e-003
3.191664e+003,-3.571898e-003
3.193592e+003,-3.576367e-003
3.195521e+003,-3.561251e-003
3.197449e+003,-3.577715e-003
3.199378e+003,-3.642054e-003
3.201306e+003,-3.636863e-003
3.203235e+003,-3.572983e-003
3.205163e+003,-3.511032e-003
3.207092e+003,-3.586719e-003
3.209020e+003,-3.559312e-003
3.210948e+003,-3.559542e-003
3.212877e+003,-3.550373e-003
3.214806e+003,-3.527761e-003
3.216734e+003,-3.549814e-003
3.218663e+003,-3.511032e-003
3.220591e+003,-3.527071e-003
3.222520e+003,-3.630390e-003
3.224448e+003,-3.723369e-003
3.226376e+003,-3.714499e-003
3.228305e+003,-3.670771e-003
3.230234e+003,-3.670343e-003
3.232162e+003,-3.677440e-003
3.234091e+003,-3.661834e-003
3.236019e+003,-3.617509e-003
3.237948e+003,-3.606140e-003
3.239876e+003,-3.675206e-003
3.241804e+003,-3.675666e-003
3.243733e+003,-3.620434e-003
3.245662e+003,-3.607487e-003
3.247590e+003,-3.585503e-003
3.249519e+003,-3.578504e-003
3.251447e+003,-3.621222e-003
3.253375e+003,-3.534269e-003
3.255304e+003,-3.506398e-003
3.257232e+003,-3.638407e-003
3.259161e+003,-3.665908e-003
3.261090e+003,-3.629338e-003
3.263018e+003,-3.628681e-003
3.264947e+003,-3.602755e-003
3.266875e+003,-3.578241e-003
3.268803e+003,-3.583433e-003
3.270732e+003,-3.571767e-003
3.272660e+003,-3.633216e-003
3.274589e+003,-3.640641e-003
3.276518e+003,-3.650137e-003
3.278446e+003,-3.674352e-003
3.280375e+003,-3.703953e-003
3.282303e+003,-3.725504e-003
3.284231e+003,-3.720050e-003
3.286160e+003,-3.686377e-003
3.288088e+003,-3.676126e-003
3.290017e+003,-3.661965e-003
3.291946e+003,-3.721496e-003
3.293874e+003,-3.806770e-003
3.295802e+003,-3.860303e-003
3.297731e+003,-3.792777e-003
3.299659e+003,-3.751817e-003
3.301588e+003,-3.788179e-003
3.303516e+003,-3.780132e-003
3.305445e+003,-3.684832e-003
3.307374e+003,-3.679050e-003
3.309302e+003,-3.686738e-003
3.311230e+003,-3.657004e-003
3.313159e+003,-3.766401e-003
3.315087e+003,-3.883226e-003
3.317016e+003,-3.848809e-003
3.318944e+003,-3.805160e-003
3.320873e+003,-3.833406e-003
3.322802e+003,-3.811959e-003
3.324730e+003,-3.848973e-003
3.326658e+003,-3.953233e-003
3.328587e+003,-3.856593e-003
3.330515e+003,-3.781840e-003
3.332444e+003,-3.804668e-003
3.334372e+003,-3.811105e-003
3.336301e+003,-3.810843e-003
3.338229e+003,-3.876132e-003
3.340158e+003,-3.842766e-003
3.342086e+003,-3.771394e-003
3.344015e+003,-3.816853e-003
3.345943e+003,-3.796358e-003
3.347872e+003,-3.845952e-003
3.349800e+003,-3.938654e-003
3.351729e+003,-3.869433e-003
3.353657e+003,-3.804963e-003
3.355586e+003,-3.829695e-003
3.357514e+003,-3.894818e-003
3.359443e+003,-3.902436e-003
3.361371e+003,-3.942201e-003
3.363300e+003,-3.987576e-003
3.365229e+003,-3.942464e-003
3.367157e+003,-3.881288e-003
3.369085e+003,-3.885098e-003
3.371014e+003,-3.997261e-003
3.372942e+003,-3.937407e-003
3.374871e+003,-3.876888e-003
3.376799e+003,-3.945846e-003
3.378728e+003,-3.885590e-003
3.380656e+003,-3.873046e-003
3.382585e+003,-3.921514e-003
3.384513e+003,-3.968172e-003
3.386442e+003,-4.058682e-003
3.388370e+003,-4.061670e-003
3.390299e+003,-4.014300e-003
3.392227e+003,-4.022999e-003
3.394156e+003,-4.033997e-003
3.396084e+003,-4.061407e-003
3.398013e+003,-4.015777e-003
3.399941e+003,-4.099910e-003
3.401870e+003,-4.083925e-003
3.403798e+003,-4.043221e-003
3.405727e+003,-4.101452e-003
3.407655e+003,-4.124132e-003
3.409584e+003,-4.122655e-003
3.411512e+003,-4.112676e-003
3.413441e+003,-4.152837e-003
3.415369e+003,-4.179502e-003
3.417298e+003,-4.227560e-003
3.419226e+003,-4.196938e-003
3.421155e+003,-4.253948e-003
3.423083e+003,-4.306972e-003
3.425012e+003,-4.325184e-003
3.426940e+003,-4.305306e-003
3.428869e+003,-4.217132e-003
3.430797e+003,-4.253444e-003
3.432726e+003,-4.360842e-003
3.434654e+003,-4.290137e-003
3.436583e+003,-4.190349e-003
3.438511e+003,-4.169310e-003
3.440440e+003,-4.249388e-003
3.442368e+003,-4.366113e-003
3.444297e+003,-4.355531e-003
3.446225e+003,-4.394300e-003
3.448154e+003,-4.379184e-003
3.450082e+003,-4.366780e-003
3.452011e+003,-4.376157e-003
3.453939e+003,-4.321985e-003
3.455868e+003,-4.372941e-003
3.457796e+003,-4.463307e-003
3.459725e+003,-4.346841e-003
3.461653e+003,-4.262952e-003
3.463582e+003,-4.253821e-003
3.465510e+003,-4.384332e-003
3.467439e+003,-4.480986e-003
3.469367e+003,-4.450277e-003
3.471296e+003,-4.354355e-003
3.473224e+003,-4.350852e-003
3.475153e+003,-4.441932e-003
3.477081e+003,-4.485400e-003
3.479010e+003,-4.385573e-003
3.480938e+003,-4.385255e-003
3.482867e+003,-4.390805e-003
3.484795e+003,-4.363821e-003
3.486724e+003,-4.331347e-003
3.488652e+003,-4.289848e-003
3.490581e+003,-4.309004e-003
3.492509e+003,-4.325817e-003
3.494438e+003,-4.351923e-003
3.496366e+003,-4.350923e-003
3.498295e+003,-4.393762e-003
3.500223e+003,-4.430093e-003
3.502152e+003,-4.456304e-003
3.504080e+003,-4.344017e-003
3.506009e+003,-4.391152e-003
3.507937e+003,-4.459423e-003
3.509866e+003,-4.391085e-003
3.511794e+003,-4.410683e-003
3.513723e+003,-4.449173e-003
3.515651e+003,-4.440952e-003
3.517580e+003,-4.349330e-003
3.519508e+003,-4.330805e-003
3.521437e+003,-4.439387e-003
3.523365e+003,-4.480209e-003
3.525294e+003,-4.477387e-003
3.527222e+003,-4.497700e-003
3.529151e+003,-4.507545e-003
3.531079e+003,-4.586557e-003
3.533008e+003,-4.568938e-003
3.534936e+003,-4.551562e-003
3.536865e+003,-4.568604e-003
3.538793e+003,-4.494742e-003
3.540722e+003,-4.585396e-003
3.542650e+003,-4.628082e-003
3.544579e+003,-4.524843e-003
3.546507e+003,-4.534714e-003
3.548436e+003,-4.570875e-003
3.550364e+003,-4.650307e-003
3.552293e+003,-4.726240e-003
3.554221e+003,-4.684046e-003
3.556150e+003,-4.578963e-003
3.558078e+003,-4.520081e-003
3.560007e+003,-4.535562e-003
3.561935e+003,-4.638012e-003
3.563864e+003,-4.634947e-003
3.565792e+003,-4.472875e-003
3.567721e+003,-4.493899e-003
3.569649e+003,-4.717209e-003
3.571578e+003,-4.738845e-003
3.573506e+003,-4.752050e-003
3.575435e+003,-4.708658e-003
3.577363e+003,-4.623107e-003
3.579292e+003,-4.582012e-003
3.581220e+003,-4.653227e-003
3.583149e+003,-4.660865e-003
3.585077e+003,-4.626023e-003
3.587006e+003,-4.570217e-003
3.588934e+003,-4.574820e-003
3.590863e+003,-4.687305e-003
3.592791e+003,-4.744184e-003
3.594720e+003,-4.630953e-003
3.596648e+003,-4.640545e-003
3.598577e+003,-4.587045e-003
3.600505e+003,-4.532869e-003
3.602434e+003,-4.480206e-003
3.604362e+003,-4.461774e-003
3.606291e+003,-4.533825e-003
3.608219e+003,-4.787556e-003
3.610148e+003,-4.850584e-003
3.612076e+003,-4.790940e-003
3.614005e+003,-4.796146e-003
3.615933e+003,-4.743531e-003
3.617862e+003,-4.637256e-003
3.619790e+003,-4.670955e-003
3.621719e+003,-4.600391e-003
3.623647e+003,-4.492792e-003
3.625576e+003,-4.500258e-003
3.627504e+003,-4.543514e-003
3.629433e+003,-4.552228e-003
3.631361e+003,-4.684512e-003
3.633290e+003,-4.743267e-003
3.635218e+003,-4.787053e-003
3.637146e+003,-4.745996e-003
3.639075e+003,-4.685848e-003
3.641004e+003,-4.691194e-003
3.642932e+003,-4.711327e-003
3.644861e+003,-4.704012e-003
3.646789e+003,-4.650725e-003
3.648718e+003,-4.666175e-003
3.650646e+003,-4.806488e-003
3.652574e+003,-4.966482e-003
3.654503e+003,-4.993122e-003
3.656432e+003,-4.988731e-003
3.658360e+003,-4.982208e-003
3.660289e+003,-4.855542e-003
3.662217e+003,-4.685469e-003
3.664146e+003,-4.624260e-003
3.666074e+003,-4.722548e-003
3.668002e+003,-4.722247e-003
3.669931e+003,-4.823368e-003
3.671860e+003,-4.875341e-003
3.673788e+003,-4.818657e-003
3.675717e+003,-4.940536e-003
3.677645e+003,-5.072227e-003
3.679573e+003,-4.986563e-003
3.681502e+003,-4.855132e-003
3.683430e+003,-4.717502e-003
3.685359e+003,-4.783537e-003
3.687288e+003,-4.897003e-003
3.689216e+003,-4.708926e-003
3.691145e+003,-4.755935e-003
3.693073e+003,-4.806988e-003
3.695001e+003,-4.800681e-003
3.696930e+003,-4.848854e-003
3.698858e+003,-4.841727e-003
3.700787e+003,-4.648138e-003
3.702716e+003,-4.653229e-003
3.704644e+003,-4.660302e-003
3.706573e+003,-4.567230e-003
3.708501e+003,-4.543104e-003
3.710429e+003,-4.658836e-003
3.712358e+003,-4.787725e-003
3.714286e+003,-4.853324e-003
3.716215e+003,-4.966661e-003
3.718144e+003,-4.911062e-003
3.720072e+003,-4.662951e-003
3.722000e+003,-4.496749e-003
3.723929e+003,-4.445319e-003
3.725857e+003,-4.410435e-003
3.727786e+003,-4.532418e-003
3.729714e+003,-4.602677e-003
3.731643e+003,-4.718408e-003
3.733572e+003,-4.615775e-003
3.735500e+003,-4.593226e-003
3.737428e+003,-4.566168e-003
3.739357e+003,-4.577750e-003
3.741285e+003,-4.692177e-003
3.743214e+003,-4.810677e-003
3.745142e+003,-4.792961e-003
3.747071e+003,-4.848071e-003
3.749000e+003,-4.985702e-003
3.750928e+003,-4.976190e-003
3.752856e+003,-4.772976e-003
3.754785e+003,-4.750256e-003
3.756713e+003,-4.857965e-003
3.758642e+003,-4.868262e-003
3.760570e+003,-4.859284e-003
3.762499e+003,-4.821312e-003
3.764427e+003,-4.781147e-003
3.766356e+003,-4.858774e-003
3.768284e+003,-4.867419e-003
3.770213e+003,-4.891172e-003
3.772141e+003,-4.982707e-003
3.774070e+003,-5.095615e-003
3.775998e+003,-4.990259e-003
3.777927e+003,-4.872654e-003
3.779855e+003,-5.006977e-003
3.781784e+003,-5.117548e-003
3.783712e+003,-5.039724e-003
3.785641e+003,-5.008770e-003
3.787569e+003,-5.170187e-003
3.789498e+003,-5.139927e-003
3.791426e+003,-5.065998e-003
3.793355e+003,-5.124325e-003
3.795283e+003,-5.134702e-003
3.797212e+003,-5.188921e-003
3.799140e+003,-5.298913e-003
3.801069e+003,-5.297583e-003
3.802997e+003,-5.197437e-003
3.804926e+003,-5.153802e-003
3.806854e+003,-5.256624e-003
3.808783e+003,-5.081790e-003
3.810711e+003,-5.059794e-003
3.812640e+003,-5.235231e-003
3.814568e+003,-5.290252e-003
3.816497e+003,-5.387605e-003
3.818425e+003,-5.318268e-003
3.820354e+003,-5.241051e-003
3.822282e+003,-5.193131e-003
3.824211e+003,-5.150881e-003
3.826139e+003,-5.190429e-003
3.828068e+003,-5.162416e-003
3.829996e+003,-5.127884e-003
3.831925e+003,-5.221057e-003
3.833853e+003,-5.174815e-003
3.835782e+003,-5.214295e-003
3.837710e+003,-5.381060e-003
3.839639e+003,-5.258819e-003
3.841567e+003,-5.180186e-003
3.843496e+003,-5.285109e-003
3.845424e+003,-5.382767e-003
3.847353e+003,-5.316873e-003
3.849281e+003,-5.334608e-003
3.851210e+003,-5.387511e-003
3.853138e+003,-5.378963e-003
3.855067e+003,-5.388256e-003
3.856995e+003,-5.248613e-003
3.858924e+003,-5.338430e-003
3.860852e+003,-5.435340e-003
3.862781e+003,-5.319613e-003
3.864709e+003,-5.321036e-003
3.866638e+003,-5.328876e-003
3.868566e+003,-5.223892e-003
3.870495e+003,-5.271154e-003
3.872423e+003,-5.243658e-003
3.874352e+003,-5.209563e-003
3.876280e+003,-5.414396e-003
3.878209e+003,-5.423835e-003
3.880137e+003,-5.409696e-003
3.882066e+003,-5.493487e-003
3.883994e+003,-5.435450e-003
3.885923e+003,-5.325390e-003
3.887851e+003,-5.256483e-003
3.889780e+003,-5.346217e-003
3.891708e+003,-5.486008e-003
3.893637e+003,-5.500917e-003
3.895565e+003,-5.479576e-003
3.897494e+003,-5.424905e-003
3.899422e+003,-5.455279e-003
3.901351e+003,-5.453004e-003
3.903279e+003,-5.389204e-003
3.905208e+003,-5.460703e-003
3.907136e+003,-5.555879e-003
3.909065e+003,-5.612469e-003
3.910993e+003,-5.539031e-003
3.912922e+003,-5.475044e-003
3.914850e+003,-5.576410e-003
3.916779e+003,-5.604831e-003
3.918707e+003,-5.539237e-003
3.920636e+003,-5.643156e-003
3.922564e+003,-5.663611e-003
3.924493e+003,-5.566221e-003
3.926421e+003,-5.548235e-003
3.928350e+003,-5.556908e-003
3.930278e+003,-5.562568e-003
3.932207e+003,-5.627208e-003
3.934135e+003,-5.676981e-003
3.936064e+003,-5.696201e-003
3.937992e+003,-5.625800e-003
3.939921e+003,-5.648090e-003
3.941849e+003,-5.698624e-003
3.943778e+003,-5.713834e-003
3.945706e+003,-5.719740e-003
3.947635e+003,-5.739978e-003
3.949563e+003,-5.760601e-003
3.951492e+003,-5.781566e-003
3.953420e+003,-5.834270e-003
3.955349e+003,-5.742726e-003
3.957277e+003,-5.720498e-003
3.959206e+003,-5.740578e-003
3.961134e+003,-5.726171e-003
3.963063e+003,-5.757363e-003
3.964991e+003,-5.728784e-003
3.966920e+003,-5.798297e-003
3.968848e+003,-5.829923e-003
3.970777e+003,-5.845370e-003
3.972705e+003,-5.850553e-003
3.974634e+003,-5.780620e-003
3.976562e+003,-5.762169e-003
3.978491e+003,-5.834609e-003
3.980419e+003,-5.815448e-003
3.982348e+003,-5.791584e-003
3.984276e+003,-5.822265e-003
3.986205e+003,-5.803620e-003
3.988133e+003,-5.798505e-003
3.990062e+003,-5.903428e-003
3.991990e+003,-5.958616e-003
3.993919e+003,-5.902207e-003
3.995847e+003,-5.924117e-003
3.997776e+003,-5.992748e-003
3.999704e+003,-5.993258e-003
4.001633e+003,0.000000e+000
