3.991989e+002,2.911718e-003
4.011274e+002,1.417964e-003
4.030559e+002,1.417964e-003
4.049844e+002,9.064655e-004
4.069129e+002,4.755997e-003
4.088414e+002,6.645754e-003
4.107699e+002,2.963958e-003
4.126984e+002,-2.279023e-004
4.146269e+002,-4.949392e-004
4.165554e+002,4.872774e-004
4.184839e+002,2.556578e-003
4.204124e+002,1.938919e-003
4.223409e+002,2.004690e-003
4.242694e+002,2.793750e-003
4.261979e+002,2.035415e-003
4.281264e+002,2.791316e-003
4.300549e+002,3.793168e-003
4.319834e+002,3.942735e-003
4.339119e+002,3.479657e-003
4.358404e+002,3.392757e-003
4.377689e+002,2.600376e-003
4.396974e+002,2.011281e-003
4.416259e+002,3.166973e-003
4.435544e+002,3.526921e-003
4.454829e+002,2.642611e-003
4.474114e+002,2.931532e-003
4.493399e+002,2.960855e-003
4.512684e+002,2.067075e-003
4.531969e+002,2.699519e-003
4.551254e+002,2.667180e-003
4.570539e+002,1.953430e-003
4.589824e+002,3.258034e-003
4.609109e+002,2.958987e-003
4.628394e+002,2.905980e-003
4.647679e+002,3.459383e-003
4.666964e+002,4.116036e-003
4.686249e+002,3.590628e-003
4.705533e+002,2.619376e-003
4.724819e+002,2.610042e-003
4.744103e+002,2.737363e-003
4.763389e+002,2.770141e-003
4.782673e+002,2.194735e-003
4.801959e+002,2.156307e-003
4.821243e+002,2.757136e-003
4.840529e+002,2.854181e-003
4.859813e+002,2.590876e-003
4.879099e+002,2.292488e-003
4.898383e+002,2.262776e-003
4.917668e+002,2.425546e-003
4.936953e+002,2.552879e-003
4.956238e+002,1.954229e-003
4.975523e+002,1.658340e-003
4.994808e+002,1.939618e-003
5.014093e+002,1.887401e-003
5.033378e+002,2.063313e-003
5.052663e+002,2.404621e-003
5.071948e+002,1.796261e-003
5.091233e+002,2.024197e-003
5.110518e+002,1.508426e-003
5.129803e+002,1.345901e-003
5.149088e+002,1.942713e-003
5.168373e+002,2.177086e-003
5.187658e+002,1.680792e-003
5.206943e+002,1.748320e-003
5.226228e+002,2.094175e-003
5.245513e+002,2.189673e-003
5.264798e+002,2.283228e-003
5.284083e+002,2.381333e-003
5.303368e+002,2.190806e-003
5.322653e+002,1.825840e-003
5.341938e+002,1.677598e-003
5.361223e+002,1.838784e-003
5.380508e+002,1.953297e-003
5.399792e+002,2.313939e-003
5.419078e+002,2.438840e-003
5.438363e+002,1.869032e-003
5.457648e+002,1.584674e-003
5.476932e+002,1.663761e-003
5.496218e+002,1.830332e-003
5.515503e+002,1.792535e-003
5.534788e+002,1.814328e-003
5.554072e+002,1.914291e-003
5.573358e+002,1.614804e-003
5.592643e+002,1.793300e-003
5.611927e+002,2.048431e-003
5.631212e+002,1.788110e-003
5.650497e+002,1.530804e-003
5.669783e+002,1.764555e-003
5.689067e+002,1.982954e-003
5.708352e+002,1.832861e-003
5.727637e+002,1.600670e-003
5.746923e+002,1.576360e-003
5.766207e+002,1.706338e-003
5.785492e+002,1.888166e-003
5.804777e+002,2.264009e-003
5.824063e+002,2.063146e-003
5.843347e+002,1.697257e-003
5.862632e+002,1.738672e-003
5.881917e+002,1.643205e-003
5.901202e+002,1.677927e-003
5.920487e+002,1.573644e-003
5.939772e+002,1.989043e-003
5.959057e+002,1.857168e-003
5.978342e+002,1.732768e-003
5.997627e+002,1.573320e-003
6.016912e+002,1.508753e-003
6.036197e+002,1.669630e-003
6.055482e+002,1.846432e-003
6.074767e+002,1.810041e-003
6.094052e+002,1.717402e-003
6.113337e+002,1.660952e-003
6.132622e+002,1.682459e-003
6.151907e+002,1.604976e-003
6.171192e+002,1.557412e-003
6.190477e+002,1.671756e-003
6.209762e+002,1.565104e-003
6.229047e+002,1.561589e-003
6.248332e+002,1.735628e-003
6.267617e+002,1.571675e-003
6.286902e+002,1.657439e-003
6.306187e+002,1.570486e-003
6.325472e+002,1.602165e-003
6.344756e+002,1.462366e-003
6.364042e+002,1.556102e-003
6.383326e+002,1.634320e-003
6.402612e+002,1.503650e-003
6.421896e+002,1.524102e-003
6.441182e+002,1.582988e-003
6.460466e+002,1.547300e-003
6.479752e+002,1.541397e-003
6.499036e+002,1.566378e-003
6.518322e+002,1.708820e-003
6.537606e+002,1.690402e-003
6.556891e+002,1.595061e-003
6.576177e+002,1.571922e-003
6.595461e+002,1.489636e-003
6.614746e+002,1.362389e-003
6.634031e+002,1.486614e-003
6.653317e+002,1.583544e-003
6.672601e+002,1.598554e-003
6.691886e+002,1.607899e-003
6.711171e+002,1.649919e-003
6.730457e+002,1.526088e-003
6.749741e+002,1.455726e-003
6.769026e+002,1.494348e-003
6.788311e+002,1.541550e-003
6.807596e+002,1.569592e-003
6.826881e+002,1.538717e-003
6.846166e+002,1.582877e-003
6.865451e+002,1.558087e-003
6.884736e+002,1.385735e-003
6.904021e+002,1.466713e-003
6.923306e+002,1.555513e-003
6.942591e+002,1.431884e-003
6.961876e+002,1.388725e-003
6.981161e+002,1.512463e-003
7.000446e+002,1.587122e-003
7.019731e+002,1.591502e-003
7.039016e+002,1.507668e-003
7.058301e+002,1.451410e-003
7.077585e+002,1.341964e-003
7.096871e+002,1.455234e-003
7.116156e+002,1.400596e-003
7.135441e+002,1.371400e-003
7.154725e+002,1.437341e-003
7.174011e+002,1.387879e-003
7.193296e+002,1.416288e-003
7.212581e+002,1.426079e-003
7.231865e+002,1.344084e-003
7.251151e+002,1.408748e-003
7.270436e+002,1.447436e-003
7.289720e+002,1.499361e-003
7.309005e+002,1.343453e-003
7.328290e+002,1.425393e-003
7.347576e+002,1.383280e-003
7.366860e+002,1.305873e-003
7.386145e+002,1.402683e-003
7.405430e+002,1.407950e-003
7.424716e+002,1.348118e-003
7.444000e+002,1.385177e-003
7.463285e+002,1.545288e-003
7.482570e+002,1.556276e-003
7.501855e+002,1.428278e-003
7.521140e+002,1.481070e-003
7.540425e+002,1.376786e-003
7.559710e+002,1.430341e-003
7.578995e+002,1.433391e-003
7.598280e+002,1.374685e-003
7.617565e+002,1.334899e-003
7.636850e+002,1.395227e-003
7.656135e+002,1.400579e-003
7.675420e+002,1.498917e-003
7.694705e+002,1.416967e-003
7.713990e+002,1.432059e-003
7.733275e+002,1.493132e-003
7.752560e+002,1.548261e-003
7.771844e+002,1.544603e-003
7.791130e+002,1.517670e-003
7.810415e+002,1.431228e-003
7.829700e+002,1.395426e-003
7.848984e+002,1.369067e-003
7.868270e+002,1.515109e-003
7.887555e+002,1.493497e-003
7.906840e+002,1.362752e-003
7.926124e+002,1.488178e-003
7.945410e+002,1.542641e-003
7.964695e+002,1.563923e-003
7.983979e+002,1.620624e-003
8.003264e+002,1.674904e-003
8.022549e+002,1.655247e-003
8.041835e+002,1.496290e-003
8.061119e+002,1.507661e-003
8.080404e+002,1.511119e-003
8.099689e+002,1.578621e-003
8.118975e+002,1.595980e-003
8.138259e+002,1.495792e-003
8.157545e+002,1.414440e-003
8.176830e+002,1.447983e-003
8.196115e+002,1.396158e-003
8.215399e+002,1.440536e-003
8.234684e+002,1.405232e-003
8.253970e+002,1.475643e-003
8.273254e+002,1.464905e-003
8.292539e+002,1.510388e-003
8.311824e+002,1.518501e-003
8.331110e+002,1.466866e-003
8.350394e+002,1.402407e-003
8.369679e+002,1.414008e-003
8.388964e+002,1.328651e-003
8.408250e+002,1.385055e-003
8.427534e+002,1.420358e-003
8.446819e+002,1.366508e-003
8.466104e+002,1.329615e-003
8.485389e+002,1.374186e-003
8.504674e+002,1.427272e-003
8.523959e+002,1.475378e-003
8.543244e+002,1.453435e-003
8.562529e+002,1.455962e-003
8.581814e+002,1.347363e-003
8.601099e+002,1.367272e-003
8.620384e+002,1.415870e-003
8.639669e+002,1.440636e-003
8.658954e+002,1.459519e-003
8.678239e+002,1.561129e-003
8.697524e+002,1.602598e-003
8.716809e+002,1.553315e-003
8.736094e+002,1.509989e-003
8.755378e+002,1.507329e-003
8.774664e+002,1.416335e-003
8.793949e+002,1.418895e-003
8.813234e+002,1.462943e-003
8.832518e+002,1.536323e-003
8.851804e+002,1.602831e-003
8.871089e+002,1.587001e-003
8.890374e+002,1.581448e-003
8.909658e+002,1.640413e-003
8.928943e+002,1.628273e-003
8.948229e+002,1.646200e-003
8.967513e+002,1.666822e-003
8.986798e+002,1.627808e-003
9.006083e+002,1.601634e-003
9.025369e+002,1.603097e-003
9.044653e+002,1.584308e-003
9.063938e+002,1.565386e-003
9.083223e+002,1.520928e-003
9.102509e+002,1.576127e-003
9.121793e+002,1.586303e-003
9.141078e+002,1.604727e-003
9.160364e+002,1.608319e-003
9.179648e+002,1.625513e-003
9.198933e+002,1.680060e-003
9.218218e+002,1.633761e-003
9.237504e+002,1.594550e-003
9.256788e+002,1.626743e-003
9.276073e+002,1.669117e-003
9.295358e+002,1.676966e-003
9.314644e+002,1.683818e-003
9.333928e+002,1.797259e-003
9.353213e+002,1.736177e-003
9.372498e+002,1.681091e-003
9.391783e+002,1.805511e-003
9.411068e+002,1.828569e-003
9.430353e+002,1.754009e-003
9.449637e+002,1.797392e-003
9.468923e+002,1.855222e-003
9.488208e+002,1.856986e-003
9.507493e+002,1.862709e-003
9.526777e+002,1.861877e-003
9.546063e+002,1.809337e-003
9.565348e+002,1.792768e-003
9.584633e+002,1.884772e-003
9.603917e+002,1.959455e-003
9.623203e+002,1.913226e-003
9.642488e+002,1.807707e-003
9.661772e+002,1.746922e-003
9.681057e+002,1.782786e-003
9.700343e+002,1.810368e-003
9.719628e+002,1.844274e-003
9.738912e+002,1.885038e-003
9.758197e+002,1.892326e-003
9.777483e+002,1.942780e-003
9.796768e+002,1.912926e-003
9.816052e+002,1.872126e-003
9.835337e+002,1.918650e-003
9.854623e+002,1.828269e-003
9.873907e+002,1.835823e-003
9.893192e+002,1.889930e-003
9.912477e+002,1.945409e-003
9.931763e+002,1.956592e-003
9.951047e+002,2.016307e-003
9.970332e+002,2.033984e-003
9.989617e+002,2.025928e-003
1.000890e+003,2.060949e-003
1.002819e+003,2.087949e-003
1.004747e+003,2.038777e-003
1.006676e+003,2.007952e-003
1.008604e+003,1.995569e-003
1.010533e+003,1.933394e-003
1.012461e+003,1.940949e-003
1.014390e+003,1.944277e-003
1.016318e+003,1.992041e-003
1.018247e+003,2.060483e-003
1.020175e+003,2.082656e-003
1.022104e+003,2.120911e-003
1.024032e+003,2.138326e-003
1.025961e+003,2.234633e-003
1.027889e+003,2.278897e-003
1.029818e+003,2.291288e-003
1.031746e+003,2.258547e-003
1.033675e+003,2.272402e-003
1.035603e+003,2.234366e-003
1.037532e+003,2.235832e-003
1.039460e+003,2.177952e-003
1.041389e+003,2.110323e-003
1.043317e+003,2.115684e-003
1.045246e+003,2.122976e-003
1.047174e+003,2.170292e-003
1.049103e+003,2.149780e-003
1.051031e+003,2.088682e-003
1.052960e+003,2.145718e-003
1.054888e+003,2.161801e-003
1.056817e+003,2.159470e-003
1.058745e+003,2.117881e-003
1.060674e+003,2.150579e-003
1.062602e+003,2.140224e-003
1.064531e+003,2.097838e-003
1.066459e+003,2.071736e-003
1.068388e+003,2.072335e-003
1.070316e+003,2.064511e-003
1.072245e+003,2.072135e-003
1.074173e+003,2.105495e-003
1.076102e+003,2.070670e-003
1.078030e+003,2.039144e-003
1.079959e+003,2.072734e-003
1.081887e+003,2.077395e-003
1.083816e+003,2.030322e-003
1.085744e+003,1.953464e-003
1.087673e+003,1.936756e-003
1.089601e+003,2.003724e-003
1.091530e+003,2.007519e-003
1.093458e+003,2.002226e-003
1.095387e+003,2.003791e-003
1.097315e+003,1.975598e-003
1.099244e+003,1.989711e-003
1.101172e+003,1.947772e-003
1.103101e+003,1.989178e-003
1.105029e+003,1.982288e-003
1.106958e+003,1.957191e-003
1.108886e+003,1.933161e-003
1.110815e+003,1.929633e-003
1.112743e+003,1.910463e-003
1.114672e+003,1.880113e-003
1.116600e+003,1.814727e-003
1.118529e+003,1.728093e-003
1.120457e+003,1.699619e-003
1.122386e+003,1.663263e-003
1.124314e+003,1.680293e-003
1.126243e+003,1.704076e-003
1.128171e+003,1.663595e-003
1.130100e+003,1.585305e-003
1.132028e+003,1.538717e-003
1.133957e+003,1.566550e-003
1.135885e+003,1.525882e-003
1.137814e+003,1.519964e-003
1.139742e+003,1.560232e-003
1.141671e+003,1.519831e-003
1.143599e+003,1.498884e-003
1.145528e+003,1.493697e-003
1.147456e+003,1.492467e-003
1.149385e+003,1.534461e-003
1.151313e+003,1.550223e-003
1.153242e+003,1.526015e-003
1.155170e+003,1.518334e-003
1.157099e+003,1.485884e-003
1.159027e+003,1.500280e-003
1.160956e+003,1.493896e-003
1.162884e+003,1.483689e-003
1.164813e+003,1.440204e-003
1.166741e+003,1.346565e-003
1.168670e+003,1.366209e-003
1.170598e+003,1.391670e-003
1.172526e+003,1.393299e-003
1.174455e+003,1.339419e-003
1.176384e+003,1.318415e-003
1.178312e+003,1.386551e-003
1.180240e+003,1.373056e-003
1.182169e+003,1.313031e-003
1.184098e+003,1.301731e-003
1.186026e+003,1.271965e-003
1.187954e+003,1.251633e-003
1.189883e+003,1.240604e-003
1.191812e+003,1.264325e-003
1.193740e+003,1.270210e-003
1.195668e+003,1.233543e-003
1.197597e+003,1.233787e-003
1.199526e+003,1.251834e-003
1.201454e+003,1.223055e-003
1.203382e+003,1.215303e-003
1.205311e+003,1.193063e-003
1.207240e+003,1.217435e-003
1.209168e+003,1.230394e-003
1.211096e+003,1.194008e-003
1.213025e+003,1.194278e-003
1.214953e+003,1.215671e-003
1.216882e+003,1.223282e-003
1.218810e+003,1.197753e-003
1.220739e+003,1.177429e-003
1.222667e+003,1.145056e-003
1.224596e+003,1.116961e-003
1.226524e+003,1.160842e-003
1.228453e+003,1.201017e-003
1.230381e+003,1.210622e-003
1.232310e+003,1.147706e-003
1.234238e+003,1.084062e-003
1.236167e+003,1.071144e-003
1.238095e+003,1.071111e-003
1.240024e+003,1.081023e-003
1.241952e+003,1.097012e-003
1.243881e+003,1.050592e-003
1.245809e+003,9.998218e-004
1.247738e+003,9.988153e-004
1.249666e+003,1.015123e-003
1.251595e+003,1.022071e-003
1.253523e+003,1.015796e-003
1.255452e+003,9.866677e-004
1.257380e+003,9.212663e-004
1.259309e+003,9.106721e-004
1.261237e+003,9.544074e-004
1.263166e+003,9.322634e-004
1.265094e+003,9.147505e-004
1.267023e+003,9.046125e-004
1.268951e+003,8.919527e-004
1.270880e+003,9.059202e-004
1.272808e+003,9.282146e-004
1.274737e+003,8.872800e-004
1.276665e+003,8.490185e-004
1.278594e+003,8.489017e-004
1.280522e+003,8.575183e-004
1.282451e+003,8.742428e-004
1.284379e+003,8.568887e-004
1.286308e+003,8.486030e-004
1.288236e+003,8.525237e-004
1.290165e+003,8.373952e-004
1.292093e+003,8.151871e-004
1.294022e+003,8.463229e-004
1.295950e+003,8.080652e-004
1.297879e+003,7.922053e-004
1.299807e+003,8.450649e-004
1.301736e+003,8.578180e-004
1.303664e+003,8.446087e-004
1.305593e+003,8.452352e-004
1.307521e+003,8.729324e-004
1.309450e+003,9.337282e-004
1.311378e+003,9.064036e-004
1.313307e+003,8.331748e-004
1.315235e+003,8.304361e-004
1.317164e+003,8.241522e-004
1.319092e+003,7.836923e-004
1.321021e+003,7.910029e-004
1.322949e+003,8.093698e-004
1.324878e+003,8.292365e-004
1.326806e+003,8.620631e-004
1.328735e+003,8.330109e-004
1.330663e+003,8.243228e-004
1.332592e+003,8.101486e-004
1.334520e+003,7.848836e-004
1.336449e+003,7.887902e-004
1.338377e+003,8.029580e-004
1.340306e+003,8.235679e-004
1.342234e+003,8.130613e-004
1.344163e+003,8.150940e-004
1.346091e+003,8.565957e-004
1.348020e+003,8.648471e-004
1.349948e+003,8.340194e-004
1.351877e+003,8.048863e-004
1.353805e+003,7.776755e-004
1.355734e+003,7.742164e-004
1.357662e+003,8.087833e-004
1.359591e+003,7.718842e-004
1.361519e+003,7.611851e-004
1.363448e+003,7.777293e-004
1.365376e+003,8.163752e-004
1.367305e+003,8.292893e-004
1.369233e+003,8.085085e-004
1.371162e+003,7.974474e-004
1.373090e+003,8.097096e-004
1.375019e+003,7.936275e-004
1.376947e+003,7.705502e-004
1.378876e+003,7.761482e-004
1.380804e+003,8.205062e-004
1.382733e+003,8.041266e-004
1.384661e+003,7.993521e-004
1.386590e+003,8.025267e-004
1.388518e+003,8.026774e-004
1.390447e+003,7.741379e-004
1.392375e+003,7.566344e-004
1.394304e+003,7.804375e-004
1.396232e+003,7.948638e-004
1.398161e+003,7.606580e-004
1.400089e+003,7.223054e-004
1.402018e+003,7.281203e-004
1.403946e+003,7.894637e-004
1.405875e+003,8.224415e-004
1.407803e+003,7.917087e-004
1.409732e+003,7.612050e-004
1.411660e+003,7.604731e-004
1.413589e+003,8.053674e-004
1.415517e+003,7.796462e-004
1.417446e+003,7.505259e-004
1.419374e+003,7.841567e-004
1.421303e+003,8.097701e-004
1.423231e+003,7.487343e-004
1.425160e+003,7.640144e-004
1.427088e+003,8.019532e-004
1.429017e+003,7.836719e-004
1.430945e+003,7.626783e-004
1.432874e+003,7.582589e-004
1.434802e+003,7.578320e-004
1.436731e+003,7.545395e-004
1.438659e+003,7.329716e-004
1.440588e+003,7.876386e-004
1.442516e+003,8.594496e-004
1.444445e+003,8.477165e-004
1.446373e+003,7.782066e-004
1.448302e+003,7.841089e-004
1.450230e+003,7.982685e-004
1.452159e+003,7.814490e-004
1.454087e+003,7.831804e-004
1.456016e+003,7.907674e-004
1.457944e+003,7.815785e-004
1.459873e+003,7.881282e-004
1.461801e+003,8.149651e-004
1.463730e+003,7.878203e-004
1.465658e+003,7.878878e-004
1.467587e+003,8.128397e-004
1.469515e+003,7.518074e-004
1.471444e+003,6.732648e-004
1.473372e+003,7.302786e-004
1.475301e+003,7.653183e-004
1.477229e+003,7.712165e-004
1.479158e+003,6.938898e-004
1.481086e+003,6.890710e-004
1.483015e+003,7.538861e-004
1.484943e+003,6.864573e-004
1.486872e+003,5.720950e-004
1.488800e+003,5.673677e-004
1.490729e+003,6.882465e-004
1.492657e+003,7.734337e-004
1.494586e+003,7.468848e-004
1.496514e+003,7.599693e-004
1.498443e+003,7.227932e-004
1.500371e+003,7.147778e-004
1.502300e+003,7.468449e-004
1.504228e+003,7.559276e-004
1.506157e+003,7.279478e-004
1.508085e+003,7.387161e-004
1.510014e+003,7.388752e-004
1.511942e+003,7.558019e-004
1.513871e+003,7.224958e-004
1.515799e+003,7.390059e-004
1.517728e+003,7.188263e-004
1.519656e+003,6.812114e-004
1.521585e+003,6.601822e-004
1.523513e+003,7.034233e-004
1.525442e+003,7.151255e-004
1.527370e+003,6.963349e-004
1.529299e+003,6.977141e-004
1.531227e+003,7.193982e-004
1.533156e+003,6.216918e-004
1.535084e+003,6.015382e-004
1.537013e+003,6.201121e-004
1.538941e+003,6.422176e-004
1.540870e+003,6.374873e-004
1.542798e+003,6.456298e-004
1.544727e+003,6.681720e-004
1.546655e+003,6.752982e-004
1.548584e+003,5.960502e-004
1.550512e+003,6.240777e-004
1.552441e+003,6.545683e-004
1.554369e+003,6.370792e-004
1.556298e+003,6.121665e-004
1.558226e+003,6.037458e-004
1.560155e+003,7.470318e-004
1.562083e+003,6.955429e-004
1.564012e+003,6.198856e-004
1.565940e+003,6.687197e-004
1.567869e+003,6.696596e-004
1.569797e+003,6.841914e-004
1.571726e+003,6.965860e-004
1.573654e+003,7.036018e-004
1.575583e+003,7.764618e-004
1.577511e+003,7.872588e-004
1.579440e+003,7.251907e-004
1.581368e+003,6.659409e-004
1.583297e+003,6.568399e-004
1.585225e+003,7.382239e-004
1.587154e+003,7.010528e-004
1.589082e+003,6.484349e-004
1.591010e+003,6.737554e-004
1.592939e+003,7.169757e-004
1.594868e+003,6.449859e-004
1.596796e+003,5.921677e-004
1.598724e+003,6.073497e-004
1.600653e+003,6.223840e-004
1.602582e+003,6.339329e-004
1.604510e+003,6.096214e-004
1.606438e+003,5.628746e-004
1.608367e+003,5.779688e-004
1.610296e+003,6.094932e-004
1.612224e+003,6.004816e-004
1.614152e+003,5.788813e-004
1.616081e+003,5.733255e-004
1.618010e+003,5.665239e-004
1.619938e+003,5.380798e-004
1.621866e+003,5.660556e-004
1.623795e+003,5.560232e-004
1.625724e+003,5.183347e-004
1.627652e+003,4.796322e-004
1.629580e+003,5.256262e-004
1.631509e+003,5.186574e-004
1.633438e+003,4.935497e-004
1.635366e+003,5.000480e-004
1.637294e+003,5.916724e-004
1.639223e+003,5.826518e-004
1.641151e+003,5.450631e-004
1.643080e+003,5.079595e-004
1.645008e+003,5.137156e-004
1.646937e+003,4.923229e-004
1.648865e+003,5.033815e-004
1.650794e+003,5.861158e-004
1.652722e+003,6.665168e-004
1.654651e+003,6.454780e-004
1.656579e+003,5.825496e-004
1.658508e+003,5.560099e-004
1.660436e+003,5.489771e-004
1.662365e+003,5.291773e-004
1.664293e+003,5.242631e-004
1.666222e+003,5.043997e-004
1.668150e+003,5.126975e-004
1.670079e+003,5.702419e-004
1.672007e+003,6.434240e-004
1.673936e+003,5.888489e-004
1.675864e+003,4.980782e-004
1.677793e+003,4.995473e-004
1.679721e+003,5.218068e-004
1.681650e+003,4.800515e-004
1.683578e+003,4.640682e-004
1.685507e+003,6.858032e-004
1.687435e+003,6.183382e-004
1.689364e+003,4.957566e-004
1.691292e+003,5.038038e-004
1.693221e+003,5.289378e-004
1.695149e+003,6.161563e-004
1.697078e+003,5.510701e-004
1.699006e+003,4.337234e-004
1.700935e+003,5.602619e-004
1.702863e+003,5.741254e-004
1.704792e+003,5.043790e-004
1.706720e+003,4.547526e-004
1.708649e+003,4.862026e-004
1.710577e+003,5.410639e-004
1.712506e+003,5.407942e-004
1.714434e+003,4.329567e-004
1.716363e+003,5.375146e-004
1.718291e+003,6.106449e-004
1.720220e+003,6.230605e-004
1.722148e+003,5.468352e-004
1.724077e+003,5.354832e-004
1.726005e+003,5.890144e-004
1.727934e+003,5.722237e-004
1.729862e+003,5.572709e-004
1.731791e+003,6.167117e-004
1.733719e+003,6.862439e-004
1.735648e+003,6.701755e-004
1.737576e+003,6.059202e-004
1.739505e+003,5.679870e-004
1.741433e+003,5.458319e-004
1.743362e+003,5.643075e-004
1.745290e+003,5.532365e-004
1.747219e+003,4.713534e-004
1.749147e+003,5.339665e-004
1.751076e+003,5.664992e-004
1.753004e+003,5.029283e-004
1.754933e+003,4.987066e-004
1.756861e+003,5.073234e-004
1.758790e+003,5.323321e-004
1.760718e+003,5.279462e-004
1.762647e+003,4.578372e-004
1.764575e+003,4.317923e-004
1.766504e+003,4.297436e-004
1.768432e+003,4.557451e-004
1.770361e+003,4.364118e-004
1.772289e+003,4.195807e-004
1.774218e+003,4.496892e-004
1.776146e+003,3.861929e-004
1.778075e+003,3.835682e-004
1.780003e+003,4.214239e-004
1.781932e+003,4.646911e-004
1.783860e+003,4.284975e-004
1.785789e+003,4.093052e-004
1.787717e+003,4.671508e-004
1.789646e+003,4.660858e-004
1.791574e+003,3.767280e-004
1.793503e+003,4.309276e-004
1.795431e+003,4.625994e-004
1.797360e+003,4.788507e-004
1.799288e+003,3.865106e-004
1.801217e+003,2.842045e-004
1.803145e+003,2.222235e-004
1.805074e+003,2.652475e-004
1.807002e+003,2.672484e-004
1.808931e+003,1.903356e-004
1.810859e+003,1.976186e-004
1.812788e+003,2.423729e-004
1.814716e+003,1.991528e-004
1.816645e+003,2.303890e-004
1.818573e+003,3.207797e-004
1.820502e+003,3.000830e-004
1.822430e+003,2.307124e-004
1.824359e+003,2.516716e-004
1.826287e+003,2.437849e-004
1.828216e+003,2.897164e-004
1.830144e+003,2.915370e-004
1.832073e+003,1.678684e-004
1.834001e+003,1.054867e-004
1.835930e+003,2.504095e-004
1.837858e+003,3.836049e-004
1.839787e+003,3.651613e-004
1.841715e+003,2.827991e-004
1.843644e+003,2.503983e-004
1.845572e+003,3.329291e-004
1.847501e+003,4.193649e-004
1.849429e+003,3.381521e-004
1.851358e+003,3.202001e-004
1.853286e+003,3.922309e-004
1.855215e+003,4.298299e-004
1.857143e+003,2.547849e-004
1.859072e+003,2.651073e-004
1.861000e+003,4.159501e-004
1.862929e+003,3.752011e-004
1.864857e+003,2.916850e-004
1.866786e+003,3.559629e-004
1.868714e+003,5.045755e-004
1.870643e+003,5.156012e-004
1.872571e+003,3.971792e-004
1.874500e+003,5.069252e-004
1.876428e+003,4.656798e-004
1.878357e+003,4.274543e-004
1.880285e+003,4.857233e-004
1.882214e+003,5.937748e-004
1.884142e+003,5.004476e-004
1.886071e+003,4.553354e-004
1.887999e+003,4.764294e-004
1.889928e+003,4.980091e-004
1.891856e+003,4.019042e-004
1.893785e+003,4.935066e-004
1.895713e+003,5.216039e-004
1.897642e+003,4.022603e-004
1.899570e+003,2.900868e-004
1.901499e+003,2.790197e-004
1.903427e+003,5.378366e-004
1.905356e+003,4.787661e-004
1.907284e+003,3.386509e-004
1.909213e+003,4.750769e-004
1.911141e+003,2.842159e-004
1.913070e+003,1.074584e-004
1.914998e+003,1.255441e-004
1.916927e+003,9.865957e-005
1.918855e+003,2.120741e-004
1.920784e+003,4.253808e-004
1.922712e+003,2.257506e-004
1.924641e+003,3.439449e-005
1.926569e+003,-5.411200e-005
1.928498e+003,3.255267e-004
1.930426e+003,1.667493e-004
1.932355e+003,-1.242062e-004
1.934283e+003,1.012674e-005
1.936212e+003,-1.588108e-004
1.938140e+003,-4.673021e-005
1.940069e+003,2.368240e-005
1.941997e+003,-3.609398e-004
1.943926e+003,-7.280126e-004
1.945854e+003,-5.148817e-004
1.947783e+003,-2.119499e-004
1.949711e+003,4.115820e-005
1.951640e+003,-3.102788e-005
1.953568e+003,-4.826234e-004
1.955497e+003,-7.370854e-004
1.957425e+003,-7.250092e-004
1.959354e+003,-6.542871e-004
1.961282e+003,-1.338837e-003
1.963211e+003,-1.295421e-003
1.965139e+003,-1.016325e-003
1.967068e+003,-1.789593e-003
1.968996e+003,-2.187884e-003
1.970925e+003,-8.806792e-004
1.972853e+003,-1.467137e-003
1.974782e+003,-1.471425e-003
1.976710e+003,-1.405667e-004
1.978639e+003,-4.959894e-005
1.980567e+003,-1.271467e-004
1.982496e+003,-6.997947e-005
1.984424e+003,-3.513152e-004
1.986353e+003,-7.138522e-004
1.988281e+003,-6.067920e-004
1.990210e+003,-2.761880e-004
1.992138e+003,-6.748675e-004
1.994067e+003,-1.050045e-003
1.995995e+003,-5.681961e-004
1.997924e+003,-7.364147e-004
1.999852e+003,-9.281168e-004
2.001781e+003,-1.172034e-003
2.003709e+003,-1.456320e-003
2.005638e+003,-1.218625e-003
2.007566e+003,-8.328069e-004
2.009495e+003,-1.077064e-003
2.011423e+003,-1.509703e-003
2.013352e+003,-1.472953e-003
2.015280e+003,-8.532296e-004
2.017208e+003,-7.513262e-004
2.019137e+003,-6.856950e-004
2.021066e+003,-9.174208e-004
2.022994e+003,-1.856643e-003
2.024922e+003,-2.048440e-003
2.026851e+003,-7.540652e-004
2.028780e+003,-1.084069e-003
2.030708e+003,-5.265569e-005
2.032636e+003,1.106532e-003
2.034565e+003,-4.621930e-004
2.036494e+003,-1.216809e-003
2.038422e+003,6.566203e-004
2.040350e+003,5.516883e-004
2.042279e+003,-7.374871e-004
2.044208e+003,-7.067538e-004
2.046136e+003,3.217430e-004
2.048064e+003,5.505368e-004
2.049993e+003,8.616712e-004
2.051921e+003,7.409108e-004
2.053850e+003,7.721918e-004
2.055778e+003,4.734119e-004
2.057707e+003,-7.963424e-005
2.059635e+003,-7.505259e-005
2.061564e+003,-5.449669e-004
2.063492e+003,-4.810003e-004
2.065421e+003,-4.910781e-005
2.067349e+003,-1.784714e-004
2.069278e+003,4.819096e-006
2.071206e+003,7.197863e-005
2.073135e+003,-1.090609e-005
2.075063e+003,-3.357173e-004
2.076992e+003,-4.961735e-005
2.078920e+003,1.477468e-004
2.080849e+003,4.801404e-005
2.082777e+003,-9.064550e-006
2.084706e+003,-5.149770e-005
2.086634e+003,-2.440942e-004
2.088563e+003,-4.666366e-004
2.090491e+003,-5.979029e-004
2.092420e+003,-7.191020e-004
2.094348e+003,-4.661930e-004
2.096277e+003,-6.507277e-004
2.098205e+003,-8.422453e-004
2.100134e+003,-7.341927e-004
2.102062e+003,-6.795112e-004
2.103991e+003,-9.176380e-004
2.105919e+003,-8.996838e-004
2.107848e+003,-7.822524e-004
2.109776e+003,-8.757768e-004
2.111705e+003,-9.460391e-004
2.113633e+003,-1.007629e-003
2.115562e+003,-9.504694e-004
2.117490e+003,-9.241846e-004
2.119419e+003,-9.611481e-004
2.121347e+003,-1.094032e-003
2.123276e+003,-1.648929e-003
2.125204e+003,-1.410740e-003
2.127133e+003,-1.295694e-003
2.129061e+003,-1.964705e-003
2.130990e+003,-2.375794e-003
2.132918e+003,-2.584635e-003
2.134847e+003,-2.629230e-003
2.136775e+003,-3.267582e-003
2.138704e+003,-3.358206e-003
2.140632e+003,-2.729766e-003
2.142561e+003,-2.755052e-003
2.144489e+003,-3.829826e-003
2.146418e+003,-3.320196e-003
2.148346e+003,-3.518624e-003
2.150275e+003,-4.204306e-003
2.152203e+003,-4.597906e-003
2.154132e+003,-5.704729e-003
2.156060e+003,-6.424778e-003
2.157989e+003,-6.429316e-003
2.159917e+003,-7.224948e-003
2.161846e+003,-6.437216e-003
2.163774e+003,-5.453867e-003
2.165703e+003,-4.428931e-003
2.167631e+003,-3.229071e-003
2.169560e+003,-2.946006e-003
2.171488e+003,-3.007378e-003
2.173417e+003,-2.857929e-003
2.175345e+003,-1.698637e-003
2.177274e+003,-1.408693e-003
2.179202e+003,-1.523247e-003
2.181131e+003,-2.116704e-003
2.183059e+003,-2.172326e-003
2.184988e+003,-1.821265e-003
2.186916e+003,-1.639984e-003
2.188845e+003,-1.400700e-003
2.190773e+003,-1.299526e-003
2.192702e+003,-1.195783e-003
2.194630e+003,-6.175106e-004
2.196559e+003,-9.184315e-004
2.198487e+003,-1.067227e-003
2.200416e+003,-1.158278e-003
2.202344e+003,-1.669196e-003
2.204273e+003,-1.446143e-003
2.206201e+003,-1.040950e-003
2.208130e+003,-7.163963e-004
2.210058e+003,-5.605642e-004
2.211987e+003,-7.665087e-004
2.213915e+003,-4.261928e-004
2.215844e+003,-3.456823e-004
2.217772e+003,-8.277604e-004
2.219701e+003,-7.054469e-004
2.221629e+003,-2.893294e-004
2.223558e+003,-3.546876e-004
2.225486e+003,-5.772088e-004
2.227415e+003,-6.652525e-004
2.229343e+003,-5.157232e-004
2.231272e+003,-1.198781e-003
2.233200e+003,-9.713300e-004
2.235129e+003,-3.633897e-004
2.237057e+003,-3.262266e-004
2.238986e+003,-1.935687e-004
2.240914e+003,-4.289941e-004
2.242843e+003,-4.055434e-004
2.244771e+003,-5.162794e-004
2.246700e+003,-2.112020e-004
2.248628e+003,-3.219442e-005
2.250557e+003,-2.638807e-004
2.252485e+003,-1.538913e-004
2.254414e+003,1.639070e-004
2.256342e+003,2.727673e-004
2.258271e+003,3.217378e-004
2.260199e+003,4.581248e-004
2.262128e+003,7.515340e-004
2.264056e+003,1.110341e-003
2.265985e+003,1.094112e-003
2.267913e+003,9.274157e-004
2.269842e+003,9.495017e-004
2.271770e+003,1.014766e-003
2.273699e+003,9.894222e-004
2.275627e+003,8.141348e-004
2.277556e+003,8.276883e-004
2.279484e+003,8.841459e-004
2.281413e+003,7.763184e-004
2.283341e+003,6.830887e-004
2.285270e+003,7.875040e-004
2.287198e+003,9.252653e-004
2.289127e+003,9.501538e-004
2.291055e+003,9.118693e-004
2.292984e+003,8.375274e-004
2.294912e+003,9.400265e-004
2.296841e+003,9.647193e-004
2.298769e+003,9.119110e-004
2.300698e+003,9.327125e-004
2.302626e+003,9.937210e-004
2.304555e+003,1.038432e-003
2.306483e+003,9.630906e-004
2.308412e+003,9.519923e-004
2.310340e+003,8.960022e-004
2.312269e+003,9.170884e-004
2.314197e+003,1.043694e-003
2.316125e+003,1.029276e-003
2.318054e+003,9.623321e-004
2.319983e+003,8.052029e-004
2.321911e+003,6.603052e-004
2.323840e+003,5.063884e-004
2.325768e+003,5.327450e-004
2.327697e+003,5.705703e-004
2.329625e+003,5.033450e-004
2.331553e+003,4.651263e-004
2.333482e+003,2.750382e-004
2.335411e+003,6.337912e-005
2.337339e+003,5.324236e-005
2.339268e+003,1.442793e-004
2.341196e+003,1.324025e-004
2.343125e+003,6.380612e-006
2.345053e+003,-7.587569e-005
2.346981e+003,-1.980887e-004
2.348910e+003,-2.388224e-004
2.350839e+003,-3.358685e-004
2.352767e+003,-3.918358e-004
2.354696e+003,-4.102807e-004
2.356624e+003,-3.862679e-004
2.358552e+003,-4.489546e-004
2.360481e+003,-4.762093e-004
2.362409e+003,-4.245377e-004
2.364338e+003,-3.635069e-004
2.366267e+003,-4.121539e-004
2.368195e+003,-4.766343e-004
2.370124e+003,-5.343267e-004
2.372052e+003,-5.659094e-004
2.373980e+003,-5.506862e-004
2.375909e+003,-4.916714e-004
2.377838e+003,-4.975685e-004
2.379766e+003,-6.182482e-004
2.381695e+003,-6.548550e-004
2.383623e+003,-5.801246e-004
2.385552e+003,-6.520762e-004
2.387480e+003,-6.963297e-004
2.389408e+003,-6.634745e-004
2.391337e+003,-7.196110e-004
2.393266e+003,-7.773957e-004
2.395194e+003,-7.505419e-004
2.397123e+003,-7.149373e-004
2.399051e+003,-6.504979e-004
2.400979e+003,-6.546657e-004
2.402908e+003,-5.846540e-004
2.404836e+003,-5.800877e-004
2.406765e+003,-6.421597e-004
2.408694e+003,-7.159332e-004
2.410622e+003,-6.021580e-004
2.412551e+003,-4.262590e-004
2.414479e+003,-3.701151e-004
2.416407e+003,-3.013158e-004
2.418336e+003,-2.238290e-004
2.420264e+003,-2.412151e-004
2.422193e+003,-3.213144e-004
2.424122e+003,-3.036998e-004
2.426050e+003,-1.533504e-004
2.427979e+003,-1.497633e-005
2.429907e+003,1.988088e-005
2.431835e+003,4.042372e-006
2.433764e+003,-1.204587e-004
2.435692e+003,-1.703056e-005
2.437621e+003,2.375366e-004
2.439550e+003,2.435372e-004
2.441478e+003,1.464109e-004
2.443406e+003,2.824601e-004
2.445335e+003,3.573651e-004
2.447263e+003,3.623725e-004
2.449192e+003,3.320637e-004
2.451121e+003,2.955568e-004
2.453049e+003,2.866046e-004
2.454978e+003,3.528883e-004
2.456906e+003,4.502267e-004
2.458834e+003,3.331248e-004
2.460763e+003,4.700618e-004
2.462691e+003,5.768157e-004
2.464620e+003,5.522315e-004
2.466549e+003,5.999747e-004
2.468477e+003,6.924235e-004
2.470406e+003,7.128008e-004
2.472334e+003,7.743034e-004
2.474262e+003,7.862531e-004
2.476191e+003,7.168830e-004
2.478119e+003,6.923240e-004
2.480048e+003,7.449948e-004
2.481977e+003,7.654077e-004
2.483905e+003,7.662707e-004
2.485833e+003,7.512679e-004
2.487762e+003,6.570478e-004
2.489690e+003,7.490441e-004
2.491619e+003,6.940829e-004
2.493547e+003,6.423142e-004
2.495476e+003,7.296277e-004
2.497405e+003,7.764277e-004
2.499333e+003,6.914943e-004
2.501261e+003,6.032927e-004
2.503190e+003,6.494818e-004
2.505118e+003,6.775893e-004
2.507047e+003,6.859854e-004
2.508975e+003,6.291076e-004
2.510904e+003,5.248952e-004
2.512833e+003,4.338750e-004
2.514761e+003,5.218100e-004
2.516689e+003,5.308334e-004
2.518618e+003,5.014749e-004
2.520546e+003,5.869684e-004
2.522475e+003,6.077057e-004
2.524403e+003,6.449689e-004
2.526332e+003,5.889591e-004
2.528260e+003,4.246546e-004
2.530189e+003,4.122505e-004
2.532117e+003,4.845573e-004
2.534046e+003,5.127868e-004
2.535974e+003,5.301367e-004
2.537903e+003,4.626982e-004
2.539831e+003,5.685545e-004
2.541760e+003,6.343503e-004
2.543688e+003,5.959931e-004
2.545617e+003,4.778900e-004
2.547545e+003,4.296959e-004
2.549474e+003,5.414162e-004
2.551402e+003,6.885739e-004
2.553331e+003,5.730003e-004
2.555259e+003,4.834627e-004
2.557188e+003,4.616036e-004
2.559116e+003,4.859505e-004
2.561045e+003,5.294732e-004
2.562973e+003,4.812071e-004
2.564902e+003,5.016076e-004
2.566830e+003,5.834182e-004
2.568759e+003,6.621250e-004
2.570687e+003,7.935227e-004
2.572616e+003,7.438000e-004
2.574544e+003,7.030103e-004
2.576473e+003,6.356777e-004
2.578401e+003,6.460308e-004
2.580330e+003,5.999415e-004
2.582258e+003,5.113604e-004
2.584187e+003,6.296717e-004
2.586115e+003,8.056721e-004
2.588044e+003,7.291298e-004
2.589972e+003,7.421736e-004
2.591901e+003,8.135063e-004
2.593829e+003,8.336236e-004
2.595758e+003,8.539079e-004
2.597686e+003,8.383045e-004
2.599615e+003,7.653413e-004
2.601543e+003,8.182866e-004
2.603472e+003,9.091550e-004
2.605400e+003,9.712499e-004
2.607329e+003,8.298391e-004
2.609257e+003,7.635821e-004
2.611186e+003,7.439659e-004
2.613114e+003,7.538901e-004
2.615043e+003,8.331588e-004
2.616971e+003,8.328933e-004
2.618900e+003,7.931243e-004
2.620828e+003,7.892738e-004
2.622757e+003,8.320966e-004
2.624685e+003,8.553355e-004
2.626614e+003,8.526131e-004
2.628542e+003,8.246272e-004
2.630471e+003,8.766832e-004
2.632399e+003,9.066315e-004
2.634328e+003,8.419564e-004
2.636256e+003,8.124108e-004
2.638185e+003,9.213408e-004
2.640113e+003,9.719805e-004
2.642042e+003,8.996257e-004
2.643970e+003,8.442138e-004
2.645899e+003,8.750896e-004
2.647827e+003,8.559331e-004
2.649756e+003,7.710837e-004
2.651684e+003,7.067274e-004
2.653613e+003,6.783857e-004
2.655541e+003,6.086347e-004
2.657470e+003,5.549520e-004
2.659398e+003,5.091709e-004
2.661327e+003,4.849554e-004
2.663255e+003,4.617031e-004
2.665184e+003,4.179550e-004
2.667112e+003,3.902292e-004
2.669041e+003,3.561050e-004
2.670969e+003,2.973141e-004
2.672898e+003,2.524553e-004
2.674826e+003,1.689502e-004
2.676755e+003,1.441901e-004
2.678683e+003,1.296397e-004
2.680612e+003,4.542914e-005
2.682540e+003,6.958154e-007
2.684469e+003,-2.756665e-005
2.686397e+003,-4.592135e-005
2.688326e+003,-7.103357e-005
2.690254e+003,-8.103830e-005
2.692183e+003,-5.844451e-005
2.694111e+003,-1.031009e-004
2.696040e+003,-1.261892e-004
2.697968e+003,-1.536154e-004
2.699897e+003,-1.478189e-004
2.701825e+003,-1.436123e-004
2.703754e+003,-1.435461e-004
2.705682e+003,-1.182724e-004
2.707611e+003,-1.451029e-004
2.709539e+003,-1.533835e-004
2.711468e+003,-1.561658e-004
2.713396e+003,-1.674934e-004
2.715325e+003,-1.863390e-004
2.717253e+003,-1.891542e-004
2.719182e+003,-2.279355e-004
2.721110e+003,-2.190933e-004
2.723039e+003,-2.105158e-004
2.724967e+003,-2.908195e-004
2.726896e+003,-2.898261e-004
2.728824e+003,-2.782037e-004
2.730753e+003,-2.509841e-004
2.732681e+003,-2.077339e-004
2.734610e+003,-1.839544e-004
2.736538e+003,-1.400019e-004
2.738467e+003,-1.513299e-004
2.740395e+003,-1.508993e-004
2.742324e+003,-1.212537e-004
2.744252e+003,-1.147943e-004
2.746181e+003,-6.649493e-005
2.748109e+003,-7.832181e-005
2.750038e+003,-9.021462e-005
2.751966e+003,-8.431794e-005
2.753895e+003,-7.023849e-005
2.755823e+003,-1.176099e-004
2.757752e+003,-1.262224e-004
2.759680e+003,-8.998273e-005
2.761609e+003,-2.955456e-005
2.763537e+003,-3.475622e-005
2.765466e+003,-5.380635e-005
2.767394e+003,-6.384460e-005
2.769323e+003,-9.150658e-005
2.771251e+003,-6.685934e-005
2.773180e+003,-2.302755e-005
2.775108e+003,-2.829555e-005
2.777037e+003,-7.527402e-005
2.778965e+003,-5.234863e-005
2.780894e+003,-6.891334e-005
2.782822e+003,-9.428924e-005
2.784750e+003,-6.954278e-005
2.786679e+003,-9.277521e-007
2.788608e+003,1.401592e-005
2.790536e+003,6.229244e-006
2.792465e+003,-2.107274e-005
2.794393e+003,-2.812989e-005
2.796322e+003,-3.184065e-005
2.798250e+003,-2.097334e-005
2.800178e+003,6.626859e-006
2.802107e+003,2.332699e-005
2.804036e+003,6.203135e-005
2.805964e+003,7.469055e-005
2.807893e+003,2.826426e-005
2.809821e+003,1.901936e-005
2.811750e+003,9.649705e-005
2.813678e+003,1.183378e-004
2.815606e+003,7.783883e-005
2.817535e+003,1.181058e-004
2.819464e+003,1.034899e-004
2.821392e+003,1.173103e-004
2.823321e+003,1.404448e-004
2.825249e+003,9.361375e-005
2.827177e+003,8.098714e-005
2.829106e+003,1.626192e-004
2.831034e+003,1.740217e-004
2.832963e+003,1.650057e-004
2.834892e+003,1.588405e-004
2.836820e+003,1.197298e-004
2.838749e+003,1.015014e-004
2.840677e+003,1.007060e-004
2.842605e+003,1.275516e-004
2.844534e+003,1.442896e-004
2.846462e+003,1.828721e-004
2.848391e+003,1.804855e-004
2.850320e+003,1.562220e-004
2.852248e+003,1.532057e-004
2.854177e+003,1.798225e-004
2.856105e+003,1.839660e-004
2.858033e+003,1.413065e-004
2.859962e+003,9.878381e-005
2.861890e+003,1.400802e-004
2.863819e+003,1.915238e-004
2.865748e+003,1.607298e-004
2.867676e+003,1.243367e-004
2.869604e+003,1.505872e-004
2.871533e+003,1.277174e-004
2.873461e+003,1.082955e-004
2.875390e+003,1.079310e-004
2.877319e+003,1.024957e-004
2.879247e+003,1.332856e-004
2.881176e+003,1.408094e-004
2.883104e+003,1.287117e-004
2.885032e+003,1.365337e-004
2.886961e+003,1.568849e-004
2.888889e+003,1.546310e-004
2.890818e+003,1.784303e-004
2.892747e+003,1.543658e-004
2.894675e+003,1.312638e-004
2.896604e+003,1.916564e-004
2.898532e+003,2.303095e-004
2.900460e+003,1.374286e-004
2.902389e+003,8.049004e-005
2.904317e+003,5.348163e-005
2.906246e+003,5.066490e-005
2.908175e+003,1.185698e-004
2.910103e+003,1.248670e-004
2.912031e+003,1.173103e-004
2.913960e+003,1.897670e-004
2.915888e+003,2.129715e-004
2.917817e+003,2.255688e-004
2.919745e+003,2.423105e-004
2.921674e+003,2.087615e-004
2.923603e+003,2.330611e-004
2.925531e+003,2.260993e-004
2.927459e+003,1.684530e-004
2.929388e+003,1.537692e-004
2.931316e+003,1.081630e-004
2.933245e+003,1.328547e-004
2.935173e+003,1.406791e-004
2.937102e+003,1.022818e-004
2.939031e+003,1.187039e-004
2.940959e+003,4.229947e-005
2.942887e+003,3.923920e-005
2.944816e+003,4.044520e-005
2.946744e+003,8.726713e-005
2.948673e+003,1.519184e-004
2.950601e+003,8.290276e-005
2.952530e+003,2.988656e-005
2.954458e+003,-1.217556e-006
2.956387e+003,2.571101e-005
2.958315e+003,7.117554e-005
2.960244e+003,9.677793e-005
2.962172e+003,3.442473e-005
2.964101e+003,3.727874e-005
2.966029e+003,5.384661e-005
2.967958e+003,3.259708e-005
2.969886e+003,-4.475518e-006
2.971815e+003,3.371495e-006
2.973743e+003,6.920983e-005
2.975672e+003,6.305450e-005
2.977600e+003,1.299419e-005
2.979529e+003,3.133648e-005
2.981457e+003,3.911014e-005
2.983386e+003,7.356358e-005
2.985314e+003,4.906230e-005
2.987243e+003,6.121709e-005
2.989171e+003,3.028443e-005
2.991100e+003,-6.758673e-005
2.993028e+003,-4.257262e-005
2.994957e+003,-3.676229e-005
2.996885e+003,-6.088529e-005
2.998814e+003,1.436184e-005
3.000742e+003,8.228735e-007
3.002671e+003,-1.748648e-005
3.004599e+003,-2.449593e-005
3.006528e+003,-4.708336e-005
3.008456e+003,-6.208263e-005
3.010385e+003,-5.130918e-005
3.012313e+003,-8.781454e-005
3.014242e+003,-1.567510e-004
3.016170e+003,-9.896717e-005
3.018099e+003,-5.648355e-005
3.020027e+003,-8.259189e-006
3.021956e+003,-2.054509e-005
3.023884e+003,-1.410020e-004
3.025813e+003,-1.235138e-004
3.027741e+003,-1.085026e-004
3.029670e+003,-8.347064e-005
3.031598e+003,-1.156413e-004
3.033527e+003,-1.464642e-004
3.035455e+003,-1.241735e-004
3.037384e+003,-8.119193e-005
3.039312e+003,-1.369356e-004
3.041241e+003,-1.500728e-004
3.043169e+003,-1.476089e-004
3.045098e+003,-1.792386e-004
3.047026e+003,-1.660838e-004
3.048955e+003,-1.342720e-004
3.050883e+003,-1.358818e-004
3.052812e+003,-1.518183e-004
3.054740e+003,-1.292862e-004
3.056669e+003,-1.471635e-004
3.058597e+003,-1.690450e-004
3.060526e+003,-1.515165e-004
3.062454e+003,-1.605117e-004
3.064383e+003,-1.997624e-004
3.066311e+003,-1.589582e-004
3.068240e+003,-1.392398e-004
3.070168e+003,-1.498354e-004
3.072097e+003,-1.803797e-004
3.074025e+003,-1.814491e-004
3.075954e+003,-1.264145e-004
3.077882e+003,-1.873381e-004
3.079811e+003,-2.123500e-004
3.081739e+003,-1.679334e-004
3.083668e+003,-1.495680e-004
3.085596e+003,-1.857518e-004
3.087525e+003,-2.138549e-004
3.089453e+003,-2.242571e-004
3.091382e+003,-1.865840e-004
3.093310e+003,-1.960959e-004
3.095239e+003,-1.793651e-004
3.097167e+003,-1.730185e-004
3.099096e+003,-2.319594e-004
3.101024e+003,-2.384800e-004
3.102953e+003,-1.718654e-004
3.104881e+003,-1.280018e-004
3.106810e+003,-1.694744e-004
3.108738e+003,-2.119212e-004
3.110667e+003,-2.358576e-004
3.112595e+003,-1.978827e-004
3.114524e+003,-1.871961e-004
3.116452e+003,-2.335312e-004
3.118381e+003,-2.313947e-004
3.120309e+003,-2.648162e-004
3.122238e+003,-2.430402e-004
3.124166e+003,-1.659449e-004
3.126095e+003,-2.070559e-004
3.128023e+003,-2.858618e-004
3.129952e+003,-2.921819e-004
3.131880e+003,-2.295046e-004
3.133809e+003,-1.597028e-004
3.135737e+003,-1.886878e-004
3.137666e+003,-2.485884e-004
3.139594e+003,-2.440297e-004
3.141523e+003,-2.421593e-004
3.143451e+003,-2.287172e-004
3.145380e+003,-1.726530e-004
3.147308e+003,-2.153959e-004
3.149237e+003,-2.459634e-004
3.151165e+003,-2.676391e-004
3.153094e+003,-2.706982e-004
3.155022e+003,-3.099182e-004
3.156951e+003,-3.894147e-004
3.158879e+003,-3.422415e-004
3.160808e+003,-2.862444e-004
3.162736e+003,-2.405773e-004
3.164665e+003,-2.723510e-004
3.166593e+003,-1.870871e-004
3.168522e+003,-1.519573e-004
3.170450e+003,-1.973044e-004
3.172379e+003,-2.088204e-004
3.174307e+003,-1.540799e-004
3.176236e+003,-1.472261e-004
3.178164e+003,-1.892994e-004
3.180093e+003,-2.079200e-004
3.182021e+003,-1.756337e-004
3.183950e+003,-2.019309e-004
3.185878e+003,-2.789814e-004
3.187807e+003,-2.632473e-004
3.189735e+003,-2.315258e-004
3.191664e+003,-2.364296e-004
3.193592e+003,-2.419619e-004
3.195521e+003,-2.268763e-004
3.197449e+003,-1.472224e-004
3.199378e+003,-1.821621e-004
3.201306e+003,-2.254725e-004
3.203235e+003,-2.519713e-004
3.205163e+003,-1.917345e-004
3.207092e+003,-2.329566e-004
3.209020e+003,-2.470659e-004
3.210948e+003,-2.031743e-004
3.212877e+003,-1.929907e-004
3.214806e+003,-2.668943e-004
3.216734e+003,-2.700617e-004
3.218663e+003,-2.897485e-004
3.220591e+003,-2.769666e-004
3.222520e+003,-2.555526e-004
3.224448e+003,-3.102593e-004
3.226376e+003,-3.665863e-004
3.228305e+003,-3.317340e-004
3.230234e+003,-2.439666e-004
3.232162e+003,-2.268952e-004
3.234091e+003,-2.949944e-004
3.236019e+003,-2.851631e-004
3.237948e+003,-2.287450e-004
3.239876e+003,-2.834735e-004
3.241804e+003,-2.798560e-004
3.243733e+003,-2.606303e-004
3.245662e+003,-2.799282e-004
3.247590e+003,-3.278014e-004
3.249519e+003,-2.217293e-004
3.251447e+003,-2.489960e-004
3.253375e+003,-2.212976e-004
3.255304e+003,-2.217897e-004
3.257232e+003,-3.380319e-004
3.259161e+003,-3.963905e-004
3.261090e+003,-2.888398e-004
3.263018e+003,-2.352481e-004
3.264947e+003,-2.294469e-004
3.266875e+003,-3.558063e-004
3.268803e+003,-3.529738e-004
3.270732e+003,-2.765149e-004
3.272660e+003,-2.460254e-004
3.274589e+003,-2.515903e-004
3.276518e+003,-3.720880e-004
3.278446e+003,-4.284918e-004
3.280375e+003,-3.091735e-004
3.282303e+003,-2.626670e-004
3.284231e+003,-3.060435e-004
3.286160e+003,-3.719029e-004
3.288088e+003,-4.168676e-004
3.290017e+003,-3.994006e-004
3.291946e+003,-3.887749e-004
3.293874e+003,-4.021272e-004
3.295802e+003,-3.391736e-004
3.297731e+003,-2.742472e-004
3.299659e+003,-2.294320e-004
3.301588e+003,-2.722120e-004
3.303516e+003,-3.378671e-004
3.305445e+003,-2.828226e-004
3.307374e+003,-3.133012e-004
3.309302e+003,-3.407290e-004
3.311230e+003,-2.965133e-004
3.313159e+003,-4.038378e-004
3.315087e+003,-5.205002e-004
3.317016e+003,-4.703824e-004
3.318944e+003,-3.779201e-004
3.320873e+003,-3.368937e-004
3.322802e+003,-3.524632e-004
3.324730e+003,-3.752375e-004
3.326658e+003,-3.292757e-004
3.328587e+003,-4.067929e-004
3.330515e+003,-3.821925e-004
3.332444e+003,-3.962693e-004
3.334372e+003,-4.499995e-004
3.336301e+003,-4.794884e-004
3.338229e+003,-4.666627e-004
3.340158e+003,-4.465257e-004
3.342086e+003,-4.573659e-004
3.344015e+003,-4.157634e-004
3.345943e+003,-4.134216e-004
3.347872e+003,-4.383093e-004
3.349800e+003,-4.945006e-004
3.351729e+003,-5.318780e-004
3.353657e+003,-5.056597e-004
3.355586e+003,-4.474710e-004
3.357514e+003,-4.307292e-004
3.359443e+003,-4.674782e-004
3.361371e+003,-5.938670e-004
3.363300e+003,-5.183127e-004
3.365229e+003,-4.061174e-004
3.367157e+003,-4.391622e-004
3.369085e+003,-5.620131e-004
3.371014e+003,-5.645281e-004
3.372942e+003,-5.292774e-004
3.374871e+003,-5.524052e-004
3.376799e+003,-5.971294e-004
3.378728e+003,-5.423031e-004
3.380656e+003,-5.749096e-004
3.382585e+003,-6.146200e-004
3.384513e+003,-6.295620e-004
3.386442e+003,-5.821965e-004
3.388370e+003,-5.049509e-004
3.390299e+003,-4.974005e-004
3.392227e+003,-5.945860e-004
3.394156e+003,-6.322036e-004
3.396084e+003,-6.569372e-004
3.398013e+003,-6.497056e-004
3.399941e+003,-6.345334e-004
3.401870e+003,-6.369290e-004
3.403798e+003,-6.688708e-004
3.405727e+003,-6.911432e-004
3.407655e+003,-6.642874e-004
3.409584e+003,-6.447734e-004
3.411512e+003,-5.938526e-004
3.413441e+003,-5.500233e-004
3.415369e+003,-5.487096e-004
3.417298e+003,-6.372604e-004
3.419226e+003,-7.016729e-004
3.421155e+003,-7.265120e-004
3.423083e+003,-6.696713e-004
3.425012e+003,-6.048568e-004
3.426940e+003,-5.997338e-004
3.428869e+003,-6.607234e-004
3.430797e+003,-7.730678e-004
3.432726e+003,-7.344891e-004
3.434654e+003,-6.778101e-004
3.436583e+003,-7.102817e-004
3.438511e+003,-6.645106e-004
3.440440e+003,-6.193712e-004
3.442368e+003,-6.195556e-004
3.444297e+003,-6.405081e-004
3.446225e+003,-6.724207e-004
3.448154e+003,-6.499523e-004
3.450082e+003,-6.024361e-004
3.452011e+003,-5.485922e-004
3.453939e+003,-5.378347e-004
3.455868e+003,-5.451942e-004
3.457796e+003,-5.506669e-004
3.459725e+003,-5.023888e-004
3.461653e+003,-5.621968e-004
3.463582e+003,-5.890540e-004
3.465510e+003,-5.178149e-004
3.467439e+003,-5.698839e-004
3.469367e+003,-6.190709e-004
3.471296e+003,-6.137324e-004
3.473224e+003,-6.403951e-004
3.475153e+003,-5.621863e-004
3.477081e+003,-4.611093e-004
3.479010e+003,-5.620593e-004
3.480938e+003,-6.256576e-004
3.482867e+003,-6.122301e-004
3.484795e+003,-5.916168e-004
3.486724e+003,-5.993032e-004
3.488652e+003,-6.261930e-004
3.490581e+003,-5.320768e-004
3.492509e+003,-4.444194e-004
3.494438e+003,-5.105428e-004
3.496366e+003,-5.642934e-004
3.498295e+003,-5.827772e-004
3.500223e+003,-6.216473e-004
3.502152e+003,-5.195746e-004
3.504080e+003,-4.146360e-004
3.506009e+003,-4.122025e-004
3.507937e+003,-4.378702e-004
3.509866e+003,-5.047717e-004
3.511794e+003,-5.466684e-004
3.513723e+003,-5.211537e-004
3.515651e+003,-4.502782e-004
3.517580e+003,-5.558048e-004
3.519508e+003,-6.328183e-004
3.521437e+003,-5.573955e-004
3.523365e+003,-5.470378e-004
3.525294e+003,-6.190616e-004
3.527222e+003,-6.042239e-004
3.529151e+003,-5.694861e-004
3.531079e+003,-6.364851e-004
3.533008e+003,-6.523050e-004
3.534936e+003,-5.755113e-004
3.536865e+003,-5.456271e-004
3.538793e+003,-5.312707e-004
3.540722e+003,-4.760732e-004
3.542650e+003,-5.645736e-004
3.544579e+003,-6.676014e-004
3.546507e+003,-6.034999e-004
3.548436e+003,-5.040969e-004
3.550364e+003,-4.743294e-004
3.552293e+003,-5.933669e-004
3.554221e+003,-6.103410e-004
3.556150e+003,-6.187122e-004
3.558078e+003,-6.373079e-004
3.560007e+003,-6.783159e-004
3.561935e+003,-6.237103e-004
3.563864e+003,-6.688494e-004
3.565792e+003,-6.921063e-004
3.567721e+003,-6.710006e-004
3.569649e+003,-6.874798e-004
3.571578e+003,-7.119788e-004
3.573506e+003,-6.098960e-004
3.575435e+003,-6.508068e-004
3.577363e+003,-6.976526e-004
3.579292e+003,-6.641400e-004
3.581220e+003,-6.270718e-004
3.583149e+003,-6.810536e-004
3.585077e+003,-7.007945e-004
3.587006e+003,-6.481265e-004
3.588934e+003,-7.556924e-004
3.590863e+003,-8.175941e-004
3.592791e+003,-6.574633e-004
3.594720e+003,-6.585849e-004
3.596648e+003,-6.027230e-004
3.598577e+003,-4.624120e-004
3.600505e+003,-5.667941e-004
3.602434e+003,-6.915239e-004
3.604362e+003,-6.855163e-004
3.606291e+003,-7.117005e-004
3.608219e+003,-7.358816e-004
3.610148e+003,-7.266676e-004
3.612076e+003,-7.164999e-004
3.614005e+003,-5.800320e-004
3.615933e+003,-5.486825e-004
3.617862e+003,-5.911092e-004
3.619790e+003,-5.810350e-004
3.621719e+003,-6.747917e-004
3.623647e+003,-6.321071e-004
3.625576e+003,-5.481169e-004
3.627504e+003,-4.498063e-004
3.629433e+003,-5.021977e-004
3.631361e+003,-5.576126e-004
3.633290e+003,-5.503686e-004
3.635218e+003,-6.741332e-004
3.637146e+003,-6.360339e-004
3.639075e+003,-5.403559e-004
3.641004e+003,-5.732629e-004
3.642932e+003,-6.318437e-004
3.644861e+003,-4.355475e-004
3.646789e+003,-3.974922e-004
3.648718e+003,-4.359897e-004
3.650646e+003,-5.250127e-004
3.652574e+003,-5.099589e-004
3.654503e+003,-4.915558e-004
3.656432e+003,-5.205489e-004
3.658360e+003,-4.529375e-004
3.660289e+003,-3.582096e-004
3.662217e+003,-4.302858e-004
3.664146e+003,-4.409292e-004
3.666074e+003,-3.782431e-004
3.668002e+003,-4.394002e-004
3.669931e+003,-5.376356e-004
3.671860e+003,-4.824387e-004
3.673788e+003,-4.397277e-004
3.675717e+003,-5.045127e-004
3.677645e+003,-5.831142e-004
3.679573e+003,-5.008483e-004
3.681502e+003,-3.180032e-004
3.683430e+003,-4.369713e-004
3.685359e+003,-5.181562e-004
3.687288e+003,-3.682559e-004
3.689216e+003,-4.501138e-004
3.691145e+003,-5.048718e-004
3.693073e+003,-5.078671e-004
3.695001e+003,-4.776330e-004
3.696930e+003,-4.218234e-004
3.698858e+003,-4.275789e-004
3.700787e+003,-3.596831e-004
3.702716e+003,-4.534831e-004
3.704644e+003,-4.732935e-004
3.706573e+003,-3.753444e-004
3.708501e+003,-4.246407e-004
3.710429e+003,-5.682617e-004
3.712358e+003,-5.118851e-004
3.714286e+003,-5.204290e-004
3.716215e+003,-6.835493e-004
3.718144e+003,-6.120710e-004
3.720072e+003,-4.211361e-004
3.722000e+003,-4.278847e-004
3.723929e+003,-6.958820e-004
3.725857e+003,-7.372149e-004
3.727786e+003,-6.391894e-004
3.729714e+003,-4.911485e-004
3.731643e+003,-5.550392e-004
3.733572e+003,-6.736504e-004
3.735500e+003,-6.615931e-004
3.737428e+003,-5.572162e-004
3.739357e+003,-6.126168e-004
3.741285e+003,-5.429863e-004
3.743214e+003,-3.766610e-004
3.745142e+003,-3.789530e-004
3.747071e+003,-4.507504e-004
3.749000e+003,-4.275504e-004
3.750928e+003,-3.650284e-004
3.752856e+003,-3.122363e-004
3.754785e+003,-3.044636e-004
3.756713e+003,-2.780076e-004
3.758642e+003,-4.990312e-004
3.760570e+003,-4.368529e-004
3.762499e+003,-2.894584e-004
3.764427e+003,-3.172848e-004
3.766356e+003,-4.672596e-004
3.768284e+003,-4.068088e-004
3.770213e+003,-2.711177e-004
3.772141e+003,-3.763516e-004
3.774070e+003,-5.262129e-004
3.775998e+003,-4.576704e-004
3.777927e+003,-4.334389e-004
3.779855e+003,-6.257851e-004
3.781784e+003,-6.458720e-004
3.783712e+003,-5.077565e-004
3.785641e+003,-5.572432e-004
3.787569e+003,-7.217472e-004
3.789498e+003,-7.752044e-004
3.791426e+003,-6.292667e-004
3.793355e+003,-5.827095e-004
3.795283e+003,-7.188452e-004
3.797212e+003,-7.025872e-004
3.799140e+003,-6.490683e-004
3.801069e+003,-5.781393e-004
3.802997e+003,-5.774569e-004
3.804926e+003,-6.484066e-004
3.806854e+003,-6.170560e-004
3.808783e+003,-6.286393e-004
3.810711e+003,-6.193464e-004
3.812640e+003,-6.758192e-004
3.814568e+003,-7.293543e-004
3.816497e+003,-6.829735e-004
3.818425e+003,-6.833718e-004
3.820354e+003,-8.639721e-004
3.822282e+003,-7.188863e-004
3.824211e+003,-6.008888e-004
3.826139e+003,-5.886772e-004
3.828068e+003,-6.121785e-004
3.829996e+003,-7.718677e-004
3.831925e+003,-8.085737e-004
3.833853e+003,-7.970394e-004
3.835782e+003,-7.461955e-004
3.837710e+003,-6.005087e-004
3.839639e+003,-7.289654e-004
3.841567e+003,-8.114271e-004
3.843496e+003,-8.596380e-004
3.845424e+003,-8.387460e-004
3.847353e+003,-7.651706e-004
3.849281e+003,-7.368166e-004
3.851210e+003,-7.841340e-004
3.853138e+003,-8.276982e-004
3.855067e+003,-6.569510e-004
3.856995e+003,-7.252352e-004
3.858924e+003,-8.072419e-004
3.860852e+003,-7.570054e-004
3.862781e+003,-7.068535e-004
3.864709e+003,-8.293026e-004
3.866638e+003,-9.791187e-004
3.868566e+003,-1.013744e-003
3.870495e+003,-7.298468e-004
3.872423e+003,-6.487984e-004
3.874352e+003,-6.806010e-004
3.876280e+003,-6.940959e-004
3.878209e+003,-7.077506e-004
3.880137e+003,-7.457726e-004
3.882066e+003,-7.813864e-004
3.883994e+003,-9.381949e-004
3.885923e+003,-8.532329e-004
3.887851e+003,-7.961994e-004
3.889780e+003,-7.911370e-004
3.891708e+003,-8.009878e-004
3.893637e+003,-8.418817e-004
3.895565e+003,-8.336441e-004
3.897494e+003,-7.881277e-004
3.899422e+003,-8.365655e-004
3.901351e+003,-8.917025e-004
3.903279e+003,-8.490683e-004
3.905208e+003,-7.946370e-004
3.907136e+003,-8.733310e-004
3.909065e+003,-8.527620e-004
3.910993e+003,-7.447204e-004
3.912922e+003,-8.231191e-004
3.914850e+003,-8.444922e-004
3.916779e+003,-9.036940e-004
3.918707e+003,-8.479767e-004
3.920636e+003,-8.584124e-004
3.922564e+003,-8.785265e-004
3.924493e+003,-8.575303e-004
3.926421e+003,-8.254211e-004
3.928350e+003,-8.375045e-004
3.930278e+003,-7.816502e-004
3.932207e+003,-8.092242e-004
3.934135e+003,-8.099593e-004
3.936064e+003,-8.041415e-004
3.937992e+003,-7.509626e-004
3.939921e+003,-7.047133e-004
3.941849e+003,-7.365684e-004
3.943778e+003,-8.013959e-004
3.945706e+003,-8.400861e-004
3.947635e+003,-8.762686e-004
3.949563e+003,-7.801981e-004
3.951492e+003,-8.267590e-004
3.953420e+003,-8.540677e-004
3.955349e+003,-8.958076e-004
3.957277e+003,-8.855391e-004
3.959206e+003,-8.660820e-004
3.961134e+003,-8.793775e-004
3.963063e+003,-8.313413e-004
3.964991e+003,-7.947632e-004
3.966920e+003,-8.104534e-004
3.968848e+003,-8.424510e-004
3.970777e+003,-8.158455e-004
3.972705e+003,-7.920639e-004
3.974634e+003,-7.551208e-004
3.976562e+003,-7.376203e-004
3.978491e+003,-8.195722e-004
3.980419e+003,-8.833110e-004
3.982348e+003,-8.320752e-004
3.984276e+003,-7.534833e-004
3.986205e+003,-8.324675e-004
3.988133e+003,-8.422809e-004
3.990062e+003,-8.240484e-004
3.991990e+003,-8.947884e-004
3.993919e+003,-9.512500e-004
3.995847e+003,-9.620257e-004
3.997776e+003,-9.588633e-004
3.999704e+003,-9.582718e-004
4.001633e+003,0.000000e+000
