3.991989e+002,-1.999799e-003
4.011274e+002,2.475595e-003
4.030559e+002,2.475595e-003
4.049844e+002,7.883775e-004
4.069129e+002,3.929228e-003
4.088414e+002,5.542861e-003
4.107699e+002,5.911853e-003
4.126984e+002,5.394563e-003
4.146269e+002,7.229953e-003
4.165554e+002,4.780961e-003
4.184839e+002,2.684454e-003
4.204124e+002,2.864000e-003
4.223409e+002,4.644779e-003
4.242694e+002,5.200256e-003
4.261979e+002,4.772487e-003
4.281264e+002,3.211504e-003
4.300549e+002,3.129595e-003
4.319834e+002,4.646250e-003
4.339119e+002,5.714009e-003
4.358404e+002,6.304375e-003
4.377689e+002,6.152959e-003
4.396974e+002,5.105741e-003
4.416259e+002,5.506890e-003
4.435544e+002,5.630793e-003
4.454829e+002,6.024402e-003
4.474114e+002,5.915817e-003
4.493399e+002,5.391028e-003
4.512684e+002,4.844343e-003
4.531969e+002,5.640691e-003
4.551254e+002,5.240275e-003
4.570539e+002,3.991236e-003
4.589824e+002,5.079585e-003
4.609109e+002,4.959699e-003
4.628394e+002,4.492953e-003
4.647679e+002,4.800045e-003
4.666964e+002,5.322963e-003
4.686249e+002,6.067495e-003
4.705533e+002,5.931876e-003
4.724819e+002,4.842971e-003
4.744103e+002,3.552841e-003
4.763389e+002,3.815796e-003
4.782673e+002,4.386859e-003
4.801959e+002,4.602289e-003
4.821243e+002,4.130388e-003
4.840529e+002,3.031858e-003
4.859813e+002,3.348587e-003
4.879099e+002,3.209377e-003
4.898383e+002,3.073575e-003
4.917668e+002,3.787406e-003
4.936953e+002,3.490719e-003
4.956238e+002,2.612527e-003
4.975523e+002,2.576474e-003
4.994808e+002,2.764296e-003
5.014093e+002,2.725066e-003
5.033378e+002,3.376673e-003
5.052663e+002,2.944161e-003
5.071948e+002,2.520358e-003
5.091233e+002,2.676157e-003
5.110518e+002,2.782623e-003
5.129803e+002,2.799709e-003
5.149088e+002,3.096602e-003
5.168373e+002,2.876502e-003
5.187658e+002,3.408563e-003
5.206943e+002,3.195684e-003
5.226228e+002,3.882539e-003
5.245513e+002,3.734960e-003
5.264798e+002,3.628747e-003
5.284083e+002,3.438321e-003
5.303368e+002,3.134198e-003
5.322653e+002,2.578973e-003
5.341938e+002,2.877647e-003
5.361223e+002,3.057295e-003
5.380508e+002,3.446903e-003
5.399792e+002,3.565898e-003
5.419078e+002,3.808287e-003
5.438363e+002,3.556706e-003
5.457648e+002,3.684074e-003
5.476932e+002,3.439824e-003
5.496218e+002,3.444472e-003
5.515503e+002,3.074513e-003
5.534788e+002,2.783339e-003
5.554072e+002,2.624769e-003
5.573358e+002,3.007816e-003
5.592643e+002,2.962488e-003
5.611927e+002,2.791690e-003
5.631212e+002,2.480493e-003
5.650497e+002,2.553914e-003
5.669783e+002,2.586437e-003
5.689067e+002,3.068694e-003
5.708352e+002,2.798022e-003
5.727637e+002,2.462566e-003
5.746923e+002,2.525515e-003
5.766207e+002,2.591171e-003
5.785492e+002,2.585110e-003
5.804777e+002,2.987996e-003
5.824063e+002,2.771014e-003
5.843347e+002,2.817066e-003
5.862632e+002,2.942040e-003
5.881917e+002,3.052171e-003
5.901202e+002,2.737555e-003
5.920487e+002,2.707324e-003
5.939772e+002,2.626394e-003
5.959057e+002,2.760367e-003
5.978342e+002,2.644433e-003
5.997627e+002,2.673359e-003
6.016912e+002,2.720342e-003
6.036197e+002,2.812065e-003
6.055482e+002,2.825359e-003
6.074767e+002,2.926193e-003
6.094052e+002,2.733222e-003
6.113337e+002,2.657913e-003
6.132622e+002,2.456009e-003
6.151907e+002,2.509128e-003
6.171192e+002,2.510088e-003
6.190477e+002,2.824354e-003
6.209762e+002,2.686107e-003
6.229047e+002,2.599231e-003
6.248332e+002,2.398608e-003
6.267617e+002,2.474527e-003
6.286902e+002,2.453240e-003
6.306187e+002,2.315970e-003
6.325472e+002,2.126807e-003
6.344756e+002,2.230760e-003
6.364042e+002,2.108471e-003
6.383326e+002,2.310446e-003
6.402612e+002,2.096687e-003
6.421896e+002,2.195221e-003
6.441182e+002,2.126524e-003
6.460466e+002,2.134264e-003
6.479752e+002,2.159926e-003
6.499036e+002,2.275271e-003
6.518322e+002,2.176300e-003
6.537606e+002,2.237364e-003
6.556891e+002,2.074487e-003
6.576177e+002,2.203835e-003
6.595461e+002,2.028644e-003
6.614746e+002,1.832997e-003
6.634031e+002,1.936779e-003
6.653317e+002,2.255277e-003
6.672601e+002,2.173454e-003
6.691886e+002,2.163682e-003
6.711171e+002,2.112021e-003
6.730457e+002,2.029558e-003
6.749741e+002,1.874508e-003
6.769026e+002,1.912385e-003
6.788311e+002,1.863705e-003
6.807596e+002,2.067256e-003
6.826881e+002,1.927531e-003
6.846166e+002,1.955805e-003
6.865451e+002,1.924638e-003
6.884736e+002,1.905669e-003
6.904021e+002,1.797181e-003
6.923306e+002,1.810019e-003
6.942591e+002,1.657158e-003
6.961876e+002,1.863187e-003
6.981161e+002,1.980118e-003
7.000446e+002,2.022448e-003
7.019731e+002,1.840136e-003
7.039016e+002,1.872312e-003
7.058301e+002,1.749332e-003
7.077585e+002,1.926722e-003
7.096871e+002,1.951885e-003
7.116156e+002,2.001426e-003
7.135441e+002,1.878621e-003
7.154725e+002,1.870039e-003
7.174011e+002,1.701011e-003
7.193296e+002,1.803990e-003
7.212581e+002,1.747958e-003
7.231865e+002,1.777850e-003
7.251151e+002,1.799879e-003
7.270436e+002,1.901281e-003
7.289720e+002,1.706958e-003
7.309005e+002,1.670296e-003
7.328290e+002,1.590866e-003
7.347576e+002,1.646751e-003
7.366860e+002,1.595249e-003
7.386145e+002,1.683540e-003
7.405430e+002,1.595662e-003
7.424716e+002,1.717394e-003
7.444000e+002,1.710624e-003
7.463285e+002,1.844625e-003
7.482570e+002,1.695844e-003
7.501855e+002,1.635881e-003
7.521140e+002,1.692605e-003
7.540425e+002,1.836672e-003
7.559710e+002,1.840261e-003
7.578995e+002,1.864601e-003
7.598280e+002,1.773704e-003
7.617565e+002,1.764189e-003
7.636850e+002,1.598242e-003
7.656135e+002,1.647996e-003
7.675420e+002,1.651555e-003
7.694705e+002,1.745026e-003
7.713990e+002,1.789840e-003
7.733275e+002,1.830798e-003
7.752560e+002,1.749085e-003
7.771844e+002,1.879647e-003
7.791130e+002,1.855488e-003
7.810415e+002,1.845938e-003
7.829700e+002,1.664660e-003
7.848984e+002,1.749251e-003
7.868270e+002,1.742365e-003
7.887555e+002,1.762159e-003
7.906840e+002,1.684118e-003
7.926124e+002,1.884905e-003
7.945410e+002,1.921047e-003
7.964695e+002,1.969207e-003
7.983979e+002,1.905272e-003
8.003264e+002,1.910763e-003
8.022549e+002,1.817223e-003
8.041835e+002,1.772040e-003
8.061119e+002,1.698887e-003
8.080404e+002,1.856420e-003
8.099689e+002,1.730688e-003
8.118975e+002,1.718846e-003
8.138259e+002,1.695394e-003
8.157545e+002,1.775800e-003
8.176830e+002,1.732551e-003
8.196115e+002,1.624016e-003
8.215399e+002,1.551154e-003
8.234684e+002,1.667254e-003
8.253970e+002,1.731620e-003
8.273254e+002,1.895221e-003
8.292539e+002,1.784117e-003
8.311824e+002,1.755605e-003
8.331110e+002,1.677366e-003
8.350394e+002,1.711228e-003
8.369679e+002,1.592921e-003
8.388964e+002,1.727229e-003
8.408250e+002,1.698454e-003
8.427534e+002,1.697822e-003
8.446819e+002,1.592389e-003
8.466104e+002,1.514843e-003
8.485389e+002,1.477871e-003
8.504674e+002,1.585106e-003
8.523959e+002,1.525650e-003
8.543244e+002,1.560232e-003
8.562529e+002,1.590061e-003
8.581814e+002,1.613972e-003
8.601099e+002,1.534528e-003
8.620384e+002,1.541710e-003
8.639669e+002,1.591059e-003
8.658954e+002,1.679029e-003
8.678239e+002,1.637286e-003
8.697524e+002,1.634093e-003
8.716809e+002,1.714222e-003
8.736094e+002,1.851628e-003
8.755378e+002,1.732119e-003
8.774664e+002,1.755705e-003
8.793949e+002,1.676368e-003
8.813234e+002,1.667819e-003
8.832518e+002,1.732218e-003
8.851804e+002,1.839849e-003
8.871089e+002,1.744827e-003
8.890374e+002,1.826739e-003
8.909658e+002,1.823711e-003
8.928943e+002,1.886835e-003
8.948229e+002,1.819352e-003
8.967513e+002,1.940550e-003
8.986798e+002,1.927170e-003
9.006083e+002,1.904640e-003
9.025369e+002,1.864306e-003
9.044653e+002,1.891028e-003
9.063938e+002,1.846471e-003
9.083223e+002,1.825641e-003
9.102509e+002,1.813995e-003
9.121793e+002,1.868399e-003
9.141078e+002,1.857851e-003
9.160364e+002,1.915023e-003
9.179648e+002,1.957424e-003
9.198933e+002,2.055789e-003
9.218218e+002,1.931164e-003
9.237504e+002,1.967776e-003
9.256788e+002,1.983287e-003
9.276073e+002,2.044769e-003
9.295358e+002,2.129302e-003
9.314644e+002,2.135595e-003
9.333928e+002,2.083322e-003
9.353213e+002,2.154608e-003
9.372498e+002,2.086052e-003
9.391783e+002,2.191239e-003
9.411068e+002,2.218647e-003
9.430353e+002,2.190473e-003
9.449637e+002,2.108325e-003
9.468923e+002,2.263542e-003
9.488208e+002,2.311241e-003
9.507493e+002,2.348484e-003
9.526777e+002,2.336658e-003
9.546063e+002,2.353981e-003
9.565348e+002,2.291322e-003
9.584633e+002,2.373270e-003
9.603917e+002,2.375769e-003
9.623203e+002,2.452535e-003
9.642488e+002,2.458900e-003
9.661772e+002,2.449336e-003
9.681057e+002,2.372404e-003
9.700343e+002,2.482793e-003
9.719628e+002,2.564944e-003
9.738912e+002,2.640777e-003
9.758197e+002,2.571010e-003
9.777483e+002,2.625943e-003
9.796768e+002,2.648945e-003
9.816052e+002,2.711089e-003
9.835337e+002,2.809824e-003
9.854623e+002,2.844175e-003
9.873907e+002,2.794684e-003
9.893192e+002,2.886134e-003
9.912477e+002,2.897541e-003
9.931763e+002,2.949779e-003
9.951047e+002,2.977769e-003
9.970332e+002,3.065487e-003
9.989617e+002,3.060982e-003
1.000890e+003,3.150051e-003
1.002819e+003,3.157127e-003
1.004747e+003,3.164269e-003
1.006676e+003,3.115243e-003
1.008604e+003,3.204223e-003
1.010533e+003,3.079135e-003
1.012461e+003,3.033354e-003
1.014390e+003,3.092083e-003
1.016318e+003,3.202420e-003
1.018247e+003,3.214204e-003
1.020175e+003,3.344072e-003
1.022104e+003,3.440948e-003
1.024032e+003,3.569080e-003
1.025961e+003,3.646792e-003
1.027889e+003,3.731270e-003
1.029818e+003,3.719773e-003
1.031746e+003,3.796577e-003
1.033675e+003,3.771743e-003
1.035603e+003,3.754865e-003
1.037532e+003,3.682713e-003
1.039460e+003,3.597310e-003
1.041389e+003,3.539314e-003
1.043317e+003,3.616320e-003
1.045246e+003,3.635833e-003
1.047174e+003,3.596942e-003
1.049103e+003,3.563066e-003
1.051031e+003,3.579904e-003
1.052960e+003,3.602020e-003
1.054888e+003,3.626644e-003
1.056817e+003,3.563701e-003
1.058745e+003,3.549770e-003
1.060674e+003,3.514896e-003
1.062602e+003,3.468835e-003
1.064531e+003,3.394794e-003
1.066459e+003,3.432665e-003
1.068388e+003,3.371787e-003
1.070316e+003,3.341200e-003
1.072245e+003,3.262507e-003
1.074173e+003,3.257500e-003
1.076102e+003,3.221013e-003
1.078030e+003,3.245282e-003
1.079959e+003,3.122251e-003
1.081887e+003,3.084441e-003
1.083816e+003,3.079969e-003
1.085744e+003,3.098356e-003
1.087673e+003,3.085275e-003
1.089601e+003,3.088345e-003
1.091530e+003,3.007629e-003
1.093458e+003,2.975367e-003
1.095387e+003,2.991681e-003
1.097315e+003,3.054008e-003
1.099244e+003,3.028015e-003
1.101172e+003,3.001590e-003
1.103101e+003,3.003826e-003
1.105029e+003,2.956018e-003
1.106958e+003,2.808423e-003
1.108886e+003,2.806056e-003
1.110815e+003,2.789482e-003
1.112743e+003,2.716123e-003
1.114672e+003,2.587909e-003
1.116600e+003,2.469930e-003
1.118529e+003,2.391128e-003
1.120457e+003,2.387363e-003
1.122386e+003,2.309076e-003
1.124314e+003,2.260911e-003
1.126243e+003,2.160536e-003
1.128171e+003,2.130601e-003
1.130100e+003,2.057786e-003
1.132028e+003,2.044037e-003
1.133957e+003,1.978993e-003
1.135885e+003,1.929633e-003
1.137814e+003,1.900979e-003
1.139742e+003,1.969540e-003
1.141671e+003,1.904140e-003
1.143599e+003,1.823411e-003
1.145528e+003,1.766684e-003
1.147456e+003,1.807440e-003
1.149385e+003,1.811566e-003
1.151313e+003,1.801851e-003
1.153242e+003,1.834492e-003
1.155170e+003,1.851728e-003
1.157099e+003,1.778362e-003
1.159027e+003,1.793965e-003
1.160956e+003,1.744061e-003
1.162884e+003,1.746922e-003
1.164813e+003,1.712326e-003
1.166741e+003,1.611511e-003
1.168670e+003,1.531435e-003
1.170598e+003,1.601834e-003
1.172526e+003,1.581248e-003
1.174455e+003,1.532865e-003
1.176384e+003,1.479700e-003
1.178312e+003,1.474380e-003
1.180240e+003,1.362386e-003
1.182169e+003,1.314493e-003
1.184098e+003,1.306151e-003
1.186026e+003,1.318336e-003
1.187954e+003,1.301907e-003
1.189883e+003,1.284026e-003
1.191812e+003,1.279069e-003
1.193740e+003,1.283552e-003
1.195668e+003,1.243508e-003
1.197597e+003,1.280895e-003
1.199526e+003,1.312850e-003
1.201454e+003,1.299467e-003
1.203382e+003,1.287726e-003
1.205311e+003,1.252979e-003
1.207240e+003,1.190592e-003
1.209168e+003,1.183690e-003
1.211096e+003,1.172402e-003
1.213025e+003,1.218834e-003
1.214953e+003,1.215816e-003
1.216882e+003,1.234412e-003
1.218810e+003,1.246840e-003
1.220739e+003,1.237894e-003
1.222667e+003,1.209679e-003
1.224596e+003,1.200901e-003
1.226524e+003,1.162131e-003
1.228453e+003,1.185344e-003
1.230381e+003,1.212017e-003
1.232310e+003,1.154811e-003
1.234238e+003,1.053615e-003
1.236167e+003,1.062578e-003
1.238095e+003,1.072084e-003
1.240024e+003,1.094399e-003
1.241952e+003,1.062872e-003
1.243881e+003,1.045740e-003
1.245809e+003,9.828587e-004
1.247738e+003,9.703735e-004
1.249666e+003,9.576749e-004
1.251595e+003,9.217783e-004
1.253523e+003,8.862658e-004
1.255452e+003,8.823671e-004
1.257380e+003,8.103950e-004
1.259309e+003,7.713789e-004
1.261237e+003,7.791137e-004
1.263166e+003,7.538600e-004
1.265094e+003,6.946365e-004
1.267023e+003,6.500178e-004
1.268951e+003,6.027996e-004
1.270880e+003,6.337329e-004
1.272808e+003,6.308369e-004
1.274737e+003,6.343359e-004
1.276665e+003,5.838035e-004
1.278594e+003,5.645743e-004
1.280522e+003,5.806996e-004
1.282451e+003,6.133832e-004
1.284379e+003,5.817107e-004
1.286308e+003,5.474990e-004
1.288236e+003,5.294702e-004
1.290165e+003,5.293021e-004
1.292093e+003,5.063115e-004
1.294022e+003,5.359623e-004
1.295950e+003,5.117011e-004
1.297879e+003,5.207495e-004
1.299807e+003,5.351619e-004
1.301736e+003,5.322848e-004
1.303664e+003,5.396975e-004
1.305593e+003,5.941539e-004
1.307521e+003,5.236357e-004
1.309450e+003,5.076388e-004
1.311378e+003,4.861279e-004
1.313307e+003,4.945172e-004
1.315235e+003,5.236042e-004
1.317164e+003,5.300792e-004
1.319092e+003,4.738510e-004
1.321021e+003,4.584184e-004
1.322949e+003,4.867660e-004
1.324878e+003,4.933337e-004
1.326806e+003,4.762076e-004
1.328735e+003,4.714211e-004
1.330663e+003,4.843874e-004
1.332592e+003,4.895048e-004
1.334520e+003,4.457542e-004
1.336449e+003,4.698288e-004
1.338377e+003,4.562133e-004
1.340306e+003,4.313680e-004
1.342234e+003,4.160336e-004
1.344163e+003,4.321168e-004
1.346091e+003,3.882985e-004
1.348020e+003,3.669270e-004
1.349948e+003,3.445063e-004
1.351877e+003,3.185728e-004
1.353805e+003,3.075559e-004
1.355734e+003,3.460206e-004
1.357662e+003,3.464189e-004
1.359591e+003,3.487948e-004
1.361519e+003,3.653677e-004
1.363448e+003,3.600755e-004
1.365376e+003,3.475859e-004
1.367305e+003,3.708387e-004
1.369233e+003,3.353050e-004
1.371162e+003,3.362298e-004
1.373090e+003,3.348544e-004
1.375019e+003,3.256734e-004
1.376947e+003,2.841473e-004
1.378876e+003,2.943240e-004
1.380804e+003,3.086941e-004
1.382733e+003,2.342729e-004
1.384661e+003,1.939918e-004
1.386590e+003,2.659039e-004
1.388518e+003,2.488997e-004
1.390447e+003,2.470694e-004
1.392375e+003,2.414056e-004
1.394304e+003,2.755477e-004
1.396232e+003,2.977931e-004
1.398161e+003,3.037191e-004
1.400089e+003,2.154106e-004
1.402018e+003,1.480950e-004
1.403946e+003,1.506041e-004
1.405875e+003,1.984126e-004
1.407803e+003,2.074906e-004
1.409732e+003,2.588268e-004
1.411660e+003,2.459569e-004
1.413589e+003,2.453658e-004
1.415517e+003,2.382751e-004
1.417446e+003,2.627677e-004
1.419374e+003,3.017616e-004
1.421303e+003,2.947469e-004
1.423231e+003,2.504965e-004
1.425160e+003,2.530757e-004
1.427088e+003,2.670836e-004
1.429017e+003,2.642943e-004
1.430945e+003,2.775232e-004
1.432874e+003,3.188685e-004
1.434802e+003,3.068113e-004
1.436731e+003,2.945305e-004
1.438659e+003,2.299633e-004
1.440588e+003,2.212220e-004
1.442516e+003,2.438467e-004
1.444445e+003,2.282792e-004
1.446373e+003,2.696147e-004
1.448302e+003,3.737518e-004
1.450230e+003,3.294372e-004
1.452159e+003,2.991584e-004
1.454087e+003,2.855326e-004
1.456016e+003,3.161656e-004
1.457944e+003,2.103709e-004
1.459873e+003,1.651554e-004
1.461801e+003,1.979265e-004
1.463730e+003,2.246826e-004
1.465658e+003,2.047083e-004
1.467587e+003,2.340259e-004
1.469515e+003,2.150708e-004
1.471444e+003,1.794617e-004
1.473372e+003,1.478319e-004
1.475301e+003,1.413995e-004
1.477229e+003,1.595538e-004
1.479158e+003,1.059713e-004
1.481086e+003,1.037188e-004
1.483015e+003,2.166613e-004
1.484943e+003,2.435398e-004
1.486872e+003,1.599063e-004
1.488800e+003,1.304159e-004
1.490729e+003,1.713833e-004
1.492657e+003,2.004254e-004
1.494586e+003,2.143774e-004
1.496514e+003,3.144215e-004
1.498443e+003,3.261374e-004
1.500371e+003,3.330732e-004
1.502300e+003,3.511551e-004
1.504228e+003,2.917523e-004
1.506157e+003,2.381160e-004
1.508085e+003,2.236907e-004
1.510014e+003,2.485206e-004
1.511942e+003,3.298500e-004
1.513871e+003,2.724596e-004
1.515799e+003,2.218946e-004
1.517728e+003,2.367777e-004
1.519656e+003,2.115639e-004
1.521585e+003,1.563610e-004
1.523513e+003,1.249770e-004
1.525442e+003,5.658604e-005
1.527370e+003,-6.049188e-005
1.529299e+003,-4.090466e-005
1.531227e+003,5.253728e-005
1.533156e+003,8.030217e-005
1.535084e+003,1.032888e-004
1.537013e+003,8.358676e-005
1.538941e+003,3.038545e-005
1.540870e+003,-6.920116e-005
1.542798e+003,-1.065118e-004
1.544727e+003,-6.494771e-005
1.546655e+003,-1.291132e-004
1.548584e+003,-1.610791e-004
1.550512e+003,-6.938131e-005
1.552441e+003,4.807587e-005
1.554369e+003,5.486214e-005
1.556298e+003,-5.384949e-005
1.558226e+003,-1.157917e-004
1.560155e+003,3.104054e-005
1.562083e+003,-7.561126e-005
1.564012e+003,-2.241590e-004
1.565940e+003,-1.772086e-004
1.567869e+003,-1.583073e-004
1.569797e+003,-9.110807e-005
1.571726e+003,2.823708e-008
1.573654e+003,-4.077278e-005
1.575583e+003,-3.072372e-005
1.577511e+003,-6.260791e-005
1.579440e+003,-1.110470e-004
1.581368e+003,-1.965760e-004
1.583297e+003,-1.898112e-004
1.585225e+003,-9.106600e-005
1.587154e+003,-1.281373e-005
1.589082e+003,3.038111e-005
1.591010e+003,-4.208273e-006
1.592939e+003,2.416979e-005
1.594868e+003,1.018734e-005
1.596796e+003,-8.550115e-005
1.598724e+003,-1.053349e-004
1.600653e+003,-8.164137e-005
1.602582e+003,-6.744306e-005
1.604510e+003,-7.890615e-005
1.606438e+003,-5.065369e-005
1.608367e+003,-1.346828e-007
1.610296e+003,9.822777e-007
1.612224e+003,-4.376928e-005
1.614152e+003,-6.339387e-005
1.616081e+003,-1.326231e-004
1.618010e+003,-1.643417e-004
1.619938e+003,-2.370042e-004
1.621866e+003,-1.958369e-004
1.623795e+003,-1.241589e-004
1.625724e+003,-8.643579e-005
1.627652e+003,-1.090161e-004
1.629580e+003,-3.623370e-005
1.631509e+003,-9.364753e-005
1.633438e+003,-2.123146e-004
1.635366e+003,-2.141195e-004
1.637294e+003,-1.175087e-004
1.639223e+003,-1.520137e-004
1.641151e+003,-2.120041e-004
1.643080e+003,-1.949611e-004
1.645008e+003,-1.470027e-004
1.646937e+003,-1.511709e-004
1.648865e+003,-1.832272e-004
1.650794e+003,-1.660877e-004
1.652722e+003,-1.402586e-004
1.654651e+003,-1.972750e-004
1.656579e+003,-2.174328e-004
1.658508e+003,-1.658002e-004
1.660436e+003,-1.438810e-004
1.662365e+003,-2.199768e-004
1.664293e+003,-1.257749e-004
1.666222e+003,-1.308701e-004
1.668150e+003,-2.230870e-004
1.670079e+003,-1.927466e-004
1.672007e+003,-1.525809e-004
1.673936e+003,-1.616120e-004
1.675864e+003,-1.250703e-004
1.677793e+003,-1.169755e-004
1.679721e+003,-8.527601e-005
1.681650e+003,-1.763050e-004
1.683578e+003,-2.478330e-004
1.685507e+003,-3.089783e-005
1.687435e+003,-7.116127e-005
1.689364e+003,-1.740826e-004
1.691292e+003,-1.415323e-004
1.693221e+003,-1.449147e-004
1.695149e+003,3.409245e-005
1.697078e+003,1.177055e-005
1.699006e+003,-1.200836e-004
1.700935e+003,-4.211414e-005
1.702863e+003,-9.210122e-005
1.704792e+003,-2.377718e-004
1.706720e+003,-1.750872e-004
1.708649e+003,-6.186493e-005
1.710577e+003,-3.177483e-005
1.712506e+003,3.053928e-005
1.714434e+003,-8.658126e-005
1.716363e+003,-5.636081e-005
1.718291e+003,-3.793658e-005
1.720220e+003,-5.801762e-005
1.722148e+003,-1.520563e-004
1.724077e+003,-1.423083e-004
1.726005e+003,-8.515109e-005
1.727934e+003,-3.202949e-005
1.729862e+003,2.319889e-005
1.731791e+003,5.513241e-005
1.733719e+003,7.234503e-005
1.735648e+003,-3.133398e-005
1.737576e+003,-1.527416e-004
1.739505e+003,-2.037627e-004
1.741433e+003,-1.817921e-004
1.743362e+003,-1.680085e-004
1.745290e+003,-8.565226e-005
1.747219e+003,-4.122467e-005
1.749147e+003,-4.610913e-006
1.751076e+003,5.796728e-005
1.753004e+003,-1.553452e-005
1.754933e+003,-9.717084e-005
1.756861e+003,-7.469410e-005
1.758790e+003,-4.367342e-005
1.760718e+003,-8.242369e-006
1.762647e+003,9.520840e-006
1.764575e+003,3.271129e-005
1.766504e+003,5.682317e-005
1.768432e+003,1.130298e-004
1.770361e+003,6.102962e-005
1.772289e+003,4.867597e-005
1.774218e+003,3.128390e-005
1.776146e+003,-6.601083e-005
1.778075e+003,-4.162595e-005
1.780003e+003,2.546998e-005
1.781932e+003,3.594222e-005
1.783860e+003,7.610744e-005
1.785789e+003,7.816509e-005
1.787717e+003,2.213464e-005
1.789646e+003,1.108552e-005
1.791574e+003,-1.870175e-005
1.793503e+003,7.147931e-005
1.795431e+003,1.562685e-004
1.797360e+003,1.481960e-004
1.799288e+003,1.263487e-004
1.801217e+003,1.202556e-004
1.803145e+003,1.013320e-004
1.805074e+003,1.379107e-004
1.807002e+003,1.590449e-004
1.808931e+003,1.915722e-004
1.810859e+003,2.316384e-004
1.812788e+003,2.564190e-004
1.814716e+003,3.211709e-004
1.816645e+003,4.262879e-004
1.818573e+003,4.355741e-004
1.820502e+003,3.961645e-004
1.822430e+003,3.165743e-004
1.824359e+003,2.592234e-004
1.826287e+003,2.598647e-004
1.828216e+003,3.122654e-004
1.830144e+003,2.922992e-004
1.832073e+003,2.469527e-004
1.834001e+003,2.211186e-004
1.835930e+003,2.516361e-004
1.837858e+003,3.299166e-004
1.839787e+003,3.812596e-004
1.841715e+003,3.163542e-004
1.843644e+003,2.436554e-004
1.845572e+003,2.902087e-004
1.847501e+003,2.459110e-004
1.849429e+003,3.121214e-004
1.851358e+003,3.572516e-004
1.853286e+003,2.354790e-004
1.855215e+003,3.512893e-004
1.857143e+003,3.878159e-004
1.859072e+003,2.513019e-004
1.861000e+003,2.656766e-004
1.862929e+003,2.635976e-004
1.864857e+003,1.256126e-004
1.866786e+003,-6.571778e-005
1.868714e+003,7.544128e-005
1.870643e+003,2.442551e-004
1.872571e+003,1.289843e-004
1.874500e+003,3.683373e-005
1.876428e+003,1.954929e-005
1.878357e+003,3.973901e-005
1.880285e+003,1.232423e-004
1.882214e+003,6.174964e-005
1.884142e+003,-8.493067e-005
1.886071e+003,-1.110083e-004
1.887999e+003,-8.888777e-005
1.889928e+003,1.467601e-005
1.891856e+003,-1.649893e-004
1.893785e+003,-2.169643e-004
1.895713e+003,-2.733071e-004
1.897642e+003,-3.182686e-004
1.899570e+003,-3.908675e-004
1.901499e+003,-5.257597e-004
1.903427e+003,-4.657607e-004
1.905356e+003,-3.780350e-004
1.907284e+003,-3.090696e-004
1.909213e+003,-3.397847e-004
1.911141e+003,-5.074222e-004
1.913070e+003,-6.773311e-004
1.914998e+003,-6.328924e-004
1.916927e+003,-6.920763e-004
1.918855e+003,-6.116300e-004
1.920784e+003,-2.560967e-004
1.922712e+003,-3.824346e-004
1.924641e+003,-6.407568e-004
1.926569e+003,-7.837721e-004
1.928498e+003,-4.160322e-004
1.930426e+003,-2.801245e-004
1.932355e+003,-8.893861e-004
1.934283e+003,-7.897881e-004
1.936212e+003,-5.804109e-004
1.938140e+003,-6.776453e-004
1.940069e+003,-8.859031e-004
1.941997e+003,-1.369891e-003
1.943926e+003,-1.605969e-003
1.945854e+003,-1.326369e-003
1.947783e+003,-1.243838e-003
1.949711e+003,-1.815547e-003
1.951640e+003,-1.960317e-003
1.953568e+003,-1.817474e-003
1.955497e+003,-1.865942e-003
1.957425e+003,-2.201729e-003
1.959354e+003,-2.730927e-003
1.961282e+003,-2.802744e-003
1.963211e+003,-2.186824e-003
1.965139e+003,-2.732629e-003
1.967068e+003,-3.171144e-003
1.968996e+003,-3.218058e-003
1.970925e+003,-2.838614e-003
1.972853e+003,-4.158951e-003
1.974782e+003,-5.379895e-003
1.976710e+003,-4.882284e-003
1.978639e+003,-4.834332e-003
1.980567e+003,-4.728461e-003
1.982496e+003,-4.218093e-003
1.984424e+003,-3.977600e-003
1.986353e+003,-4.014381e-003
1.988281e+003,-3.873438e-003
1.990210e+003,-4.021504e-003
1.992138e+003,-4.271219e-003
1.994067e+003,-4.156212e-003
1.995995e+003,-3.858966e-003
1.997924e+003,-4.291514e-003
1.999852e+003,-3.763737e-003
2.001781e+003,-3.331055e-003
2.003709e+003,-4.152921e-003
2.005638e+003,-4.432902e-003
2.007566e+003,-5.814111e-003
2.009495e+003,-6.492612e-003
2.011423e+003,-6.554661e-003
2.013352e+003,-6.990850e-003
2.015280e+003,-6.900090e-003
2.017208e+003,-6.329485e-003
2.019137e+003,-6.210435e-003
2.021066e+003,-6.530841e-003
2.022994e+003,-6.977577e-003
2.024922e+003,-7.268650e-003
2.026851e+003,-7.931707e-003
2.028780e+003,-8.319564e-003
2.030708e+003,-8.012170e-003
2.032636e+003,-8.035705e-003
2.034565e+003,-7.938131e-003
2.036494e+003,-7.020169e-003
2.038422e+003,-5.748301e-003
2.040350e+003,-5.834900e-003
2.042279e+003,-6.941179e-003
2.044208e+003,-7.115839e-003
2.046136e+003,-6.230787e-003
2.048064e+003,-5.697049e-003
2.049993e+003,-4.887233e-003
2.051921e+003,-4.123419e-003
2.053850e+003,-3.838712e-003
2.055778e+003,-4.024542e-003
2.057707e+003,-4.013668e-003
2.059635e+003,-3.769851e-003
2.061564e+003,-3.835309e-003
2.063492e+003,-3.488132e-003
2.065421e+003,-3.127765e-003
2.067349e+003,-3.167233e-003
2.069278e+003,-3.288988e-003
2.071206e+003,-3.553702e-003
2.073135e+003,-3.143006e-003
2.075063e+003,-2.912448e-003
2.076992e+003,-2.924656e-003
2.078920e+003,-3.129246e-003
2.080849e+003,-3.120897e-003
2.082777e+003,-2.938750e-003
2.084706e+003,-2.919939e-003
2.086634e+003,-2.930190e-003
2.088563e+003,-2.971639e-003
2.090491e+003,-2.668901e-003
2.092420e+003,-2.388549e-003
2.094348e+003,-2.472057e-003
2.096277e+003,-2.714805e-003
2.098205e+003,-2.840055e-003
2.100134e+003,-2.837586e-003
2.102062e+003,-3.089667e-003
2.103991e+003,-3.119242e-003
2.105919e+003,-2.947684e-003
2.107848e+003,-2.810593e-003
2.109776e+003,-2.724695e-003
2.111705e+003,-2.661306e-003
2.113633e+003,-2.437841e-003
2.115562e+003,-2.439554e-003
2.117490e+003,-2.598534e-003
2.119419e+003,-2.677212e-003
2.121347e+003,-2.360141e-003
2.123276e+003,-2.139653e-003
2.125204e+003,-2.491412e-003
2.127133e+003,-2.666740e-003
2.129061e+003,-2.775070e-003
2.130990e+003,-2.840549e-003
2.132918e+003,-3.052786e-003
2.134847e+003,-3.189241e-003
2.136775e+003,-3.467842e-003
2.138704e+003,-3.998903e-003
2.140632e+003,-4.130663e-003
2.142561e+003,-4.814889e-003
2.144489e+003,-5.492411e-003
2.146418e+003,-5.866539e-003
2.148346e+003,-6.160285e-003
2.150275e+003,-6.362645e-003
2.152203e+003,-7.441568e-003
2.154132e+003,-9.269516e-003
2.156060e+003,-1.026133e-002
2.157989e+003,-1.172797e-002
2.159917e+003,-1.409097e-002
2.161846e+003,-1.383560e-002
2.163774e+003,-1.242691e-002
2.165703e+003,-1.173068e-002
2.167631e+003,-9.936113e-003
2.169560e+003,-8.824062e-003
2.171488e+003,-9.060004e-003
2.173417e+003,-9.358150e-003
2.175345e+003,-8.688325e-003
2.177274e+003,-8.661822e-003
2.179202e+003,-9.359090e-003
2.181131e+003,-9.636970e-003
2.183059e+003,-9.525315e-003
2.184988e+003,-8.727654e-003
2.186916e+003,-8.434145e-003
2.188845e+003,-9.047153e-003
2.190773e+003,-8.508816e-003
2.192702e+003,-8.325787e-003
2.194630e+003,-8.329428e-003
2.196559e+003,-8.572495e-003
2.198487e+003,-8.965175e-003
2.200416e+003,-9.487128e-003
2.202344e+003,-9.256249e-003
2.204273e+003,-8.988284e-003
2.206201e+003,-8.733597e-003
2.208130e+003,-8.726063e-003
2.210058e+003,-8.551930e-003
2.211987e+003,-8.224815e-003
2.213915e+003,-8.182189e-003
2.215844e+003,-8.535394e-003
2.217772e+003,-8.475154e-003
2.219701e+003,-8.725673e-003
2.221629e+003,-8.716255e-003
2.223558e+003,-7.934642e-003
2.225486e+003,-7.797359e-003
2.227415e+003,-7.799833e-003
2.229343e+003,-7.674747e-003
2.231272e+003,-8.071721e-003
2.233200e+003,-7.614386e-003
2.235129e+003,-7.292897e-003
2.237057e+003,-7.382523e-003
2.238986e+003,-7.054815e-003
2.240914e+003,-6.839101e-003
2.242843e+003,-7.059726e-003
2.244771e+003,-7.108523e-003
2.246700e+003,-6.606677e-003
2.248628e+003,-6.778862e-003
2.250557e+003,-6.871074e-003
2.252485e+003,-6.717018e-003
2.254414e+003,-6.291232e-003
2.256342e+003,-6.113231e-003
2.258271e+003,-6.138009e-003
2.260199e+003,-6.444673e-003
2.262128e+003,-6.435942e-003
2.264056e+003,-6.001640e-003
2.265985e+003,-5.932507e-003
2.267913e+003,-5.832363e-003
2.269842e+003,-5.610868e-003
2.271770e+003,-5.582781e-003
2.273699e+003,-5.446337e-003
2.275627e+003,-5.487668e-003
2.277556e+003,-5.375328e-003
2.279484e+003,-5.294045e-003
2.281413e+003,-5.270094e-003
2.283341e+003,-5.387385e-003
2.285270e+003,-5.354334e-003
2.287198e+003,-5.271540e-003
2.289127e+003,-5.007706e-003
2.291055e+003,-4.576872e-003
2.292984e+003,-4.168705e-003
2.294912e+003,-3.793256e-003
2.296841e+003,-3.651630e-003
2.298769e+003,-3.581484e-003
2.300698e+003,-3.525888e-003
2.302626e+003,-3.773189e-003
2.304555e+003,-3.876470e-003
2.306483e+003,-3.741068e-003
2.308412e+003,-3.793438e-003
2.310340e+003,-3.797064e-003
2.312269e+003,-3.493044e-003
2.314197e+003,-3.374946e-003
2.316125e+003,-3.378885e-003
2.318054e+003,-3.362250e-003
2.319983e+003,-3.420622e-003
2.321911e+003,-3.470308e-003
2.323840e+003,-3.371323e-003
2.325768e+003,-3.127484e-003
2.327697e+003,-2.966992e-003
2.329625e+003,-2.802928e-003
2.331553e+003,-2.669500e-003
2.333482e+003,-2.774162e-003
2.335411e+003,-2.814759e-003
2.337339e+003,-2.859655e-003
2.339268e+003,-2.782437e-003
2.341196e+003,-2.818363e-003
2.343125e+003,-2.779042e-003
2.345053e+003,-2.625680e-003
2.346981e+003,-2.532522e-003
2.348910e+003,-2.486231e-003
2.350839e+003,-2.411364e-003
2.352767e+003,-2.389557e-003
2.354696e+003,-2.385551e-003
2.356624e+003,-2.345426e-003
2.358552e+003,-2.330553e-003
2.360481e+003,-2.328743e-003
2.362409e+003,-2.328725e-003
2.364338e+003,-2.243900e-003
2.366267e+003,-2.307125e-003
2.368195e+003,-2.247223e-003
2.370124e+003,-2.114749e-003
2.372052e+003,-2.180738e-003
2.373980e+003,-2.188001e-003
2.375909e+003,-2.119686e-003
2.377838e+003,-2.118781e-003
2.379766e+003,-2.107531e-003
2.381695e+003,-1.999363e-003
2.383623e+003,-1.859928e-003
2.385552e+003,-1.730576e-003
2.387480e+003,-1.630774e-003
2.389408e+003,-1.543762e-003
2.391337e+003,-1.467783e-003
2.393266e+003,-1.520602e-003
2.395194e+003,-1.581272e-003
2.397123e+003,-1.446460e-003
2.399051e+003,-1.402499e-003
2.400979e+003,-1.461830e-003
2.402908e+003,-1.492374e-003
2.404836e+003,-1.551576e-003
2.406765e+003,-1.505384e-003
2.408694e+003,-1.543685e-003
2.410622e+003,-1.528398e-003
2.412551e+003,-1.487091e-003
2.414479e+003,-1.588552e-003
2.416407e+003,-1.731442e-003
2.418336e+003,-1.711409e-003
2.420264e+003,-1.639290e-003
2.422193e+003,-1.720518e-003
2.424122e+003,-1.712928e-003
2.426050e+003,-1.742267e-003
2.427979e+003,-1.819615e-003
2.429907e+003,-1.937294e-003
2.431835e+003,-1.930829e-003
2.433764e+003,-2.061504e-003
2.435692e+003,-2.117199e-003
2.437621e+003,-2.035979e-003
2.439550e+003,-2.041651e-003
2.441478e+003,-2.171238e-003
2.443406e+003,-2.047422e-003
2.445335e+003,-1.880158e-003
2.447263e+003,-1.958702e-003
2.449192e+003,-2.039640e-003
2.451121e+003,-2.003592e-003
2.453049e+003,-2.071265e-003
2.454978e+003,-2.234336e-003
2.456906e+003,-2.214985e-003
2.458834e+003,-2.184557e-003
2.460763e+003,-2.141664e-003
2.462691e+003,-2.152643e-003
2.464620e+003,-2.191645e-003
2.466549e+003,-2.164941e-003
2.468477e+003,-2.132795e-003
2.470406e+003,-2.142126e-003
2.472334e+003,-2.068693e-003
2.474262e+003,-2.057876e-003
2.476191e+003,-2.097348e-003
2.478119e+003,-2.129300e-003
2.480048e+003,-2.210865e-003
2.481977e+003,-2.240533e-003
2.483905e+003,-2.172985e-003
2.485833e+003,-2.249268e-003
2.487762e+003,-2.306785e-003
2.489690e+003,-2.224842e-003
2.491619e+003,-2.202129e-003
2.493547e+003,-2.410492e-003
2.495476e+003,-2.457115e-003
2.497405e+003,-2.470162e-003
2.499333e+003,-2.478827e-003
2.501261e+003,-2.523367e-003
2.503190e+003,-2.556933e-003
2.505118e+003,-2.382385e-003
2.507047e+003,-2.362909e-003
2.508975e+003,-2.426572e-003
2.510904e+003,-2.496222e-003
2.512833e+003,-2.639505e-003
2.514761e+003,-2.727461e-003
2.516689e+003,-2.700789e-003
2.518618e+003,-2.745735e-003
2.520546e+003,-2.744220e-003
2.522475e+003,-2.675401e-003
2.524403e+003,-2.733684e-003
2.526332e+003,-2.858653e-003
2.528260e+003,-2.939029e-003
2.530189e+003,-2.911251e-003
2.532117e+003,-2.842030e-003
2.534046e+003,-2.813061e-003
2.535974e+003,-2.773984e-003
2.537903e+003,-2.925502e-003
2.539831e+003,-2.915958e-003
2.541760e+003,-2.902562e-003
2.543688e+003,-2.952160e-003
2.545617e+003,-2.922738e-003
2.547545e+003,-3.025674e-003
2.549474e+003,-3.017612e-003
2.551402e+003,-2.973912e-003
2.553331e+003,-3.125526e-003
2.555259e+003,-3.185262e-003
2.557188e+003,-3.097398e-003
2.559116e+003,-3.066143e-003
2.561045e+003,-2.960617e-003
2.562973e+003,-3.137138e-003
2.564902e+003,-3.209140e-003
2.566830e+003,-3.149177e-003
2.568759e+003,-3.109735e-003
2.570687e+003,-3.094108e-003
2.572616e+003,-3.249659e-003
2.574544e+003,-3.368990e-003
2.576473e+003,-3.356989e-003
2.578401e+003,-3.469815e-003
2.580330e+003,-3.449501e-003
2.582258e+003,-3.477408e-003
2.584187e+003,-3.557767e-003
2.586115e+003,-3.529996e-003
2.588044e+003,-3.583794e-003
2.589972e+003,-3.595263e-003
2.591901e+003,-3.586489e-003
2.593829e+003,-3.588625e-003
2.595758e+003,-3.596906e-003
2.597686e+003,-3.570945e-003
2.599615e+003,-3.562729e-003
2.601543e+003,-3.546199e-003
2.603472e+003,-3.536438e-003
2.605400e+003,-3.588461e-003
2.607329e+003,-3.689301e-003
2.609257e+003,-3.659501e-003
2.611186e+003,-3.692027e-003
2.613114e+003,-3.712068e-003
2.615043e+003,-3.691666e-003
2.616971e+003,-3.595887e-003
2.618900e+003,-3.572030e-003
2.620828e+003,-3.654343e-003
2.622757e+003,-3.613599e-003
2.624685e+003,-3.471195e-003
2.626614e+003,-3.478657e-003
2.628542e+003,-3.487038e-003
2.630471e+003,-3.459033e-003
2.632399e+003,-3.490753e-003
2.634328e+003,-3.511887e-003
2.636256e+003,-3.400781e-003
2.638185e+003,-3.303919e-003
2.640113e+003,-3.222230e-003
2.642042e+003,-3.224500e-003
2.643970e+003,-3.251040e-003
2.645899e+003,-3.172269e-003
2.647827e+003,-3.106643e-003
2.649756e+003,-3.081541e-003
2.651684e+003,-3.074040e-003
2.653613e+003,-3.016559e-003
2.655541e+003,-2.985002e-003
2.657470e+003,-2.926094e-003
2.659398e+003,-2.854341e-003
2.661327e+003,-2.798511e-003
2.663255e+003,-2.744945e-003
2.665184e+003,-2.695060e-003
2.667112e+003,-2.644774e-003
2.669041e+003,-2.637430e-003
2.670969e+003,-2.645334e-003
2.672898e+003,-2.658309e-003
2.674826e+003,-2.652975e-003
2.676755e+003,-2.635158e-003
2.678683e+003,-2.638781e-003
2.680612e+003,-2.681394e-003
2.682540e+003,-2.638056e-003
2.684469e+003,-2.607130e-003
2.686397e+003,-2.642502e-003
2.688326e+003,-2.686893e-003
2.690254e+003,-2.671317e-003
2.692183e+003,-2.623137e-003
2.694111e+003,-2.659100e-003
2.696040e+003,-2.669572e-003
2.697968e+003,-2.643852e-003
2.699897e+003,-2.598929e-003
2.701825e+003,-2.589345e-003
2.703754e+003,-2.602882e-003
2.705682e+003,-2.595965e-003
2.707611e+003,-2.611676e-003
2.709539e+003,-2.560458e-003
2.711468e+003,-2.469701e-003
2.713396e+003,-2.479123e-003
2.715325e+003,-2.497078e-003
2.717253e+003,-2.531800e-003
2.719182e+003,-2.604034e-003
2.721110e+003,-2.565003e-003
2.723039e+003,-2.488018e-003
2.724967e+003,-2.536313e-003
2.726896e+003,-2.525640e-003
2.728824e+003,-2.515296e-003
2.730753e+003,-2.502086e-003
2.732681e+003,-2.520501e-003
2.734610e+003,-2.492334e-003
2.736538e+003,-2.488249e-003
2.738467e+003,-2.556176e-003
2.740395e+003,-2.598468e-003
2.742324e+003,-2.539278e-003
2.744252e+003,-2.521950e-003
2.746181e+003,-2.555649e-003
2.748109e+003,-2.603837e-003
2.750038e+003,-2.633149e-003
2.751966e+003,-2.575544e-003
2.753895e+003,-2.603079e-003
2.755823e+003,-2.652975e-003
2.757752e+003,-2.651789e-003
2.759680e+003,-2.654160e-003
2.761609e+003,-2.617966e-003
2.763537e+003,-2.662228e-003
2.765466e+003,-2.665554e-003
2.767394e+003,-2.718406e-003
2.769323e+003,-2.787317e-003
2.771251e+003,-2.708528e-003
2.773180e+003,-2.646520e-003
2.775108e+003,-2.679550e-003
2.777037e+003,-2.696180e-003
2.778965e+003,-2.670099e-003
2.780894e+003,-2.681032e-003
2.782822e+003,-2.692524e-003
2.784750e+003,-2.689857e-003
2.786679e+003,-2.718077e-003
2.788608e+003,-2.718505e-003
2.790536e+003,-2.703951e-003
2.792465e+003,-2.737800e-003
2.794393e+003,-2.750114e-003
2.796322e+003,-2.758575e-003
2.798250e+003,-2.750641e-003
2.800178e+003,-2.715179e-003
2.802107e+003,-2.698616e-003
2.804036e+003,-2.724662e-003
2.805964e+003,-2.761868e-003
2.807893e+003,-2.755283e-003
2.809821e+003,-2.741652e-003
2.811750e+003,-2.732235e-003
2.813678e+003,-2.716529e-003
2.815606e+003,-2.743759e-003
2.817535e+003,-2.765588e-003
2.819464e+003,-2.801572e-003
2.821392e+003,-2.784585e-003
2.823321e+003,-2.726901e-003
2.825249e+003,-2.733388e-003
2.827177e+003,-2.767465e-003
2.829106e+003,-2.745208e-003
2.831034e+003,-2.729733e-003
2.832963e+003,-2.769012e-003
2.834892e+003,-2.758444e-003
2.836820e+003,-2.766411e-003
2.838749e+003,-2.800058e-003
2.840677e+003,-2.812271e-003
2.842605e+003,-2.822444e-003
2.844534e+003,-2.829752e-003
2.846462e+003,-2.827612e-003
2.848391e+003,-2.839298e-003
2.850320e+003,-2.885677e-003
2.852248e+003,-2.850852e-003
2.854177e+003,-2.871195e-003
2.856105e+003,-2.962493e-003
2.858033e+003,-2.973057e-003
2.859962e+003,-2.910428e-003
2.861890e+003,-2.825867e-003
2.863819e+003,-2.843874e-003
2.865748e+003,-2.911844e-003
2.867676e+003,-2.901180e-003
2.869604e+003,-2.844137e-003
2.871533e+003,-2.828468e-003
2.873461e+003,-2.899073e-003
2.875390e+003,-2.928431e-003
2.877319e+003,-2.909770e-003
2.879247e+003,-2.822674e-003
2.881176e+003,-2.808552e-003
2.883104e+003,-2.864941e-003
2.885032e+003,-2.901706e-003
2.886961e+003,-2.939160e-003
2.888889e+003,-2.954792e-003
2.890818e+003,-2.912173e-003
2.892747e+003,-2.919183e-003
2.894675e+003,-2.894992e-003
2.896604e+003,-2.903681e-003
2.898532e+003,-2.955023e-003
2.900460e+003,-2.979902e-003
2.902389e+003,-2.967397e-003
2.904317e+003,-2.956701e-003
2.906246e+003,-2.989116e-003
2.908175e+003,-3.014519e-003
2.910103e+003,-2.986121e-003
2.912031e+003,-2.994413e-003
2.913960e+003,-3.016658e-003
2.915888e+003,-3.095030e-003
2.917817e+003,-3.157730e-003
2.919745e+003,-3.150362e-003
2.921674e+003,-3.128881e-003
2.923603e+003,-3.206542e-003
2.925531e+003,-3.232360e-003
2.927459e+003,-3.205621e-003
2.929388e+003,-3.177532e-003
2.931316e+003,-3.173749e-003
2.933245e+003,-3.146743e-003
2.935173e+003,-3.101062e-003
2.937102e+003,-3.106222e-003
2.939031e+003,-3.175633e-003
2.940959e+003,-3.187111e-003
2.942887e+003,-3.123723e-003
2.944816e+003,-3.120046e-003
2.946744e+003,-3.133238e-003
2.948673e+003,-3.119458e-003
2.950601e+003,-3.151246e-003
2.952530e+003,-3.198611e-003
2.954458e+003,-3.182524e-003
2.956387e+003,-3.145919e-003
2.958315e+003,-3.145827e-003
2.960244e+003,-3.225983e-003
2.962172e+003,-3.273372e-003
2.964101e+003,-3.213929e-003
2.966029e+003,-3.199757e-003
2.967958e+003,-3.201270e-003
2.969886e+003,-3.196192e-003
2.971815e+003,-3.180768e-003
2.973743e+003,-3.169141e-003
2.975672e+003,-3.146859e-003
2.977600e+003,-3.148304e-003
2.979529e+003,-3.101078e-003
2.981457e+003,-3.122829e-003
2.983386e+003,-3.153890e-003
2.985314e+003,-3.215169e-003
2.987243e+003,-3.183792e-003
2.989171e+003,-3.134624e-003
2.991100e+003,-3.181331e-003
2.993028e+003,-3.214964e-003
2.994957e+003,-3.257437e-003
2.996885e+003,-3.276594e-003
2.998814e+003,-3.222279e-003
3.000742e+003,-3.279243e-003
3.002671e+003,-3.286602e-003
3.004599e+003,-3.241967e-003
3.006528e+003,-3.228380e-003
3.008456e+003,-3.273941e-003
3.010385e+003,-3.299657e-003
3.012313e+003,-3.262604e-003
3.014242e+003,-3.265960e-003
3.016170e+003,-3.239520e-003
3.018099e+003,-3.211623e-003
3.020027e+003,-3.241971e-003
3.021956e+003,-3.367472e-003
3.023884e+003,-3.449130e-003
3.025813e+003,-3.388032e-003
3.027741e+003,-3.393054e-003
3.029670e+003,-3.448157e-003
3.031598e+003,-3.453862e-003
3.033527e+003,-3.411212e-003
3.035455e+003,-3.419654e-003
3.037384e+003,-3.410442e-003
3.039312e+003,-3.371002e-003
3.041241e+003,-3.374351e-003
3.043169e+003,-3.459092e-003
3.045098e+003,-3.441096e-003
3.047026e+003,-3.498329e-003
3.048955e+003,-3.530115e-003
3.050883e+003,-3.479118e-003
3.052812e+003,-3.501510e-003
3.054740e+003,-3.497414e-003
3.056669e+003,-3.457863e-003
3.058597e+003,-3.466468e-003
3.060526e+003,-3.482529e-003
3.062454e+003,-3.512493e-003
3.064383e+003,-3.550380e-003
3.066311e+003,-3.604846e-003
3.068240e+003,-3.636038e-003
3.070168e+003,-3.654453e-003
3.072097e+003,-3.550356e-003
3.074025e+003,-3.551231e-003
3.075954e+003,-3.573337e-003
3.077882e+003,-3.656163e-003
3.079811e+003,-3.661220e-003
3.081739e+003,-3.708428e-003
3.083668e+003,-3.705773e-003
3.085596e+003,-3.602741e-003
3.087525e+003,-3.643210e-003
3.089453e+003,-3.734239e-003
3.091382e+003,-3.774548e-003
3.093310e+003,-3.747901e-003
3.095239e+003,-3.707345e-003
3.097167e+003,-3.738883e-003
3.099096e+003,-3.744825e-003
3.101024e+003,-3.741260e-003
3.102953e+003,-3.738425e-003
3.104881e+003,-3.799438e-003
3.106810e+003,-3.842192e-003
3.108738e+003,-3.808725e-003
3.110667e+003,-3.731440e-003
3.112595e+003,-3.682856e-003
3.114524e+003,-3.668013e-003
3.116452e+003,-3.721196e-003
3.118381e+003,-3.791541e-003
3.120309e+003,-3.818621e-003
3.122238e+003,-3.807291e-003
3.124166e+003,-3.807842e-003
3.126095e+003,-3.837754e-003
3.128023e+003,-3.928653e-003
3.129952e+003,-3.958553e-003
3.131880e+003,-3.905493e-003
3.133809e+003,-3.849225e-003
3.135737e+003,-3.768080e-003
3.137666e+003,-3.849961e-003
3.139594e+003,-3.925580e-003
3.141523e+003,-3.908082e-003
3.143451e+003,-3.889977e-003
3.145380e+003,-3.937854e-003
3.147308e+003,-3.966084e-003
3.149237e+003,-3.905669e-003
3.151165e+003,-3.927574e-003
3.153094e+003,-3.979687e-003
3.155022e+003,-3.992126e-003
3.156951e+003,-4.041382e-003
3.158879e+003,-4.047113e-003
3.160808e+003,-3.955425e-003
3.162736e+003,-3.916152e-003
3.164665e+003,-3.989330e-003
3.166593e+003,-4.064386e-003
3.168522e+003,-4.069745e-003
3.170450e+003,-4.043758e-003
3.172379e+003,-4.049197e-003
3.174307e+003,-4.036310e-003
3.176236e+003,-3.998046e-003
3.178164e+003,-4.055275e-003
3.180093e+003,-4.107850e-003
3.182021e+003,-4.073289e-003
3.183950e+003,-4.069824e-003
3.185878e+003,-4.134184e-003
3.187807e+003,-4.202344e-003
3.189735e+003,-4.277310e-003
3.191664e+003,-4.238049e-003
3.193592e+003,-4.265329e-003
3.195521e+003,-4.255150e-003
3.197449e+003,-4.246195e-003
3.199378e+003,-4.219534e-003
3.201306e+003,-4.210979e-003
3.203235e+003,-4.263628e-003
3.205163e+003,-4.392517e-003
3.207092e+003,-4.264182e-003
3.209020e+003,-4.279838e-003
3.210948e+003,-4.322622e-003
3.212877e+003,-4.292536e-003
3.214806e+003,-4.369603e-003
3.216734e+003,-4.343767e-003
3.218663e+003,-4.306057e-003
3.220591e+003,-4.306515e-003
3.222520e+003,-4.334146e-003
3.224448e+003,-4.426750e-003
3.226376e+003,-4.452415e-003
3.228305e+003,-4.422536e-003
3.230234e+003,-4.399379e-003
3.232162e+003,-4.435654e-003
3.234091e+003,-4.466021e-003
3.236019e+003,-4.492695e-003
3.237948e+003,-4.545718e-003
3.239876e+003,-4.535801e-003
3.241804e+003,-4.455299e-003
3.243733e+003,-4.513487e-003
3.245662e+003,-4.570616e-003
3.247590e+003,-4.536052e-003
3.249519e+003,-4.520024e-003
3.251447e+003,-4.579130e-003
3.253375e+003,-4.553984e-003
3.255304e+003,-4.487266e-003
3.257232e+003,-4.527051e-003
3.259161e+003,-4.593242e-003
3.261090e+003,-4.630071e-003
3.263018e+003,-4.643504e-003
3.264947e+003,-4.562167e-003
3.266875e+003,-4.556080e-003
3.268803e+003,-4.669440e-003
3.270732e+003,-4.661675e-003
3.272660e+003,-4.644322e-003
3.274589e+003,-4.768245e-003
3.276518e+003,-4.823638e-003
3.278446e+003,-4.773361e-003
3.280375e+003,-4.719259e-003
3.282303e+003,-4.718199e-003
3.284231e+003,-4.730135e-003
3.286160e+003,-4.777649e-003
3.288088e+003,-4.762806e-003
3.290017e+003,-4.747936e-003
3.291946e+003,-4.795202e-003
3.293874e+003,-4.824367e-003
3.295802e+003,-4.812887e-003
3.297731e+003,-4.863817e-003
3.299659e+003,-4.814632e-003
3.301588e+003,-4.827804e-003
3.303516e+003,-4.815381e-003
3.305445e+003,-4.837677e-003
3.307374e+003,-4.838293e-003
3.309302e+003,-4.864371e-003
3.311230e+003,-4.816521e-003
3.313159e+003,-4.838092e-003
3.315087e+003,-4.922105e-003
3.317016e+003,-4.965159e-003
3.318944e+003,-4.930015e-003
3.320873e+003,-4.870201e-003
3.322802e+003,-4.898724e-003
3.324730e+003,-4.938557e-003
3.326658e+003,-4.913174e-003
3.328587e+003,-4.955536e-003
3.330515e+003,-4.978564e-003
3.332444e+003,-5.108693e-003
3.334372e+003,-5.073389e-003
3.336301e+003,-5.021937e-003
3.338229e+003,-4.970405e-003
3.340158e+003,-4.959778e-003
3.342086e+003,-4.965923e-003
3.344015e+003,-4.964132e-003
3.345943e+003,-4.998969e-003
3.347872e+003,-5.026948e-003
3.349800e+003,-5.043826e-003
3.351729e+003,-5.020123e-003
3.353657e+003,-5.001789e-003
3.355586e+003,-5.016054e-003
3.357514e+003,-5.070900e-003
3.359443e+003,-5.131105e-003
3.361371e+003,-5.138405e-003
3.363300e+003,-5.100906e-003
3.365229e+003,-5.110159e-003
3.367157e+003,-5.144267e-003
3.369085e+003,-5.160923e-003
3.371014e+003,-5.214529e-003
3.372942e+003,-5.180258e-003
3.374871e+003,-5.123994e-003
3.376799e+003,-5.101901e-003
3.378728e+003,-5.081027e-003
3.380656e+003,-5.149392e-003
3.382585e+003,-5.242376e-003
3.384513e+003,-5.282574e-003
3.386442e+003,-5.340867e-003
3.388370e+003,-5.277663e-003
3.390299e+003,-5.222090e-003
3.392227e+003,-5.240285e-003
3.394156e+003,-5.288336e-003
3.396084e+003,-5.205170e-003
3.398013e+003,-5.134631e-003
3.399941e+003,-5.165752e-003
3.401870e+003,-5.221913e-003
3.403798e+003,-5.279040e-003
3.405727e+003,-5.315375e-003
3.407655e+003,-5.299282e-003
3.409584e+003,-5.296911e-003
3.411512e+003,-5.252687e-003
3.413441e+003,-5.268935e-003
3.415369e+003,-5.272176e-003
3.417298e+003,-5.293358e-003
3.419226e+003,-5.355975e-003
3.421155e+003,-5.411483e-003
3.423083e+003,-5.368065e-003
3.425012e+003,-5.380040e-003
3.426940e+003,-5.382970e-003
3.428869e+003,-5.449705e-003
3.430797e+003,-5.485269e-003
3.432726e+003,-5.441995e-003
3.434654e+003,-5.432134e-003
3.436583e+003,-5.469514e-003
3.438511e+003,-5.447346e-003
3.440440e+003,-5.409766e-003
3.442368e+003,-5.404304e-003
3.444297e+003,-5.428923e-003
3.446225e+003,-5.438308e-003
3.448154e+003,-5.436998e-003
3.450082e+003,-5.396645e-003
3.452011e+003,-5.346201e-003
3.453939e+003,-5.391321e-003
3.455868e+003,-5.482954e-003
3.457796e+003,-5.446244e-003
3.459725e+003,-5.448917e-003
3.461653e+003,-5.516964e-003
3.463582e+003,-5.544434e-003
3.465510e+003,-5.542763e-003
3.467439e+003,-5.575225e-003
3.469367e+003,-5.595000e-003
3.471296e+003,-5.584251e-003
3.473224e+003,-5.511689e-003
3.475153e+003,-5.474134e-003
3.477081e+003,-5.427872e-003
3.479010e+003,-5.433438e-003
3.480938e+003,-5.531312e-003
3.482867e+003,-5.548100e-003
3.484795e+003,-5.511357e-003
3.486724e+003,-5.560927e-003
3.488652e+003,-5.558468e-003
3.490581e+003,-5.517028e-003
3.492509e+003,-5.511802e-003
3.494438e+003,-5.560904e-003
3.496366e+003,-5.615257e-003
3.498295e+003,-5.669990e-003
3.500223e+003,-5.574686e-003
3.502152e+003,-5.486944e-003
3.504080e+003,-5.407695e-003
3.506009e+003,-5.467372e-003
3.507937e+003,-5.554034e-003
3.509866e+003,-5.648830e-003
3.511794e+003,-5.634753e-003
3.513723e+003,-5.528136e-003
3.515651e+003,-5.451472e-003
3.517580e+003,-5.483039e-003
3.519508e+003,-5.506446e-003
3.521437e+003,-5.466020e-003
3.523365e+003,-5.514691e-003
3.525294e+003,-5.475039e-003
3.527222e+003,-5.446256e-003
3.529151e+003,-5.530155e-003
3.531079e+003,-5.550730e-003
3.533008e+003,-5.589517e-003
3.534936e+003,-5.605856e-003
3.536865e+003,-5.533922e-003
3.538793e+003,-5.507177e-003
3.540722e+003,-5.426160e-003
3.542650e+003,-5.344071e-003
3.544579e+003,-5.482272e-003
3.546507e+003,-5.601376e-003
3.548436e+003,-5.538831e-003
3.550364e+003,-5.550468e-003
3.552293e+003,-5.616413e-003
3.554221e+003,-5.590003e-003
3.556150e+003,-5.560321e-003
3.558078e+003,-5.489904e-003
3.560007e+003,-5.601788e-003
3.561935e+003,-5.658714e-003
3.563864e+003,-5.639824e-003
3.565792e+003,-5.547228e-003
3.567721e+003,-5.564987e-003
3.569649e+003,-5.581713e-003
3.571578e+003,-5.644915e-003
3.573506e+003,-5.694001e-003
3.575435e+003,-5.681641e-003
3.577363e+003,-5.618962e-003
3.579292e+003,-5.571777e-003
3.581220e+003,-5.550768e-003
3.583149e+003,-5.659754e-003
3.585077e+003,-5.676783e-003
3.587006e+003,-5.637456e-003
3.588934e+003,-5.611393e-003
3.590863e+003,-5.637189e-003
3.592791e+003,-5.650125e-003
3.594720e+003,-5.749001e-003
3.596648e+003,-5.718826e-003
3.598577e+003,-5.593042e-003
3.600505e+003,-5.580790e-003
3.602434e+003,-5.692870e-003
3.604362e+003,-5.681821e-003
3.606291e+003,-5.665920e-003
3.608219e+003,-5.795686e-003
3.610148e+003,-5.839870e-003
3.612076e+003,-5.809185e-003
3.614005e+003,-5.846275e-003
3.615933e+003,-5.974786e-003
3.617862e+003,-6.061998e-003
3.619790e+003,-5.961534e-003
3.621719e+003,-5.945692e-003
3.623647e+003,-5.840529e-003
3.625576e+003,-5.859949e-003
3.627504e+003,-5.860789e-003
3.629433e+003,-5.728576e-003
3.631361e+003,-5.787136e-003
3.633290e+003,-5.974345e-003
3.635218e+003,-6.023348e-003
3.637146e+003,-6.011211e-003
3.639075e+003,-5.968811e-003
3.641004e+003,-5.991432e-003
3.642932e+003,-6.026080e-003
3.644861e+003,-5.951802e-003
3.646789e+003,-5.991094e-003
3.648718e+003,-6.070403e-003
3.650646e+003,-6.064315e-003
3.652574e+003,-6.087384e-003
3.654503e+003,-6.181049e-003
3.656432e+003,-6.333406e-003
3.658360e+003,-6.390376e-003
3.660289e+003,-6.133053e-003
3.662217e+003,-6.074348e-003
3.664146e+003,-6.248546e-003
3.666074e+003,-6.056450e-003
3.668002e+003,-6.069304e-003
3.669931e+003,-6.288331e-003
3.671860e+003,-6.348204e-003
3.673788e+003,-6.246709e-003
3.675717e+003,-6.240845e-003
3.677645e+003,-6.367158e-003
3.679573e+003,-6.350018e-003
3.681502e+003,-6.089353e-003
3.683430e+003,-6.208886e-003
3.685359e+003,-6.314506e-003
3.687288e+003,-6.233941e-003
3.689216e+003,-6.413489e-003
3.691145e+003,-6.581052e-003
3.693073e+003,-6.672404e-003
3.695001e+003,-6.616448e-003
3.696930e+003,-6.678721e-003
3.698858e+003,-6.687861e-003
3.700787e+003,-6.526681e-003
3.702716e+003,-6.524368e-003
3.704644e+003,-6.534490e-003
3.706573e+003,-6.396119e-003
3.708501e+003,-6.521228e-003
3.710429e+003,-6.789710e-003
3.712358e+003,-6.777550e-003
3.714286e+003,-6.839409e-003
3.716215e+003,-6.900413e-003
3.718144e+003,-6.954948e-003
3.720072e+003,-6.813139e-003
3.722000e+003,-6.594921e-003
3.723929e+003,-6.680564e-003
3.725857e+003,-6.773796e-003
3.727786e+003,-6.796516e-003
3.729714e+003,-6.792646e-003
3.731643e+003,-7.017903e-003
3.733572e+003,-7.010348e-003
3.735500e+003,-6.852080e-003
3.737428e+003,-6.891884e-003
3.739357e+003,-6.877617e-003
3.741285e+003,-6.812844e-003
3.743214e+003,-6.640207e-003
3.745142e+003,-6.716257e-003
3.747071e+003,-6.735320e-003
3.749000e+003,-6.887876e-003
3.750928e+003,-6.985885e-003
3.752856e+003,-6.942351e-003
3.754785e+003,-6.776420e-003
3.756713e+003,-6.715624e-003
3.758642e+003,-6.902384e-003
3.760570e+003,-6.919447e-003
3.762499e+003,-6.703606e-003
3.764427e+003,-6.698519e-003
3.766356e+003,-6.982322e-003
3.768284e+003,-7.021137e-003
3.770213e+003,-6.792921e-003
3.772141e+003,-6.772267e-003
3.774070e+003,-6.940454e-003
3.775998e+003,-6.779500e-003
3.777927e+003,-6.625195e-003
3.779855e+003,-6.835992e-003
3.781784e+003,-6.866904e-003
3.783712e+003,-6.933589e-003
3.785641e+003,-6.979740e-003
3.787569e+003,-6.956505e-003
3.789498e+003,-6.892312e-003
3.791426e+003,-6.671428e-003
3.793355e+003,-6.750790e-003
3.795283e+003,-6.851765e-003
3.797212e+003,-6.743324e-003
3.799140e+003,-6.770658e-003
3.801069e+003,-6.806828e-003
3.802997e+003,-6.911209e-003
3.804926e+003,-7.026742e-003
3.806854e+003,-6.892889e-003
3.808783e+003,-6.914225e-003
3.810711e+003,-6.885437e-003
3.812640e+003,-6.655669e-003
3.814568e+003,-6.726970e-003
3.816497e+003,-6.816388e-003
3.818425e+003,-6.925975e-003
3.820354e+003,-7.153687e-003
3.822282e+003,-7.097178e-003
3.824211e+003,-7.125081e-003
3.826139e+003,-7.027419e-003
3.828068e+003,-6.710737e-003
3.829996e+003,-6.648148e-003
3.831925e+003,-6.627633e-003
3.833853e+003,-6.726951e-003
3.835782e+003,-6.879464e-003
3.837710e+003,-6.903681e-003
3.839639e+003,-7.051828e-003
3.841567e+003,-7.061270e-003
3.843496e+003,-6.866632e-003
3.845424e+003,-6.805656e-003
3.847353e+003,-6.800039e-003
3.849281e+003,-6.739610e-003
3.851210e+003,-6.820984e-003
3.853138e+003,-6.780528e-003
3.855067e+003,-6.647568e-003
3.856995e+003,-6.916149e-003
3.858924e+003,-7.007594e-003
3.860852e+003,-7.006984e-003
3.862781e+003,-6.958228e-003
3.864709e+003,-6.817292e-003
3.866638e+003,-6.856049e-003
3.868566e+003,-7.009104e-003
3.870495e+003,-6.845057e-003
3.872423e+003,-6.946028e-003
3.874352e+003,-7.126913e-003
3.876280e+003,-7.033086e-003
3.878209e+003,-7.053201e-003
3.880137e+003,-6.996764e-003
3.882066e+003,-6.862469e-003
3.883994e+003,-6.962045e-003
3.885923e+003,-6.892654e-003
3.887851e+003,-6.896841e-003
3.889780e+003,-6.997989e-003
3.891708e+003,-7.052601e-003
3.893637e+003,-7.119808e-003
3.895565e+003,-7.095621e-003
3.897494e+003,-6.986908e-003
3.899422e+003,-7.039669e-003
3.901351e+003,-6.989820e-003
3.903279e+003,-6.992095e-003
3.905208e+003,-7.023755e-003
3.907136e+003,-7.060994e-003
3.909065e+003,-7.098390e-003
3.910993e+003,-7.101224e-003
3.912922e+003,-7.095325e-003
3.914850e+003,-6.952914e-003
3.916779e+003,-6.955449e-003
3.918707e+003,-7.076461e-003
3.920636e+003,-7.064936e-003
3.922564e+003,-7.073083e-003
3.924493e+003,-7.074354e-003
3.926421e+003,-7.022124e-003
3.928350e+003,-7.034651e-003
3.930278e+003,-7.044949e-003
3.932207e+003,-6.998705e-003
3.934135e+003,-7.037226e-003
3.936064e+003,-7.039997e-003
3.937992e+003,-7.030236e-003
3.939921e+003,-7.048107e-003
3.941849e+003,-7.019572e-003
3.943778e+003,-7.031852e-003
3.945706e+003,-7.081709e-003
3.947635e+003,-7.067409e-003
3.949563e+003,-7.097306e-003
3.951492e+003,-7.184824e-003
3.953420e+003,-7.163492e-003
3.955349e+003,-7.154115e-003
3.957277e+003,-7.161221e-003
3.959206e+003,-7.088016e-003
3.961134e+003,-7.098472e-003
3.963063e+003,-7.105211e-003
3.964991e+003,-7.126761e-003
3.966920e+003,-7.129897e-003
3.968848e+003,-7.096934e-003
3.970777e+003,-7.071505e-003
3.972705e+003,-7.055981e-003
3.974634e+003,-6.962468e-003
3.976562e+003,-7.034730e-003
3.978491e+003,-7.127163e-003
3.980419e+003,-7.088154e-003
3.982348e+003,-7.071130e-003
3.984276e+003,-7.097388e-003
3.986205e+003,-7.171215e-003
3.988133e+003,-7.132943e-003
3.990062e+003,-7.092702e-003
3.991990e+003,-7.202489e-003
3.993919e+003,-7.202687e-003
3.995847e+003,-7.227885e-003
3.997776e+003,-7.255936e-003
3.999704e+003,-7.255156e-003
4.001633e+003,0.000000e+000
