3.991989e+002,8.554501e-001
4.011274e+002,1.003137e+000
4.030559e+002,1.003137e+000
4.049844e+002,1.070419e+000
4.069129e+002,1.147752e+000
4.088414e+002,1.224481e+000
4.107699e+002,1.303304e+000
4.126984e+002,1.379758e+000
4.146269e+002,1.472633e+000
4.165554e+002,1.541296e+000
4.184839e+002,1.605134e+000
4.204124e+002,1.696595e+000
4.223409e+002,1.807600e+000
4.242694e+002,1.893726e+000
4.261979e+002,1.991663e+000
4.281264e+002,2.074984e+000
4.300549e+002,2.168066e+000
4.319834e+002,2.251364e+000
4.339119e+002,2.331176e+000
4.358404e+002,2.406868e+000
4.377689e+002,2.494888e+000
4.396974e+002,2.567300e+000
4.416259e+002,2.635321e+000
4.435544e+002,2.709614e+000
4.454829e+002,2.780859e+000
4.474114e+002,2.850472e+000
4.493399e+002,2.903618e+000
4.512684e+002,2.966431e+000
4.531969e+002,3.027528e+000
4.551254e+002,3.083444e+000
4.570539e+002,3.131665e+000
4.589824e+002,3.203893e+000
4.609109e+002,3.273226e+000
4.628394e+002,3.324126e+000
4.647679e+002,3.388075e+000
4.666964e+002,3.438812e+000
4.686249e+002,3.503959e+000
4.705533e+002,3.562173e+000
4.724819e+002,3.610026e+000
4.744103e+002,3.674707e+000
4.763389e+002,3.746169e+000
4.782673e+002,3.816829e+000
4.801959e+002,3.897418e+000
4.821243e+002,3.974973e+000
4.840529e+002,4.042521e+000
4.859813e+002,4.120528e+000
4.879099e+002,4.192903e+000
4.898383e+002,4.254852e+000
4.917668e+002,4.307505e+000
4.936953e+002,4.361837e+000
4.956238e+002,4.406678e+000
4.975523e+002,4.443806e+000
4.994808e+002,4.494522e+000
5.014093e+002,4.529399e+000
5.033378e+002,4.591515e+000
5.052663e+002,4.648244e+000
5.071948e+002,4.694998e+000
5.091233e+002,4.756459e+000
5.110518e+002,4.807146e+000
5.129803e+002,4.853574e+000
5.149088e+002,4.907414e+000
5.168373e+002,4.947230e+000
5.187658e+002,4.984329e+000
5.206943e+002,5.042156e+000
5.226228e+002,5.103730e+000
5.245513e+002,5.153025e+000
5.264798e+002,5.218766e+000
5.284083e+002,5.290185e+000
5.303368e+002,5.350930e+000
5.322653e+002,5.408297e+000
5.341938e+002,5.465794e+000
5.361223e+002,5.520850e+000
5.380508e+002,5.572688e+000
5.399792e+002,5.621840e+000
5.419078e+002,5.672284e+000
5.438363e+002,5.714530e+000
5.457648e+002,5.754702e+000
5.476932e+002,5.799654e+000
5.496218e+002,5.848488e+000
5.515503e+002,5.887178e+000
5.534788e+002,5.933348e+000
5.554072e+002,5.979379e+000
5.573358e+002,6.025447e+000
5.592643e+002,6.078743e+000
5.611927e+002,6.138880e+000
5.631212e+002,6.185404e+000
5.650497e+002,6.245317e+000
5.669783e+002,6.295300e+000
5.689067e+002,6.345830e+000
5.708352e+002,6.392111e+000
5.727637e+002,6.433824e+000
5.746923e+002,6.465441e+000
5.766207e+002,6.504809e+000
5.785492e+002,6.541591e+000
5.804777e+002,6.578838e+000
5.824063e+002,6.616232e+000
5.843347e+002,6.650762e+000
5.862632e+002,6.682423e+000
5.881917e+002,6.722137e+000
5.901202e+002,6.783436e+000
5.920487e+002,6.849410e+000
5.939772e+002,6.915977e+000
5.959057e+002,6.982527e+000
5.978342e+002,7.053742e+000
5.997627e+002,7.129501e+000
6.016912e+002,7.198379e+000
6.036197e+002,7.269094e+000
6.055482e+002,7.339576e+000
6.074767e+002,7.407070e+000
6.094052e+002,7.475694e+000
6.113337e+002,7.556077e+000
6.132622e+002,7.645243e+000
6.151907e+002,7.739017e+000
6.171192e+002,7.810605e+000
6.190477e+002,7.878109e+000
6.209762e+002,7.950441e+000
6.229047e+002,8.031432e+000
6.248332e+002,8.112621e+000
6.267617e+002,8.191081e+000
6.286902e+002,8.271121e+000
6.306187e+002,8.352148e+000
6.325472e+002,8.433727e+000
6.344756e+002,8.509559e+000
6.364042e+002,8.578085e+000
6.383326e+002,8.649821e+000
6.402612e+002,8.710715e+000
6.421896e+002,8.763344e+000
6.441182e+002,8.814901e+000
6.460466e+002,8.860073e+000
6.479752e+002,8.907467e+000
6.499036e+002,8.964776e+000
6.518322e+002,9.017393e+000
6.537606e+002,9.061337e+000
6.556891e+002,9.098180e+000
6.576177e+002,9.130260e+000
6.595461e+002,9.156528e+000
6.614746e+002,9.178564e+000
6.634031e+002,9.208190e+000
6.653317e+002,9.221074e+000
6.672601e+002,9.266386e+000
6.691886e+002,9.302871e+000
6.711171e+002,9.341883e+000
6.730457e+002,9.381389e+000
6.749741e+002,9.428353e+000
6.769026e+002,9.477894e+000
6.788311e+002,9.527829e+000
6.807596e+002,9.582164e+000
6.826881e+002,9.638865e+000
6.846166e+002,9.700611e+000
6.865451e+002,9.762283e+000
6.884736e+002,9.825088e+000
6.904021e+002,9.888906e+000
6.923306e+002,9.959084e+000
6.942591e+002,1.003059e+001
6.961876e+002,1.010535e+001
6.981161e+002,1.018145e+001
7.000446e+002,1.025545e+001
7.019731e+002,1.032613e+001
7.039016e+002,1.039212e+001
7.058301e+002,1.045650e+001
7.077585e+002,1.051827e+001
7.096871e+002,1.057584e+001
7.116156e+002,1.063060e+001
7.135441e+002,1.067934e+001
7.154725e+002,1.072201e+001
7.174011e+002,1.075625e+001
7.193296e+002,1.078369e+001
7.212581e+002,1.081264e+001
7.231865e+002,1.084443e+001
7.251151e+002,1.086727e+001
7.270436e+002,1.088525e+001
7.289720e+002,1.090355e+001
7.309005e+002,1.091994e+001
7.328290e+002,1.093394e+001
7.347576e+002,1.094905e+001
7.366860e+002,1.096140e+001
7.386145e+002,1.097481e+001
7.405430e+002,1.098803e+001
7.424716e+002,1.099977e+001
7.444000e+002,1.101302e+001
7.463285e+002,1.103339e+001
7.482570e+002,1.105010e+001
7.501855e+002,1.106688e+001
7.521140e+002,1.108823e+001
7.540425e+002,1.110908e+001
7.559710e+002,1.113286e+001
7.578995e+002,1.116145e+001
7.598280e+002,1.118889e+001
7.617565e+002,1.122229e+001
7.636850e+002,1.125593e+001
7.656135e+002,1.128609e+001
7.675420e+002,1.132196e+001
7.694705e+002,1.135684e+001
7.713990e+002,1.138990e+001
7.733275e+002,1.142234e+001
7.752560e+002,1.145306e+001
7.771844e+002,1.148114e+001
7.791130e+002,1.150773e+001
7.810415e+002,1.152958e+001
7.829700e+002,1.154750e+001
7.848984e+002,1.156120e+001
7.868270e+002,1.156536e+001
7.887555e+002,1.155929e+001
7.906840e+002,1.155064e+001
7.926124e+002,1.153799e+001
7.945410e+002,1.152232e+001
7.964695e+002,1.150947e+001
7.983979e+002,1.149714e+001
8.003264e+002,1.148813e+001
8.022549e+002,1.148478e+001
8.041835e+002,1.148073e+001
8.061119e+002,1.148319e+001
8.080404e+002,1.149142e+001
8.099689e+002,1.149833e+001
8.118975e+002,1.150509e+001
8.138259e+002,1.151451e+001
8.157545e+002,1.151642e+001
8.176830e+002,1.151729e+001
8.196115e+002,1.151769e+001
8.215399e+002,1.151838e+001
8.234684e+002,1.152600e+001
8.253970e+002,1.154563e+001
8.273254e+002,1.156695e+001
8.292539e+002,1.159355e+001
8.311824e+002,1.161552e+001
8.331110e+002,1.163097e+001
8.350394e+002,1.164870e+001
8.369679e+002,1.166933e+001
8.388964e+002,1.168890e+001
8.408250e+002,1.171351e+001
8.427534e+002,1.173584e+001
8.446819e+002,1.175887e+001
8.466104e+002,1.178628e+001
8.485389e+002,1.181598e+001
8.504674e+002,1.184369e+001
8.523959e+002,1.187384e+001
8.543244e+002,1.190182e+001
8.562529e+002,1.193141e+001
8.581814e+002,1.196103e+001
8.601099e+002,1.198835e+001
8.620384e+002,1.201351e+001
8.639669e+002,1.204432e+001
8.658954e+002,1.207485e+001
8.678239e+002,1.210593e+001
8.697524e+002,1.213623e+001
8.716809e+002,1.216562e+001
8.736094e+002,1.219710e+001
8.755378e+002,1.223516e+001
8.774664e+002,1.226966e+001
8.793949e+002,1.230532e+001
8.813234e+002,1.234364e+001
8.832518e+002,1.238246e+001
8.851804e+002,1.242045e+001
8.871089e+002,1.245819e+001
8.890374e+002,1.249352e+001
8.909658e+002,1.253205e+001
8.928943e+002,1.257087e+001
8.948229e+002,1.261015e+001
8.967513e+002,1.265272e+001
8.986798e+002,1.269748e+001
9.006083e+002,1.274195e+001
9.025369e+002,1.279537e+001
9.044653e+002,1.284730e+001
9.063938e+002,1.289693e+001
9.083223e+002,1.294862e+001
9.102509e+002,1.300109e+001
9.121793e+002,1.305084e+001
9.141078e+002,1.310246e+001
9.160364e+002,1.315344e+001
9.179648e+002,1.321467e+001
9.198933e+002,1.328472e+001
9.218218e+002,1.335002e+001
9.237504e+002,1.341244e+001
9.256788e+002,1.347775e+001
9.276073e+002,1.353822e+001
9.295358e+002,1.360023e+001
9.314644e+002,1.366212e+001
9.333928e+002,1.372256e+001
9.353213e+002,1.378124e+001
9.372498e+002,1.384114e+001
9.391783e+002,1.389675e+001
9.411068e+002,1.395117e+001
9.430353e+002,1.400274e+001
9.449637e+002,1.405156e+001
9.468923e+002,1.410418e+001
9.488208e+002,1.415748e+001
9.507493e+002,1.420553e+001
9.526777e+002,1.425864e+001
9.546063e+002,1.431054e+001
9.565348e+002,1.435943e+001
9.584633e+002,1.441257e+001
9.603917e+002,1.446817e+001
9.623203e+002,1.452203e+001
9.642488e+002,1.458445e+001
9.661772e+002,1.465098e+001
9.681057e+002,1.472037e+001
9.700343e+002,1.478960e+001
9.719628e+002,1.485666e+001
9.738912e+002,1.492250e+001
9.758197e+002,1.499836e+001
9.777483e+002,1.507063e+001
9.796768e+002,1.513420e+001
9.816052e+002,1.519436e+001
9.835337e+002,1.525378e+001
9.854623e+002,1.531109e+001
9.873907e+002,1.537312e+001
9.893192e+002,1.543038e+001
9.912477e+002,1.548940e+001
9.931763e+002,1.554894e+001
9.951047e+002,1.560877e+001
9.970332e+002,1.566619e+001
9.989617e+002,1.571885e+001
1.000890e+003,1.576276e+001
1.002819e+003,1.580408e+001
1.004747e+003,1.583687e+001
1.006676e+003,1.586169e+001
1.008604e+003,1.588303e+001
1.010533e+003,1.589797e+001
1.012461e+003,1.590517e+001
1.014390e+003,1.591596e+001
1.016318e+003,1.592754e+001
1.018247e+003,1.594409e+001
1.020175e+003,1.596650e+001
1.022104e+003,1.599366e+001
1.024032e+003,1.601970e+001
1.025961e+003,1.605386e+001
1.027889e+003,1.608675e+001
1.029818e+003,1.612140e+001
1.031746e+003,1.616058e+001
1.033675e+003,1.620291e+001
1.035603e+003,1.624352e+001
1.037532e+003,1.628597e+001
1.039460e+003,1.631203e+001
1.041389e+003,1.633046e+001
1.043317e+003,1.634318e+001
1.045246e+003,1.635012e+001
1.047174e+003,1.635704e+001
1.049103e+003,1.637140e+001
1.051031e+003,1.638244e+001
1.052960e+003,1.640324e+001
1.054888e+003,1.642653e+001
1.056817e+003,1.644783e+001
1.058745e+003,1.647092e+001
1.060674e+003,1.650352e+001
1.062602e+003,1.653135e+001
1.064531e+003,1.656119e+001
1.066459e+003,1.658797e+001
1.068388e+003,1.661248e+001
1.070316e+003,1.663109e+001
1.072245e+003,1.663981e+001
1.074173e+003,1.663821e+001
1.076102e+003,1.666152e+001
1.078030e+003,1.670554e+001
1.079959e+003,1.675117e+001
1.081887e+003,1.681885e+001
1.083816e+003,1.689369e+001
1.085744e+003,1.694165e+001
1.087673e+003,1.697670e+001
1.089601e+003,1.699962e+001
1.091530e+003,1.701643e+001
1.093458e+003,1.703231e+001
1.095387e+003,1.705544e+001
1.097315e+003,1.708539e+001
1.099244e+003,1.712521e+001
1.101172e+003,1.715903e+001
1.103101e+003,1.720075e+001
1.105029e+003,1.724648e+001
1.106958e+003,1.729748e+001
1.108886e+003,1.735502e+001
1.110815e+003,1.742533e+001
1.112743e+003,1.750045e+001
1.114672e+003,1.758764e+001
1.116600e+003,1.767671e+001
1.118529e+003,1.776037e+001
1.120457e+003,1.784153e+001
1.122386e+003,1.792702e+001
1.124314e+003,1.800983e+001
1.126243e+003,1.809562e+001
1.128171e+003,1.817234e+001
1.130100e+003,1.823717e+001
1.132028e+003,1.829311e+001
1.133957e+003,1.834333e+001
1.135885e+003,1.837594e+001
1.137814e+003,1.839883e+001
1.139742e+003,1.839572e+001
1.141671e+003,1.838754e+001
1.143599e+003,1.842049e+001
1.145528e+003,1.847597e+001
1.147456e+003,1.851524e+001
1.149385e+003,1.855400e+001
1.151313e+003,1.860997e+001
1.153242e+003,1.869794e+001
1.155170e+003,1.878455e+001
1.157099e+003,1.886106e+001
1.159027e+003,1.893156e+001
1.160956e+003,1.900912e+001
1.162884e+003,1.908740e+001
1.164813e+003,1.917711e+001
1.166741e+003,1.927465e+001
1.168670e+003,1.937015e+001
1.170598e+003,1.944798e+001
1.172526e+003,1.951049e+001
1.174455e+003,1.954886e+001
1.176384e+003,1.955788e+001
1.178312e+003,1.949824e+001
1.180240e+003,1.943256e+001
1.182169e+003,1.954268e+001
1.184098e+003,1.971095e+001
1.186026e+003,1.977885e+001
1.187954e+003,1.981180e+001
1.189883e+003,1.983305e+001
1.191812e+003,1.985253e+001
1.193740e+003,1.987601e+001
1.195668e+003,1.990677e+001
1.197597e+003,1.994006e+001
1.199526e+003,1.998405e+001
1.201454e+003,2.002804e+001
1.203382e+003,2.007421e+001
1.205311e+003,2.012109e+001
1.207240e+003,2.016888e+001
1.209168e+003,2.021137e+001
1.211096e+003,2.025171e+001
1.213025e+003,2.028354e+001
1.214953e+003,2.031404e+001
1.216882e+003,2.034429e+001
1.218810e+003,2.037520e+001
1.220739e+003,2.040422e+001
1.222667e+003,2.043673e+001
1.224596e+003,2.046703e+001
1.226524e+003,2.049956e+001
1.228453e+003,2.053136e+001
1.230381e+003,2.056318e+001
1.232310e+003,2.059425e+001
1.234238e+003,2.062741e+001
1.236167e+003,2.065652e+001
1.238095e+003,2.068873e+001
1.240024e+003,2.071766e+001
1.241952e+003,2.074189e+001
1.243881e+003,2.076339e+001
1.245809e+003,2.078269e+001
1.247738e+003,2.080240e+001
1.249666e+003,2.082904e+001
1.251595e+003,2.084573e+001
1.253523e+003,2.084713e+001
1.255452e+003,2.083897e+001
1.257380e+003,2.081740e+001
1.259309e+003,2.078523e+001
1.261237e+003,2.076397e+001
1.263166e+003,2.076210e+001
1.265094e+003,2.080191e+001
1.267023e+003,2.088888e+001
1.268951e+003,2.100255e+001
1.270880e+003,2.110025e+001
1.272808e+003,2.117301e+001
1.274737e+003,2.122141e+001
1.276665e+003,2.126369e+001
1.278594e+003,2.130639e+001
1.280522e+003,2.133788e+001
1.282451e+003,2.135819e+001
1.284379e+003,2.138388e+001
1.286308e+003,2.139840e+001
1.288236e+003,2.140731e+001
1.290165e+003,2.141846e+001
1.292093e+003,2.142579e+001
1.294022e+003,2.143201e+001
1.295950e+003,2.143983e+001
1.297879e+003,2.144204e+001
1.299807e+003,2.144746e+001
1.301736e+003,2.144505e+001
1.303664e+003,2.143625e+001
1.305593e+003,2.144137e+001
1.307521e+003,2.148316e+001
1.309450e+003,2.150707e+001
1.311378e+003,2.152315e+001
1.313307e+003,2.153780e+001
1.315235e+003,2.154967e+001
1.317164e+003,2.156582e+001
1.319092e+003,2.157738e+001
1.321021e+003,2.157414e+001
1.322949e+003,2.158009e+001
1.324878e+003,2.158372e+001
1.326806e+003,2.158228e+001
1.328735e+003,2.159066e+001
1.330663e+003,2.157619e+001
1.332592e+003,2.156314e+001
1.334520e+003,2.161740e+001
1.336449e+003,2.165538e+001
1.338377e+003,2.168356e+001
1.340306e+003,2.167821e+001
1.342234e+003,2.164197e+001
1.344163e+003,2.162919e+001
1.346091e+003,2.162251e+001
1.348020e+003,2.161655e+001
1.349948e+003,2.161064e+001
1.351877e+003,2.159735e+001
1.353805e+003,2.159856e+001
1.355734e+003,2.159781e+001
1.357662e+003,2.159949e+001
1.359591e+003,2.160506e+001
1.361519e+003,2.162752e+001
1.363448e+003,2.161608e+001
1.365376e+003,2.159022e+001
1.367305e+003,2.159343e+001
1.369233e+003,2.159104e+001
1.371162e+003,2.158570e+001
1.373090e+003,2.160769e+001
1.375019e+003,2.158390e+001
1.376947e+003,2.154563e+001
1.378876e+003,2.151753e+001
1.380804e+003,2.144879e+001
1.382733e+003,2.131971e+001
1.384661e+003,2.128376e+001
1.386590e+003,2.139467e+001
1.388518e+003,2.145918e+001
1.390447e+003,2.148737e+001
1.392375e+003,2.151115e+001
1.394304e+003,2.153101e+001
1.396232e+003,2.151514e+001
1.398161e+003,2.151000e+001
1.400089e+003,2.147049e+001
1.402018e+003,2.145049e+001
1.403946e+003,2.147190e+001
1.405875e+003,2.146246e+001
1.407803e+003,2.145395e+001
1.409732e+003,2.146537e+001
1.411660e+003,2.147545e+001
1.413589e+003,2.148423e+001
1.415517e+003,2.151378e+001
1.417446e+003,2.155218e+001
1.419374e+003,2.152249e+001
1.421303e+003,2.150130e+001
1.423231e+003,2.154931e+001
1.425160e+003,2.153433e+001
1.427088e+003,2.153407e+001
1.429017e+003,2.155215e+001
1.430945e+003,2.154332e+001
1.432874e+003,2.152672e+001
1.434802e+003,2.154746e+001
1.436731e+003,2.152598e+001
1.438659e+003,2.146665e+001
1.440588e+003,2.145530e+001
1.442516e+003,2.143759e+001
1.444445e+003,2.141419e+001
1.446373e+003,2.141990e+001
1.448302e+003,2.139252e+001
1.450230e+003,2.135005e+001
1.452159e+003,2.132140e+001
1.454087e+003,2.131151e+001
1.456016e+003,2.129726e+001
1.457944e+003,2.126466e+001
1.459873e+003,2.126275e+001
1.461801e+003,2.124739e+001
1.463730e+003,2.127567e+001
1.465658e+003,2.124271e+001
1.467587e+003,2.122287e+001
1.469515e+003,2.123620e+001
1.471444e+003,2.127303e+001
1.473372e+003,2.123693e+001
1.475301e+003,2.123683e+001
1.477229e+003,2.120410e+001
1.479158e+003,2.117988e+001
1.481086e+003,2.117250e+001
1.483015e+003,2.114468e+001
1.484943e+003,2.113980e+001
1.486872e+003,2.116063e+001
1.488800e+003,2.118306e+001
1.490729e+003,2.114004e+001
1.492657e+003,2.107516e+001
1.494586e+003,2.104657e+001
1.496514e+003,2.102099e+001
1.498443e+003,2.103736e+001
1.500371e+003,2.100842e+001
1.502300e+003,2.099162e+001
1.504228e+003,2.095633e+001
1.506157e+003,2.097326e+001
1.508085e+003,2.094818e+001
1.510014e+003,2.095563e+001
1.511942e+003,2.091004e+001
1.513871e+003,2.089790e+001
1.515799e+003,2.092634e+001
1.517728e+003,2.089444e+001
1.519656e+003,2.082380e+001
1.521585e+003,2.076747e+001
1.523513e+003,2.074454e+001
1.525442e+003,2.073397e+001
1.527370e+003,2.067458e+001
1.529299e+003,2.060957e+001
1.531227e+003,2.058848e+001
1.533156e+003,2.058624e+001
1.535084e+003,2.049310e+001
1.537013e+003,2.043934e+001
1.538941e+003,2.037023e+001
1.540870e+003,2.037815e+001
1.542798e+003,2.037702e+001
1.544727e+003,2.034006e+001
1.546655e+003,2.025888e+001
1.548584e+003,2.024855e+001
1.550512e+003,2.020326e+001
1.552441e+003,2.014469e+001
1.554369e+003,2.010354e+001
1.556298e+003,2.009289e+001
1.558226e+003,2.008488e+001
1.560155e+003,1.988417e+001
1.562083e+003,1.988405e+001
1.564012e+003,1.990977e+001
1.565940e+003,1.985621e+001
1.567869e+003,1.982712e+001
1.569797e+003,1.977797e+001
1.571726e+003,1.968860e+001
1.573654e+003,1.964108e+001
1.575583e+003,1.950229e+001
1.577511e+003,1.945480e+001
1.579440e+003,1.948078e+001
1.581368e+003,1.942326e+001
1.583297e+003,1.937264e+001
1.585225e+003,1.931601e+001
1.587154e+003,1.926497e+001
1.589082e+003,1.920938e+001
1.591010e+003,1.915219e+001
1.592939e+003,1.909060e+001
1.594868e+003,1.902954e+001
1.596796e+003,1.895037e+001
1.598724e+003,1.888513e+001
1.600653e+003,1.881876e+001
1.602582e+003,1.875572e+001
1.604510e+003,1.867844e+001
1.606438e+003,1.860757e+001
1.608367e+003,1.852451e+001
1.610296e+003,1.843930e+001
1.612224e+003,1.834480e+001
1.614152e+003,1.825338e+001
1.616081e+003,1.807855e+001
1.618010e+003,1.795151e+001
1.619938e+003,1.793321e+001
1.621866e+003,1.791907e+001
1.623795e+003,1.788274e+001
1.625724e+003,1.782393e+001
1.627652e+003,1.777802e+001
1.629580e+003,1.768468e+001
1.631509e+003,1.762139e+001
1.633438e+003,1.756955e+001
1.635366e+003,1.750414e+001
1.637294e+003,1.740081e+001
1.639223e+003,1.734663e+001
1.641151e+003,1.726290e+001
1.643080e+003,1.720473e+001
1.645008e+003,1.712942e+001
1.646937e+003,1.709342e+001
1.648865e+003,1.701243e+001
1.650794e+003,1.687906e+001
1.652722e+003,1.676777e+001
1.654651e+003,1.669916e+001
1.656579e+003,1.671057e+001
1.658508e+003,1.664865e+001
1.660436e+003,1.659422e+001
1.662365e+003,1.653665e+001
1.664293e+003,1.642821e+001
1.666222e+003,1.637486e+001
1.668150e+003,1.633388e+001
1.670079e+003,1.626012e+001
1.672007e+003,1.616425e+001
1.673936e+003,1.610307e+001
1.675864e+003,1.599522e+001
1.677793e+003,1.591531e+001
1.679721e+003,1.585564e+001
1.681650e+003,1.580803e+001
1.683578e+003,1.567271e+001
1.685507e+003,1.547265e+001
1.687435e+003,1.551215e+001
1.689364e+003,1.545802e+001
1.691292e+003,1.535706e+001
1.693221e+003,1.526627e+001
1.695149e+003,1.511098e+001
1.697078e+003,1.503223e+001
1.699006e+003,1.505553e+001
1.700935e+003,1.492795e+001
1.702863e+003,1.486216e+001
1.704792e+003,1.479788e+001
1.706720e+003,1.469467e+001
1.708649e+003,1.457587e+001
1.710577e+003,1.449569e+001
1.712506e+003,1.441041e+001
1.714434e+003,1.434387e+001
1.716363e+003,1.418962e+001
1.718291e+003,1.408590e+001
1.720220e+003,1.401279e+001
1.722148e+003,1.393435e+001
1.724077e+003,1.383418e+001
1.726005e+003,1.373982e+001
1.727934e+003,1.365906e+001
1.729862e+003,1.358909e+001
1.731791e+003,1.347881e+001
1.733719e+003,1.337365e+001
1.735648e+003,1.326676e+001
1.737576e+003,1.323466e+001
1.739505e+003,1.315594e+001
1.741433e+003,1.307382e+001
1.743362e+003,1.300430e+001
1.745290e+003,1.293044e+001
1.747219e+003,1.286873e+001
1.749147e+003,1.279014e+001
1.751076e+003,1.266137e+001
1.753004e+003,1.255206e+001
1.754933e+003,1.248068e+001
1.756861e+003,1.239132e+001
1.758790e+003,1.228605e+001
1.760718e+003,1.219996e+001
1.762647e+003,1.208138e+001
1.764575e+003,1.197241e+001
1.766504e+003,1.187464e+001
1.768432e+003,1.176788e+001
1.770361e+003,1.166369e+001
1.772289e+003,1.151542e+001
1.774218e+003,1.135808e+001
1.776146e+003,1.121727e+001
1.778075e+003,1.106801e+001
1.780003e+003,1.097295e+001
1.781932e+003,1.086817e+001
1.783860e+003,1.077914e+001
1.785789e+003,1.067565e+001
1.787717e+003,1.058130e+001
1.789646e+003,1.049677e+001
1.791574e+003,1.040444e+001
1.793503e+003,1.027462e+001
1.795431e+003,1.017209e+001
1.797360e+003,1.005763e+001
1.799288e+003,9.947309e+000
1.801217e+003,9.813424e+000
1.803145e+003,9.669865e+000
1.805074e+003,9.516589e+000
1.807002e+003,9.364305e+000
1.808931e+003,9.189225e+000
1.810859e+003,8.995388e+000
1.812788e+003,8.752469e+000
1.814716e+003,8.455246e+000
1.816645e+003,8.049784e+000
1.818573e+003,7.703122e+000
1.820502e+003,7.512970e+000
1.822430e+003,7.405068e+000
1.824359e+003,7.308457e+000
1.826287e+003,7.189618e+000
1.828216e+003,7.074710e+000
1.830144e+003,6.953183e+000
1.832073e+003,6.810326e+000
1.834001e+003,6.680057e+000
1.835930e+003,6.542917e+000
1.837858e+003,6.411093e+000
1.839787e+003,6.276066e+000
1.841715e+003,6.158728e+000
1.843644e+003,6.035169e+000
1.845572e+003,5.909096e+000
1.847501e+003,5.791027e+000
1.849429e+003,5.676825e+000
1.851358e+003,5.562869e+000
1.853286e+003,5.459210e+000
1.855215e+003,5.354868e+000
1.857143e+003,5.258717e+000
1.859072e+003,5.159648e+000
1.861000e+003,5.068920e+000
1.862929e+003,4.974661e+000
1.864857e+003,4.888769e+000
1.866786e+003,4.804333e+000
1.868714e+003,4.720440e+000
1.870643e+003,4.621116e+000
1.872571e+003,4.532832e+000
1.874500e+003,4.442345e+000
1.876428e+003,4.357393e+000
1.878357e+003,4.267554e+000
1.880285e+003,4.183210e+000
1.882214e+003,4.094860e+000
1.884142e+003,4.011253e+000
1.886071e+003,3.923177e+000
1.887999e+003,3.844902e+000
1.889928e+003,3.759795e+000
1.891856e+003,3.676013e+000
1.893785e+003,3.593769e+000
1.895713e+003,3.516425e+000
1.897642e+003,3.434863e+000
1.899570e+003,3.359390e+000
1.901499e+003,3.279978e+000
1.903427e+003,3.206996e+000
1.905356e+003,3.129350e+000
1.907284e+003,3.057894e+000
1.909213e+003,2.982528e+000
1.911141e+003,2.910656e+000
1.913070e+003,2.835634e+000
1.914998e+003,2.767086e+000
1.916927e+003,2.696599e+000
1.918855e+003,2.631827e+000
1.920784e+003,2.565533e+000
1.922712e+003,2.483926e+000
1.924641e+003,2.381185e+000
1.926569e+003,2.286169e+000
1.928498e+003,2.192357e+000
1.930426e+003,2.105091e+000
1.932355e+003,2.015222e+000
1.934283e+003,1.933326e+000
1.936212e+003,1.850333e+000
1.938140e+003,1.774993e+000
1.940069e+003,1.698023e+000
1.941997e+003,1.626906e+000
1.943926e+003,1.552056e+000
1.945854e+003,1.484876e+000
1.947783e+003,1.415856e+000
1.949711e+003,1.352206e+000
1.951640e+003,1.287833e+000
1.953568e+003,1.229072e+000
1.955497e+003,1.159422e+000
1.957425e+003,1.071572e+000
1.959354e+003,9.796274e-001
1.961282e+003,9.245538e-001
1.963211e+003,8.795213e-001
1.965139e+003,8.410200e-001
1.967068e+003,8.000724e-001
1.968996e+003,7.640330e-001
1.970925e+003,7.263826e-001
1.972853e+003,6.938069e-001
1.974782e+003,6.588835e-001
1.976710e+003,6.362578e-001
1.978639e+003,6.555648e-001
1.980567e+003,7.316390e-001
1.982496e+003,7.911850e-001
1.984424e+003,8.305739e-001
1.986353e+003,8.519408e-001
1.988281e+003,8.705667e-001
1.990210e+003,8.798931e-001
1.992138e+003,8.874545e-001
1.994067e+003,8.854636e-001
1.995995e+003,8.834246e-001
1.997924e+003,8.691403e-001
1.999852e+003,8.486299e-001
2.001781e+003,8.119106e-001
2.003709e+003,7.656620e-001
2.005638e+003,7.044177e-001
2.007566e+003,6.663213e-001
2.009495e+003,6.575077e-001
2.011423e+003,6.561494e-001
2.013352e+003,6.457666e-001
2.015280e+003,6.385040e-001
2.017208e+003,6.272717e-001
2.019137e+003,6.194396e-001
2.021066e+003,6.093558e-001
2.022994e+003,6.031610e-001
2.024922e+003,5.939996e-001
2.026851e+003,5.898221e-001
2.028780e+003,5.834067e-001
2.030708e+003,5.854589e-001
2.032636e+003,5.873833e-001
2.034565e+003,6.041006e-001
2.036494e+003,6.389864e-001
2.038422e+003,6.849202e-001
2.040350e+003,7.218877e-001
2.042279e+003,7.582847e-001
2.044208e+003,7.906530e-001
2.046136e+003,8.283385e-001
2.048064e+003,8.709067e-001
2.049993e+003,9.665152e-001
2.051921e+003,1.092812e+000
2.053850e+003,1.155659e+000
2.055778e+003,1.198461e+000
2.057707e+003,1.245837e+000
2.059635e+003,1.277636e+000
2.061564e+003,1.308458e+000
2.063492e+003,1.336791e+000
2.065421e+003,1.369700e+000
2.067349e+003,1.401060e+000
2.069278e+003,1.439224e+000
2.071206e+003,1.477183e+000
2.073135e+003,1.521511e+000
2.075063e+003,1.565290e+000
2.076992e+003,1.615616e+000
2.078920e+003,1.664508e+000
2.080849e+003,1.716082e+000
2.082777e+003,1.760503e+000
2.084706e+003,1.799773e+000
2.086634e+003,1.827365e+000
2.088563e+003,1.847790e+000
2.090491e+003,1.849916e+000
2.092420e+003,1.832181e+000
2.094348e+003,1.786574e+000
2.096277e+003,1.763121e+000
2.098205e+003,1.772535e+000
2.100134e+003,1.795044e+000
2.102062e+003,1.813571e+000
2.103991e+003,1.831699e+000
2.105919e+003,1.845752e+000
2.107848e+003,1.863326e+000
2.109776e+003,1.879139e+000
2.111705e+003,1.899106e+000
2.113633e+003,1.919457e+000
2.115562e+003,1.934428e+000
2.117490e+003,1.925438e+000
2.119419e+003,1.898277e+000
2.121347e+003,1.856329e+000
2.123276e+003,1.803083e+000
2.125204e+003,1.734605e+000
2.127133e+003,1.653158e+000
2.129061e+003,1.553428e+000
2.130990e+003,1.438511e+000
2.132918e+003,1.304095e+000
2.134847e+003,1.183601e+000
2.136775e+003,1.099418e+000
2.138704e+003,1.036046e+000
2.140632e+003,9.742567e-001
2.142561e+003,9.134830e-001
2.144489e+003,8.500352e-001
2.146418e+003,7.918319e-001
2.148346e+003,7.384038e-001
2.150275e+003,6.915767e-001
2.152203e+003,6.368967e-001
2.154132e+003,5.737733e-001
2.156060e+003,4.977886e-001
2.157989e+003,4.216833e-001
2.159917e+003,4.025463e-001
2.161846e+003,4.520112e-001
2.163774e+003,5.016067e-001
2.165703e+003,5.467155e-001
2.167631e+003,5.904421e-001
2.169560e+003,6.288090e-001
2.171488e+003,6.485609e-001
2.173417e+003,6.556975e-001
2.175345e+003,6.539999e-001
2.177274e+003,6.657211e-001
2.179202e+003,6.758971e-001
2.181131e+003,6.774285e-001
2.183059e+003,6.875899e-001
2.184988e+003,7.172220e-001
2.186916e+003,7.473699e-001
2.188845e+003,7.781956e-001
2.190773e+003,8.046882e-001
2.192702e+003,8.317372e-001
2.194630e+003,8.556007e-001
2.196559e+003,8.796972e-001
2.198487e+003,9.007106e-001
2.200416e+003,9.228736e-001
2.202344e+003,9.421257e-001
2.204273e+003,9.645451e-001
2.206201e+003,9.839891e-001
2.208130e+003,1.005123e+000
2.210058e+003,1.024556e+000
2.211987e+003,1.046329e+000
2.213915e+003,1.066567e+000
2.215844e+003,1.089325e+000
2.217772e+003,1.110866e+000
2.219701e+003,1.136233e+000
2.221629e+003,1.161329e+000
2.223558e+003,1.190272e+000
2.225486e+003,1.217591e+000
2.227415e+003,1.248203e+000
2.229343e+003,1.278761e+000
2.231272e+003,1.312811e+000
2.233200e+003,1.347392e+000
2.235129e+003,1.383987e+000
2.237057e+003,1.419491e+000
2.238986e+003,1.458014e+000
2.240914e+003,1.495465e+000
2.242843e+003,1.534724e+000
2.244771e+003,1.571330e+000
2.246700e+003,1.609665e+000
2.248628e+003,1.645970e+000
2.250557e+003,1.681174e+000
2.252485e+003,1.709718e+000
2.254414e+003,1.739771e+000
2.256342e+003,1.784012e+000
2.258271e+003,1.843584e+000
2.260199e+003,1.898260e+000
2.262128e+003,1.948494e+000
2.264056e+003,1.995021e+000
2.265985e+003,2.045327e+000
2.267913e+003,2.107331e+000
2.269842e+003,2.183016e+000
2.271770e+003,2.260910e+000
2.273699e+003,2.346141e+000
2.275627e+003,2.435497e+000
2.277556e+003,2.539054e+000
2.279484e+003,2.654164e+000
2.281413e+003,2.784186e+000
2.283341e+003,2.924454e+000
2.285270e+003,3.077628e+000
2.287198e+003,3.232239e+000
2.289127e+003,3.384750e+000
2.291055e+003,3.524811e+000
2.292984e+003,3.646207e+000
2.294912e+003,3.754008e+000
2.296841e+003,3.854196e+000
2.298769e+003,3.938579e+000
2.300698e+003,4.011569e+000
2.302626e+003,4.099026e+000
2.304555e+003,4.168168e+000
2.306483e+003,4.202328e+000
2.308412e+003,4.249069e+000
2.310340e+003,4.332530e+000
2.312269e+003,4.463612e+000
2.314197e+003,4.625889e+000
2.316125e+003,4.775832e+000
2.318054e+003,4.890105e+000
2.319983e+003,4.995790e+000
2.321911e+003,5.171172e+000
2.323840e+003,5.520267e+000
2.325768e+003,5.833437e+000
2.327697e+003,5.907670e+000
2.329625e+003,5.866821e+000
2.331553e+003,5.808876e+000
2.333482e+003,5.727414e+000
2.335411e+003,5.681247e+000
2.337339e+003,5.596627e+000
2.339268e+003,5.572572e+000
2.341196e+003,5.420728e+000
2.343125e+003,5.489624e+000
2.345053e+003,5.565727e+000
2.346981e+003,5.559778e+000
2.348910e+003,5.488318e+000
2.350839e+003,5.491875e+000
2.352767e+003,5.406490e+000
2.354696e+003,5.296329e+000
2.356624e+003,5.180350e+000
2.358552e+003,5.187143e+000
2.360481e+003,5.203160e+000
2.362409e+003,5.196330e+000
2.364338e+003,5.140088e+000
2.366267e+003,4.980023e+000
2.368195e+003,4.943464e+000
2.370124e+003,5.024480e+000
2.372052e+003,5.105299e+000
2.373980e+003,5.161835e+000
2.375909e+003,5.177215e+000
2.377838e+003,5.202262e+000
2.379766e+003,5.268232e+000
2.381695e+003,5.381217e+000
2.383623e+003,5.483246e+000
2.385552e+003,5.535782e+000
2.387480e+003,5.526279e+000
2.389408e+003,5.476476e+000
2.391337e+003,5.400767e+000
2.393266e+003,5.316811e+000
2.395194e+003,5.227946e+000
2.397123e+003,5.139915e+000
2.399051e+003,5.051291e+000
2.400979e+003,4.968688e+000
2.402908e+003,4.887627e+000
2.404836e+003,4.805159e+000
2.406765e+003,4.728958e+000
2.408694e+003,4.679159e+000
2.410622e+003,4.641629e+000
2.412551e+003,4.602323e+000
2.414479e+003,4.558558e+000
2.416407e+003,4.514811e+000
2.418336e+003,4.470567e+000
2.420264e+003,4.429932e+000
2.422193e+003,4.389963e+000
2.424122e+003,4.354099e+000
2.426050e+003,4.319986e+000
2.427979e+003,4.289499e+000
2.429907e+003,4.259852e+000
2.431835e+003,4.234762e+000
2.433764e+003,4.211031e+000
2.435692e+003,4.192407e+000
2.437621e+003,4.176697e+000
2.439550e+003,4.163984e+000
2.441478e+003,4.152661e+000
2.443406e+003,4.147443e+000
2.445335e+003,4.145429e+000
2.447263e+003,4.146563e+000
2.449192e+003,4.150395e+000
2.451121e+003,4.159901e+000
2.453049e+003,4.171267e+000
2.454978e+003,4.185720e+000
2.456906e+003,4.199176e+000
2.458834e+003,4.206163e+000
2.460763e+003,4.205115e+000
2.462691e+003,4.199566e+000
2.464620e+003,4.189783e+000
2.466549e+003,4.179805e+000
2.468477e+003,4.167212e+000
2.470406e+003,4.154166e+000
2.472334e+003,4.140068e+000
2.474262e+003,4.125878e+000
2.476191e+003,4.111016e+000
2.478119e+003,4.097889e+000
2.480048e+003,4.084231e+000
2.481977e+003,4.072282e+000
2.483905e+003,4.060688e+000
2.485833e+003,4.050413e+000
2.487762e+003,4.040156e+000
2.489690e+003,4.033739e+000
2.491619e+003,4.027851e+000
2.493547e+003,4.022941e+000
2.495476e+003,4.018667e+000
2.497405e+003,4.014926e+000
2.499333e+003,4.008618e+000
2.501261e+003,4.003158e+000
2.503190e+003,3.996461e+000
2.505118e+003,3.991605e+000
2.507047e+003,3.985739e+000
2.508975e+003,3.980538e+000
2.510904e+003,3.974659e+000
2.512833e+003,3.969978e+000
2.514761e+003,3.965802e+000
2.516689e+003,3.963536e+000
2.518618e+003,3.960866e+000
2.520546e+003,3.960073e+000
2.522475e+003,3.958681e+000
2.524403e+003,3.958911e+000
2.526332e+003,3.958510e+000
2.528260e+003,3.960122e+000
2.530189e+003,3.962475e+000
2.532117e+003,3.966155e+000
2.534046e+003,3.970101e+000
2.535974e+003,3.976259e+000
2.537903e+003,3.981267e+000
2.539831e+003,3.989444e+000
2.541760e+003,3.998451e+000
2.543688e+003,4.008626e+000
2.545617e+003,4.018798e+000
2.547545e+003,4.031765e+000
2.549474e+003,4.046126e+000
2.551402e+003,4.062751e+000
2.553331e+003,4.078905e+000
2.555259e+003,4.098373e+000
2.557188e+003,4.118950e+000
2.559116e+003,4.141406e+000
2.561045e+003,4.165503e+000
2.562973e+003,4.191454e+000
2.564902e+003,4.218896e+000
2.566830e+003,4.249427e+000
2.568759e+003,4.281031e+000
2.570687e+003,4.315715e+000
2.572616e+003,4.350726e+000
2.574544e+003,4.389079e+000
2.576473e+003,4.428821e+000
2.578401e+003,4.471447e+000
2.580330e+003,4.516552e+000
2.582258e+003,4.564596e+000
2.584187e+003,4.615272e+000
2.586115e+003,4.669949e+000
2.588044e+003,4.725615e+000
2.589972e+003,4.785141e+000
2.591901e+003,4.846981e+000
2.593829e+003,4.912974e+000
2.595758e+003,4.981929e+000
2.597686e+003,5.055350e+000
2.599615e+003,5.131501e+000
2.601543e+003,5.212789e+000
2.603472e+003,5.297734e+000
2.605400e+003,5.387546e+000
2.607329e+003,5.480187e+000
2.609257e+003,5.578538e+000
2.611186e+003,5.681315e+000
2.613114e+003,5.789150e+000
2.615043e+003,5.901497e+000
2.616971e+003,6.020583e+000
2.618900e+003,6.144297e+000
2.620828e+003,6.273528e+000
2.622757e+003,6.408774e+000
2.624685e+003,6.551805e+000
2.626614e+003,6.699319e+000
2.628542e+003,6.853795e+000
2.630471e+003,7.014427e+000
2.632399e+003,7.182211e+000
2.634328e+003,7.355321e+000
2.636256e+003,7.535771e+000
2.638185e+003,7.722716e+000
2.640113e+003,7.915126e+000
2.642042e+003,8.111567e+000
2.643970e+003,8.313533e+000
2.645899e+003,8.519451e+000
2.647827e+003,8.727828e+000
2.649756e+003,8.935846e+000
2.651684e+003,9.143740e+000
2.653613e+003,9.347428e+000
2.655541e+003,9.544663e+000
2.657470e+003,9.729218e+000
2.659398e+003,9.896070e+000
2.661327e+003,1.003450e+001
2.663255e+003,1.013334e+001
2.665184e+003,1.018311e+001
2.667112e+003,1.019736e+001
2.669041e+003,1.019586e+001
2.670969e+003,1.018869e+001
2.672898e+003,1.017727e+001
2.674826e+003,1.016462e+001
2.676755e+003,1.015071e+001
2.678683e+003,1.013599e+001
2.680612e+003,1.011863e+001
2.682540e+003,1.010200e+001
2.684469e+003,1.008503e+001
2.686397e+003,1.006797e+001
2.688326e+003,1.004955e+001
2.690254e+003,1.003189e+001
2.692183e+003,1.001443e+001
2.694111e+003,9.996841e+000
2.696040e+003,9.978608e+000
2.697968e+003,9.961245e+000
2.699897e+003,9.943242e+000
2.701825e+003,9.925791e+000
2.703754e+003,9.906853e+000
2.705682e+003,9.889033e+000
2.707611e+003,9.870625e+000
2.709539e+003,9.853369e+000
2.711468e+003,9.835107e+000
2.713396e+003,9.817102e+000
2.715325e+003,9.799031e+000
2.717253e+003,9.781642e+000
2.719182e+003,9.763046e+000
2.721110e+003,9.746716e+000
2.723039e+003,9.729260e+000
2.724967e+003,9.710849e+000
2.726896e+003,9.692908e+000
2.728824e+003,9.674966e+000
2.730753e+003,9.657408e+000
2.732681e+003,9.640636e+000
2.734610e+003,9.622863e+000
2.736538e+003,9.605765e+000
2.738467e+003,9.587573e+000
2.740395e+003,9.569233e+000
2.742324e+003,9.551682e+000
2.744252e+003,9.534628e+000
2.746181e+003,9.517134e+000
2.748109e+003,9.499259e+000
2.750038e+003,9.480082e+000
2.751966e+003,9.462212e+000
2.753895e+003,9.443093e+000
2.755823e+003,9.424129e+000
2.757752e+003,9.405107e+000
2.759680e+003,9.386807e+000
2.761609e+003,9.368702e+000
2.763537e+003,9.350535e+000
2.765466e+003,9.333238e+000
2.767394e+003,9.315531e+000
2.769323e+003,9.296064e+000
2.771251e+003,9.277802e+000
2.773180e+003,9.260509e+000
2.775108e+003,9.242288e+000
2.777037e+003,9.220336e+000
2.778965e+003,9.201682e+000
2.780894e+003,9.182679e+000
2.782822e+003,9.164037e+000
2.784750e+003,9.145530e+000
2.786679e+003,9.128196e+000
2.788608e+003,9.111215e+000
2.790536e+003,9.091704e+000
2.792465e+003,9.071166e+000
2.794393e+003,9.052490e+000
2.796322e+003,9.034590e+000
2.798250e+003,9.016944e+000
2.800178e+003,8.996561e+000
2.802107e+003,8.977254e+000
2.804036e+003,8.957909e+000
2.805964e+003,8.938819e+000
2.807893e+003,8.919427e+000
2.809821e+003,8.901132e+000
2.811750e+003,8.881246e+000
2.813678e+003,8.861259e+000
2.815606e+003,8.840841e+000
2.817535e+003,8.821355e+000
2.819464e+003,8.800787e+000
2.821392e+003,8.780694e+000
2.823321e+003,8.760185e+000
2.825249e+003,8.739531e+000
2.827177e+003,8.718405e+000
2.829106e+003,8.698315e+000
2.831034e+003,8.677190e+000
2.832963e+003,8.655938e+000
2.834892e+003,8.633757e+000
2.836820e+003,8.612813e+000
2.838749e+003,8.591338e+000
2.840677e+003,8.561055e+000
2.842605e+003,8.531903e+000
2.844534e+003,8.503975e+000
2.846462e+003,8.474917e+000
2.848391e+003,8.446357e+000
2.850320e+003,8.419319e+000
2.852248e+003,8.397065e+000
2.854177e+003,8.376493e+000
2.856105e+003,8.356357e+000
2.858033e+003,8.337936e+000
2.859962e+003,8.320304e+000
2.861890e+003,8.300799e+000
2.863819e+003,8.280588e+000
2.865748e+003,8.259587e+000
2.867676e+003,8.238783e+000
2.869604e+003,8.216881e+000
2.871533e+003,8.198809e+000
2.873461e+003,8.180116e+000
2.875390e+003,8.154072e+000
2.877319e+003,8.131274e+000
2.879247e+003,8.111753e+000
2.881176e+003,8.091338e+000
2.883104e+003,8.069575e+000
2.885032e+003,8.048078e+000
2.886961e+003,8.026518e+000
2.888889e+003,8.004711e+000
2.890818e+003,7.982365e+000
2.892747e+003,7.959219e+000
2.894675e+003,7.936865e+000
2.896604e+003,7.913700e+000
2.898532e+003,7.889217e+000
2.900460e+003,7.864674e+000
2.902389e+003,7.840726e+000
2.904317e+003,7.816473e+000
2.906246e+003,7.789518e+000
2.908175e+003,7.765173e+000
2.910103e+003,7.740838e+000
2.912031e+003,7.718882e+000
2.913960e+003,7.691850e+000
2.915888e+003,7.656070e+000
2.917817e+003,7.628655e+000
2.919745e+003,7.604676e+000
2.921674e+003,7.580453e+000
2.923603e+003,7.557468e+000
2.925531e+003,7.534472e+000
2.927459e+003,7.515939e+000
2.929388e+003,7.504805e+000
2.931316e+003,7.487460e+000
2.933245e+003,7.471706e+000
2.935173e+003,7.455833e+000
2.937102e+003,7.436383e+000
2.939031e+003,7.423896e+000
2.940959e+003,7.413715e+000
2.942887e+003,7.402146e+000
2.944816e+003,7.387715e+000
2.946744e+003,7.366400e+000
2.948673e+003,7.343562e+000
2.950601e+003,7.323328e+000
2.952530e+003,7.302289e+000
2.954458e+003,7.277947e+000
2.956387e+003,7.250421e+000
2.958315e+003,7.223063e+000
2.960244e+003,7.204531e+000
2.962172e+003,7.185424e+000
2.964101e+003,7.166189e+000
2.966029e+003,7.148370e+000
2.967958e+003,7.134229e+000
2.969886e+003,7.127537e+000
2.971815e+003,7.122573e+000
2.973743e+003,7.114613e+000
2.975672e+003,7.103464e+000
2.977600e+003,7.086793e+000
2.979529e+003,7.075054e+000
2.981457e+003,7.065103e+000
2.983386e+003,7.049894e+000
2.985314e+003,7.032628e+000
2.987243e+003,7.014322e+000
2.989171e+003,6.995552e+000
2.991100e+003,6.984308e+000
2.993028e+003,6.969497e+000
2.994957e+003,6.946731e+000
2.996885e+003,6.928425e+000
2.998814e+003,6.910573e+000
3.000742e+003,6.890679e+000
3.002671e+003,6.872965e+000
3.004599e+003,6.852958e+000
3.006528e+003,6.832998e+000
3.008456e+003,6.814424e+000
3.010385e+003,6.800517e+000
3.012313e+003,6.780752e+000
3.014242e+003,6.752144e+000
3.016170e+003,6.715713e+000
3.018099e+003,6.700994e+000
3.020027e+003,6.702148e+000
3.021956e+003,6.687511e+000
3.023884e+003,6.670435e+000
3.025813e+003,6.652342e+000
3.027741e+003,6.632194e+000
3.029670e+003,6.616470e+000
3.031598e+003,6.598041e+000
3.033527e+003,6.581764e+000
3.035455e+003,6.564921e+000
3.037384e+003,6.544108e+000
3.039312e+003,6.527619e+000
3.041241e+003,6.516575e+000
3.043169e+003,6.500959e+000
3.045098e+003,6.481002e+000
3.047026e+003,6.460493e+000
3.048955e+003,6.441481e+000
3.050883e+003,6.428739e+000
3.052812e+003,6.412176e+000
3.054740e+003,6.396420e+000
3.056669e+003,6.374481e+000
3.058597e+003,6.357848e+000
3.060526e+003,6.344847e+000
3.062454e+003,6.329948e+000
3.064383e+003,6.312632e+000
3.066311e+003,6.292155e+000
3.068240e+003,6.278187e+000
3.070168e+003,6.265095e+000
3.072097e+003,6.248380e+000
3.074025e+003,6.229746e+000
3.075954e+003,6.212612e+000
3.077882e+003,6.205167e+000
3.079811e+003,6.191952e+000
3.081739e+003,6.172041e+000
3.083668e+003,6.152563e+000
3.085596e+003,6.128913e+000
3.087525e+003,6.114044e+000
3.089453e+003,6.103018e+000
3.091382e+003,6.086993e+000
3.093310e+003,6.065971e+000
3.095239e+003,6.045198e+000
3.097167e+003,6.032522e+000
3.099096e+003,6.021079e+000
3.101024e+003,6.005171e+000
3.102953e+003,5.983000e+000
3.104881e+003,5.965562e+000
3.106810e+003,5.955513e+000
3.108738e+003,5.944181e+000
3.110667e+003,5.924747e+000
3.112595e+003,5.903891e+000
3.114524e+003,5.894532e+000
3.116452e+003,5.886759e+000
3.118381e+003,5.870978e+000
3.120309e+003,5.854257e+000
3.122238e+003,5.825111e+000
3.124166e+003,5.805455e+000
3.126095e+003,5.796717e+000
3.128023e+003,5.784190e+000
3.129952e+003,5.770975e+000
3.131880e+003,5.756877e+000
3.133809e+003,5.741155e+000
3.135737e+003,5.725767e+000
3.137666e+003,5.712723e+000
3.139594e+003,5.699642e+000
3.141523e+003,5.683825e+000
3.143451e+003,5.667921e+000
3.145380e+003,5.652624e+000
3.147308e+003,5.637344e+000
3.149237e+003,5.622859e+000
3.151165e+003,5.615921e+000
3.153094e+003,5.605057e+000
3.155022e+003,5.586436e+000
3.156951e+003,5.571455e+000
3.158879e+003,5.558329e+000
3.160808e+003,5.546964e+000
3.162736e+003,5.535602e+000
3.164665e+003,5.523599e+000
3.166593e+003,5.510963e+000
3.168522e+003,5.498709e+000
3.170450e+003,5.485321e+000
3.172379e+003,5.472448e+000
3.174307e+003,5.460159e+000
3.176236e+003,5.449294e+000
3.178164e+003,5.435638e+000
3.180093e+003,5.422278e+000
3.182021e+003,5.411493e+000
3.183950e+003,5.400646e+000
3.185878e+003,5.387806e+000
3.187807e+003,5.376538e+000
3.189735e+003,5.365588e+000
3.191664e+003,5.354627e+000
3.193592e+003,5.344483e+000
3.195521e+003,5.335266e+000
3.197449e+003,5.324533e+000
3.199378e+003,5.313188e+000
3.201306e+003,5.303504e+000
3.203235e+003,5.293643e+000
3.205163e+003,5.284797e+000
3.207092e+003,5.277481e+000
3.209020e+003,5.269416e+000
3.210948e+003,5.260949e+000
3.212877e+003,5.255547e+000
3.214806e+003,5.246798e+000
3.216734e+003,5.240479e+000
3.218663e+003,5.235286e+000
3.220591e+003,5.228039e+000
3.222520e+003,5.221820e+000
3.224448e+003,5.216526e+000
3.226376e+003,5.211071e+000
3.228305e+003,5.205634e+000
3.230234e+003,5.200253e+000
3.232162e+003,5.199430e+000
3.234091e+003,5.196757e+000
3.236019e+003,5.188568e+000
3.237948e+003,5.182539e+000
3.239876e+003,5.177866e+000
3.241804e+003,5.174616e+000
3.243733e+003,5.171549e+000
3.245662e+003,5.167803e+000
3.247590e+003,5.166246e+000
3.249519e+003,5.163178e+000
3.251447e+003,5.161099e+000
3.253375e+003,5.159148e+000
3.255304e+003,5.158050e+000
3.257232e+003,5.156733e+000
3.259161e+003,5.154422e+000
3.261090e+003,5.153786e+000
3.263018e+003,5.154105e+000
3.264947e+003,5.154585e+000
3.266875e+003,5.153563e+000
3.268803e+003,5.155958e+000
3.270732e+003,5.162879e+000
3.272660e+003,5.162475e+000
3.274589e+003,5.160122e+000
3.276518e+003,5.159765e+000
3.278446e+003,5.159143e+000
3.280375e+003,5.160533e+000
3.282303e+003,5.161069e+000
3.284231e+003,5.161561e+000
3.286160e+003,5.161445e+000
3.288088e+003,5.160777e+000
3.290017e+003,5.161893e+000
3.291946e+003,5.164832e+000
3.293874e+003,5.161983e+000
3.295802e+003,5.162270e+000
3.297731e+003,5.159758e+000
3.299659e+003,5.157515e+000
3.301588e+003,5.155415e+000
3.303516e+003,5.158736e+000
3.305445e+003,5.165567e+000
3.307374e+003,5.164827e+000
3.309302e+003,5.159008e+000
3.311230e+003,5.157156e+000
3.313159e+003,5.154844e+000
3.315087e+003,5.152823e+000
3.317016e+003,5.151947e+000
3.318944e+003,5.150922e+000
3.320873e+003,5.149271e+000
3.322802e+003,5.147100e+000
3.324730e+003,5.147288e+000
3.326658e+003,5.148920e+000
3.328587e+003,5.146137e+000
3.330515e+003,5.144262e+000
3.332444e+003,5.141458e+000
3.334372e+003,5.139863e+000
3.336301e+003,5.136200e+000
3.338229e+003,5.136102e+000
3.340158e+003,5.133813e+000
3.342086e+003,5.130505e+000
3.344015e+003,5.128178e+000
3.345943e+003,5.124683e+000
3.347872e+003,5.120913e+000
3.349800e+003,5.121064e+000
3.351729e+003,5.119691e+000
3.353657e+003,5.116034e+000
3.355586e+003,5.112997e+000
3.357514e+003,5.109173e+000
3.359443e+003,5.106993e+000
3.361371e+003,5.103449e+000
3.363300e+003,5.099161e+000
3.365229e+003,5.095397e+000
3.367157e+003,5.093274e+000
3.369085e+003,5.094068e+000
3.371014e+003,5.087531e+000
3.372942e+003,5.078537e+000
3.374871e+003,5.071904e+000
3.376799e+003,5.066847e+000
3.378728e+003,5.061455e+000
3.380656e+003,5.055471e+000
3.382585e+003,5.049635e+000
3.384513e+003,5.041633e+000
3.386442e+003,5.032569e+000
3.388370e+003,5.025211e+000
3.390299e+003,5.023983e+000
3.392227e+003,5.019278e+000
3.394156e+003,5.005246e+000
3.396084e+003,4.996161e+000
3.398013e+003,4.985004e+000
3.399941e+003,4.981544e+000
3.401870e+003,4.972993e+000
3.403798e+003,4.959651e+000
3.405727e+003,4.946842e+000
3.407655e+003,4.937363e+000
3.409584e+003,4.927065e+000
3.411512e+003,4.916533e+000
3.413441e+003,4.905457e+000
3.415369e+003,4.893153e+000
3.417298e+003,4.881353e+000
3.419226e+003,4.870562e+000
3.421155e+003,4.858137e+000
3.423083e+003,4.843690e+000
3.425012e+003,4.829825e+000
3.426940e+003,4.816525e+000
3.428869e+003,4.803348e+000
3.430797e+003,4.788382e+000
3.432726e+003,4.775299e+000
3.434654e+003,4.764420e+000
3.436583e+003,4.750222e+000
3.438511e+003,4.736458e+000
3.440440e+003,4.725285e+000
3.442368e+003,4.716810e+000
3.444297e+003,4.707645e+000
3.446225e+003,4.701948e+000
3.448154e+003,4.692409e+000
3.450082e+003,4.681237e+000
3.452011e+003,4.672839e+000
3.453939e+003,4.664365e+000
3.455868e+003,4.655324e+000
3.457796e+003,4.646626e+000
3.459725e+003,4.639342e+000
3.461653e+003,4.631057e+000
3.463582e+003,4.621234e+000
3.465510e+003,4.613688e+000
3.467439e+003,4.607146e+000
3.469367e+003,4.597740e+000
3.471296e+003,4.586920e+000
3.473224e+003,4.578291e+000
3.475153e+003,4.571606e+000
3.477081e+003,4.564040e+000
3.479010e+003,4.559555e+000
3.480938e+003,4.554841e+000
3.482867e+003,4.546605e+000
3.484795e+003,4.538714e+000
3.486724e+003,4.534116e+000
3.488652e+003,4.528074e+000
3.490581e+003,4.522249e+000
3.492509e+003,4.517515e+000
3.494438e+003,4.513955e+000
3.496366e+003,4.510005e+000
3.498295e+003,4.504467e+000
3.500223e+003,4.501907e+000
3.502152e+003,4.503916e+000
3.504080e+003,4.498120e+000
3.506009e+003,4.487860e+000
3.507937e+003,4.483873e+000
3.509866e+003,4.479087e+000
3.511794e+003,4.471395e+000
3.513723e+003,4.465884e+000
3.515651e+003,4.460095e+000
3.517580e+003,4.454741e+000
3.519508e+003,4.448401e+000
3.521437e+003,4.445627e+000
3.523365e+003,4.443727e+000
3.525294e+003,4.435707e+000
3.527222e+003,4.428696e+000
3.529151e+003,4.419099e+000
3.531079e+003,4.406845e+000
3.533008e+003,4.396044e+000
3.534936e+003,4.389806e+000
3.536865e+003,4.381307e+000
3.538793e+003,4.367718e+000
3.540722e+003,4.357975e+000
3.542650e+003,4.352048e+000
3.544579e+003,4.348263e+000
3.546507e+003,4.336679e+000
3.548436e+003,4.317923e+000
3.550364e+003,4.305363e+000
3.552293e+003,4.296169e+000
3.554221e+003,4.279982e+000
3.556150e+003,4.264460e+000
3.558078e+003,4.251773e+000
3.560007e+003,4.240326e+000
3.561935e+003,4.226501e+000
3.563864e+003,4.216610e+000
3.565792e+003,4.215483e+000
3.567721e+003,4.199890e+000
3.569649e+003,4.167359e+000
3.571578e+003,4.145390e+000
3.573506e+003,4.128916e+000
3.575435e+003,4.113472e+000
3.577363e+003,4.097066e+000
3.579292e+003,4.081687e+000
3.581220e+003,4.065973e+000
3.583149e+003,4.052625e+000
3.585077e+003,4.046953e+000
3.587006e+003,4.043353e+000
3.588934e+003,4.018900e+000
3.590863e+003,3.999650e+000
3.592791e+003,3.993109e+000
3.594720e+003,3.985250e+000
3.596648e+003,3.970384e+000
3.598577e+003,3.959873e+000
3.600505e+003,3.949789e+000
3.602434e+003,3.934577e+000
3.604362e+003,3.921600e+000
3.606291e+003,3.917573e+000
3.608219e+003,3.904866e+000
3.610148e+003,3.888105e+000
3.612076e+003,3.884432e+000
3.614005e+003,3.877745e+000
3.615933e+003,3.868260e+000
3.617862e+003,3.864630e+000
3.619790e+003,3.853650e+000
3.621719e+003,3.840220e+000
3.623647e+003,3.830257e+000
3.625576e+003,3.826407e+000
3.627504e+003,3.823879e+000
3.629433e+003,3.816588e+000
3.631361e+003,3.801187e+000
3.633290e+003,3.797018e+000
3.635218e+003,3.784719e+000
3.637146e+003,3.775101e+000
3.639075e+003,3.766577e+000
3.641004e+003,3.758253e+000
3.642932e+003,3.750968e+000
3.644861e+003,3.750616e+000
3.646789e+003,3.760301e+000
3.648718e+003,3.756012e+000
3.650646e+003,3.751628e+000
3.652574e+003,3.734188e+000
3.654503e+003,3.724145e+000
3.656432e+003,3.721161e+000
3.658360e+003,3.716452e+000
3.660289e+003,3.714635e+000
3.662217e+003,3.710849e+000
3.664146e+003,3.709138e+000
3.666074e+003,3.708138e+000
3.668002e+003,3.710869e+000
3.669931e+003,3.699800e+000
3.671860e+003,3.691900e+000
3.673788e+003,3.698366e+000
3.675717e+003,3.694752e+000
3.677645e+003,3.697702e+000
3.679573e+003,3.710823e+000
3.681502e+003,3.711187e+000
3.683430e+003,3.713098e+000
3.685359e+003,3.715623e+000
3.687288e+003,3.705986e+000
3.689216e+003,3.722799e+000
3.691145e+003,3.743186e+000
3.693073e+003,3.738682e+000
3.695001e+003,3.741572e+000
3.696930e+003,3.746113e+000
3.698858e+003,3.753306e+000
3.700787e+003,3.766838e+000
3.702716e+003,3.773779e+000
3.704644e+003,3.774662e+000
3.706573e+003,3.785351e+000
3.708501e+003,3.799517e+000
3.710429e+003,3.811790e+000
3.712358e+003,3.807673e+000
3.714286e+003,3.813802e+000
3.716215e+003,3.823660e+000
3.718144e+003,3.843826e+000
3.720072e+003,3.861418e+000
3.722000e+003,3.882879e+000
3.723929e+003,3.893992e+000
3.725857e+003,3.908644e+000
3.727786e+003,3.913030e+000
3.729714e+003,3.921621e+000
3.731643e+003,3.933835e+000
3.733572e+003,3.965832e+000
3.735500e+003,3.980471e+000
3.737428e+003,3.978044e+000
3.739357e+003,3.992823e+000
3.741285e+003,4.008228e+000
3.743214e+003,3.999014e+000
3.745142e+003,4.015567e+000
3.747071e+003,4.052221e+000
3.749000e+003,4.066891e+000
3.750928e+003,4.082183e+000
3.752856e+003,4.095788e+000
3.754785e+003,4.132336e+000
3.756713e+003,4.154812e+000
3.758642e+003,4.177393e+000
3.760570e+003,4.185626e+000
3.762499e+003,4.197714e+000
3.764427e+003,4.217327e+000
3.766356e+003,4.234918e+000
3.768284e+003,4.248448e+000
3.770213e+003,4.266690e+000
3.772141e+003,4.272874e+000
3.774070e+003,4.286416e+000
3.775998e+003,4.300834e+000
3.777927e+003,4.325119e+000
3.779855e+003,4.340175e+000
3.781784e+003,4.345896e+000
3.783712e+003,4.360958e+000
3.785641e+003,4.373929e+000
3.787569e+003,4.380744e+000
3.789498e+003,4.392619e+000
3.791426e+003,4.403418e+000
3.793355e+003,4.417072e+000
3.795283e+003,4.435903e+000
3.797212e+003,4.450753e+000
3.799140e+003,4.445642e+000
3.801069e+003,4.448607e+000
3.802997e+003,4.466645e+000
3.804926e+003,4.477922e+000
3.806854e+003,4.480737e+000
3.808783e+003,4.491013e+000
3.810711e+003,4.501288e+000
3.812640e+003,4.510061e+000
3.814568e+003,4.502477e+000
3.816497e+003,4.509172e+000
3.818425e+003,4.541529e+000
3.820354e+003,4.565608e+000
3.822282e+003,4.561498e+000
3.824211e+003,4.562559e+000
3.826139e+003,4.574548e+000
3.828068e+003,4.577497e+000
3.829996e+003,4.582778e+000
3.831925e+003,4.591740e+000
3.833853e+003,4.596387e+000
3.835782e+003,4.588499e+000
3.837710e+003,4.579082e+000
3.839639e+003,4.614105e+000
3.841567e+003,4.624906e+000
3.843496e+003,4.625279e+000
3.845424e+003,4.616352e+000
3.847353e+003,4.617992e+000
3.849281e+003,4.618803e+000
3.851210e+003,4.606684e+000
3.853138e+003,4.600253e+000
3.855067e+003,4.599317e+000
3.856995e+003,4.635911e+000
3.858924e+003,4.634365e+000
3.860852e+003,4.639665e+000
3.862781e+003,4.645640e+000
3.864709e+003,4.644247e+000
3.866638e+003,4.638329e+000
3.868566e+003,4.640862e+000
3.870495e+003,4.640903e+000
3.872423e+003,4.648869e+000
3.874352e+003,4.650862e+000
3.876280e+003,4.636115e+000
3.878209e+003,4.640317e+000
3.880137e+003,4.655064e+000
3.882066e+003,4.646721e+000
3.883994e+003,4.638501e+000
3.885923e+003,4.636003e+000
3.887851e+003,4.632302e+000
3.889780e+003,4.634622e+000
3.891708e+003,4.638803e+000
3.893637e+003,4.632091e+000
3.895565e+003,4.627980e+000
3.897494e+003,4.634032e+000
3.899422e+003,4.642444e+000
3.901351e+003,4.640415e+000
3.903279e+003,4.640591e+000
3.905208e+003,4.633708e+000
3.907136e+003,4.621986e+000
3.909065e+003,4.613101e+000
3.910993e+003,4.610593e+000
3.912922e+003,4.607486e+000
3.914850e+003,4.610870e+000
3.916779e+003,4.613730e+000
3.918707e+003,4.610737e+000
3.920636e+003,4.605170e+000
3.922564e+003,4.602288e+000
3.924493e+003,4.602710e+000
3.926421e+003,4.593300e+000
3.928350e+003,4.588741e+000
3.930278e+003,4.591233e+000
3.932207e+003,4.589285e+000
3.934135e+003,4.579273e+000
3.936064e+003,4.570900e+000
3.937992e+003,4.567440e+000
3.939921e+003,4.563772e+000
3.941849e+003,4.565388e+000
3.943778e+003,4.558695e+000
3.945706e+003,4.551158e+000
3.947635e+003,4.549962e+000
3.949563e+003,4.545105e+000
3.951492e+003,4.535859e+000
3.953420e+003,4.528409e+000
3.955349e+003,4.522792e+000
3.957277e+003,4.517751e+000
3.959206e+003,4.512079e+000
3.961134e+003,4.507328e+000
3.963063e+003,4.500274e+000
3.964991e+003,4.492981e+000
3.966920e+003,4.486876e+000
3.968848e+003,4.481766e+000
3.970777e+003,4.476111e+000
3.972705e+003,4.470281e+000
3.974634e+003,4.464157e+000
3.976562e+003,4.456799e+000
3.978491e+003,4.448772e+000
3.980419e+003,4.441895e+000
3.982348e+003,4.435399e+000
3.984276e+003,4.428854e+000
3.986205e+003,4.420945e+000
3.988133e+003,4.414371e+000
3.990062e+003,4.407955e+000
3.991990e+003,4.399911e+000
3.993919e+003,4.392552e+000
3.995847e+003,4.385066e+000
3.997776e+003,4.376773e+000
3.999704e+003,4.376594e+000
4.001633e+003,0.000000e+000
