3.991989e+002,-2.033291e-004
4.011274e+002,-2.461497e-003
4.030559e+002,-1.672001e-003
4.049844e+002,-7.386251e-004
4.069129e+002,4.394802e-004
4.088414e+002,2.065577e-003
4.107699e+002,1.699319e-003
4.126984e+002,-9.544867e-005
4.146269e+002,-1.274352e-003
4.165554e+002,-1.495710e-003
4.184839e+002,-6.910236e-004
4.204124e+002,-4.943435e-004
4.223409e+002,-8.091741e-004
4.242694e+002,-1.147307e-003
4.261979e+002,-9.150920e-004
4.281264e+002,-7.171240e-004
4.300549e+002,-4.520443e-004
4.319834e+002,-1.193239e-003
4.339119e+002,-1.741904e-003
4.358404e+002,-6.007021e-004
4.377689e+002,-5.093028e-004
4.396974e+002,-1.290144e-003
4.416259e+002,-1.305616e-004
4.435544e+002,-2.541306e-005
4.454829e+002,2.946947e-004
4.474114e+002,5.422788e-004
4.493399e+002,1.433615e-004
4.512684e+002,-7.975987e-004
4.531969e+002,-1.064021e-003
4.551254e+002,-1.174040e-003
4.570539e+002,-7.364419e-004
4.589824e+002,-4.678656e-004
4.609109e+002,-8.905576e-004
4.628394e+002,-2.169738e-004
4.647679e+002,1.028934e-004
4.666964e+002,-7.920093e-004
4.686249e+002,-4.571085e-004
4.705533e+002,1.774690e-004
4.724819e+002,-4.700832e-004
4.744103e+002,-1.208075e-003
4.763389e+002,-6.491075e-004
4.782673e+002,1.656702e-007
4.801959e+002,-4.227171e-004
4.821243e+002,-8.933351e-004
4.840529e+002,-9.227298e-004
4.859813e+002,-5.211507e-004
4.879099e+002,1.411533e-005
4.898383e+002,8.718441e-005
4.917668e+002,-1.205249e-004
4.936953e+002,-2.391619e-004
4.956238e+002,-5.083099e-004
4.975523e+002,-3.727967e-004
4.994808e+002,-1.196637e-004
5.014093e+002,-1.384782e-004
5.033378e+002,-1.464940e-004
5.052663e+002,-1.092623e-004
5.071948e+002,-2.131983e-004
5.091233e+002,-5.732049e-004
5.110518e+002,-8.614584e-004
5.129803e+002,-7.459021e-004
5.149088e+002,-7.666411e-004
5.168373e+002,-4.477082e-004
5.187658e+002,-3.179041e-004
5.206943e+002,-4.334750e-004
5.226228e+002,-2.714155e-004
5.245513e+002,-4.311580e-004
5.264798e+002,-2.832868e-005
5.284083e+002,-1.161524e-004
5.303368e+002,-1.634195e-004
5.322653e+002,-1.277129e-004
5.341938e+002,-2.622099e-004
5.361223e+002,-3.631297e-004
5.380508e+002,-2.020706e-004
5.399792e+002,2.481810e-005
5.419078e+002,1.096751e-005
5.438363e+002,-1.995867e-004
5.457648e+002,-1.786882e-004
5.476932e+002,-1.581862e-004
5.496218e+002,-1.196122e-005
5.515503e+002,-1.765023e-004
5.534788e+002,-2.937664e-004
5.554072e+002,-4.131506e-004
5.573358e+002,-2.801904e-004
5.592643e+002,-2.111119e-004
5.611927e+002,-3.288965e-004
5.631212e+002,-1.518268e-004
5.650497e+002,-1.073741e-004
5.669783e+002,-3.631960e-004
5.689067e+002,-1.217505e-004
5.708352e+002,-9.965576e-005
5.727637e+002,-1.717991e-004
5.746923e+002,-3.014151e-004
5.766207e+002,-3.670694e-004
5.785492e+002,-2.708526e-004
5.804777e+002,-1.466927e-004
5.824063e+002,-3.654531e-005
5.843347e+002,-1.816691e-004
5.862632e+002,-3.470067e-004
5.881917e+002,-1.226449e-004
5.901202e+002,-8.946098e-006
5.920487e+002,-1.295522e-005
5.939772e+002,-1.500946e-005
5.959057e+002,-1.112499e-004
5.978342e+002,-3.826952e-004
5.997627e+002,-3.642223e-004
6.016912e+002,-8.494737e-005
6.036197e+002,-6.238691e-005
6.055482e+002,-1.575569e-004
6.074767e+002,-5.427017e-005
6.094052e+002,-5.069212e-005
6.113337e+002,-6.480535e-005
6.132622e+002,-1.614322e-004
6.151907e+002,-1.611341e-004
6.171192e+002,-1.765023e-004
6.190477e+002,-9.919199e-005
6.209762e+002,-1.616640e-004
6.229047e+002,-7.215994e-005
6.248332e+002,6.385399e-005
6.267617e+002,-8.769695e-005
6.286902e+002,-1.300979e-004
6.306187e+002,-2.127153e-005
6.325472e+002,-6.726158e-006
6.344756e+002,-1.409625e-004
6.364042e+002,-1.889886e-004
6.383326e+002,-3.899701e-005
6.402612e+002,-3.671687e-004
6.421896e+002,-2.671107e-004
6.441182e+002,-1.957449e-004
6.460466e+002,-1.682221e-004
6.479752e+002,-1.012127e-004
6.499036e+002,-9.793317e-005
6.518322e+002,-3.137680e-005
6.537606e+002,5.507227e-005
6.556891e+002,-2.817136e-004
6.576177e+002,-3.264464e-004
6.595461e+002,-3.142620e-004
6.614746e+002,-3.142951e-004
6.634031e+002,-7.024360e-006
6.653317e+002,-7.345196e-005
6.672601e+002,-8.809448e-005
6.691886e+002,4.357345e-005
6.711171e+002,1.557303e-006
6.730457e+002,-1.121111e-004
6.749741e+002,-1.692488e-004
6.769026e+002,-1.471565e-004
6.788311e+002,-2.028986e-004
6.807596e+002,-1.624258e-004
6.826881e+002,-2.040246e-004
6.846166e+002,2.110690e-005
6.865451e+002,1.640166e-005
6.884736e+002,-3.959337e-005
6.904021e+002,-2.003485e-004
6.923306e+002,-5.161977e-005
6.942591e+002,-2.786483e-005
6.961876e+002,-8.998273e-005
6.981161e+002,-4.509309e-005
7.000446e+002,3.157789e-005
7.019731e+002,1.600404e-005
7.039016e+002,-1.371864e-004
7.058301e+002,-3.544889e-004
7.077585e+002,-2.282667e-004
7.096871e+002,-8.494737e-005
7.116156e+002,-1.376832e-004
7.135441e+002,-1.496407e-004
7.154725e+002,-4.645144e-005
7.174011e+002,-9.531617e-005
7.193296e+002,-1.071091e-004
7.212581e+002,-5.330940e-005
7.231865e+002,-7.792427e-005
7.251151e+002,-9.008211e-005
7.270436e+002,-7.315379e-005
7.289720e+002,-4.052104e-005
7.309005e+002,-4.618640e-005
7.328290e+002,-4.969821e-005
7.347576e+002,-7.941503e-005
7.366860e+002,-1.165830e-004
7.386145e+002,-7.630099e-005
7.405430e+002,-4.940004e-005
7.424716e+002,-7.351821e-005
7.444000e+002,-1.542447e-004
7.463285e+002,-1.067779e-004
7.482570e+002,-5.016204e-005
7.501855e+002,-4.678274e-005
7.521140e+002,-5.046021e-005
7.540425e+002,-1.005833e-004
7.559710e+002,-5.161977e-005
7.578995e+002,4.758309e-005
7.598280e+002,-6.394399e-005
7.617565e+002,-7.288877e-005
7.636850e+002,-1.965729e-004
7.656135e+002,-2.023687e-004
7.675420e+002,-7.408139e-005
7.694705e+002,3.210807e-005
7.713990e+002,3.900052e-005
7.733275e+002,4.241178e-006
7.752560e+002,-7.921626e-005
7.771844e+002,-1.557297e-006
7.791130e+002,2.094122e-005
7.810415e+002,-8.283431e-006
7.829700e+002,-8.961833e-005
7.848984e+002,-7.759299e-005
7.868270e+002,-8.773008e-005
7.887555e+002,-1.505681e-004
7.906840e+002,-1.464278e-004
7.926124e+002,-5.218298e-005
7.945410e+002,-8.623934e-005
7.964695e+002,1.040421e-005
7.983979e+002,-8.643811e-005
8.003264e+002,-1.024052e-004
8.022549e+002,-9.057901e-005
8.041835e+002,-6.371208e-005
8.061119e+002,-4.250889e-005
8.080404e+002,9.277541e-007
8.099689e+002,-7.371698e-005
8.118975e+002,-1.655724e-004
8.138259e+002,-2.097210e-004
8.157545e+002,-2.161458e-004
8.176830e+002,-1.324166e-004
8.196115e+002,-1.095936e-004
8.215399e+002,-1.800131e-004
8.234684e+002,-1.808079e-004
8.253970e+002,-9.644248e-005
8.273254e+002,-1.134693e-004
8.292539e+002,-1.085004e-004
8.311824e+002,-7.875247e-005
8.331110e+002,-1.692488e-004
8.350394e+002,-2.296576e-004
8.369679e+002,-2.301212e-004
8.388964e+002,-2.111782e-004
8.408250e+002,-1.394388e-004
8.427534e+002,-7.898437e-005
8.446819e+002,-1.301310e-004
8.466104e+002,-1.442748e-004
8.485389e+002,-1.257255e-004
8.504674e+002,-7.481022e-005
8.523959e+002,-1.198293e-004
8.543244e+002,-1.089642e-004
8.562529e+002,-8.739880e-005
8.581814e+002,-9.425612e-005
8.601099e+002,-5.569475e-005
8.620384e+002,-8.133645e-005
8.639669e+002,-1.136680e-004
8.658954e+002,-3.021719e-005
8.678239e+002,2.213410e-005
8.697524e+002,2.915893e-005
8.716809e+002,-6.927775e-005
8.736094e+002,-5.917336e-005
8.755378e+002,-4.678274e-005
8.774664e+002,-6.891334e-005
8.793949e+002,-1.529529e-004
8.813234e+002,-9.654186e-005
8.832518e+002,-4.456300e-005
8.851804e+002,6.759396e-006
8.871089e+002,-4.231011e-005
8.890374e+002,-5.294497e-005
8.909658e+002,-5.218298e-005
8.928943e+002,-4.337029e-005
8.948229e+002,-4.794231e-005
8.967513e+002,-8.832636e-005
8.986798e+002,-1.506675e-004
9.006083e+002,-1.586168e-004
9.025369e+002,-7.832181e-005
9.044653e+002,-3.846691e-005
9.063938e+002,-9.793317e-005
9.083223e+002,-1.535160e-004
9.102509e+002,-1.438442e-004
9.121793e+002,-9.034713e-005
9.141078e+002,-1.371201e-004
9.160364e+002,-1.719979e-004
9.179648e+002,-1.141318e-004
9.198933e+002,1.355203e-005
9.218218e+002,-3.366288e-005
9.237504e+002,-1.185043e-004
9.256788e+002,-1.251624e-004
9.276073e+002,-1.363583e-004
9.295358e+002,-1.558014e-004
9.314644e+002,-2.006134e-004
9.333928e+002,-1.796487e-004
9.353213e+002,-1.148605e-004
9.372498e+002,-1.074073e-004
9.391783e+002,-1.971431e-005
9.411068e+002,-1.457895e-006
9.430353e+002,-6.414276e-005
9.449637e+002,-7.010597e-005
9.468923e+002,-5.864686e-006
9.488208e+002,-2.551314e-006
9.507493e+002,5.059862e-005
9.526777e+002,-1.636791e-005
9.546063e+002,-6.324828e-005
9.565348e+002,-9.498491e-005
9.584633e+002,-9.117531e-005
9.603917e+002,-6.725689e-005
9.623203e+002,-5.900771e-005
9.642488e+002,-8.087266e-005
9.661772e+002,-7.398201e-005
9.681057e+002,-5.486650e-005
9.700343e+002,-3.922893e-005
9.719628e+002,-2.806362e-005
9.738912e+002,-8.898891e-005
9.758197e+002,-1.103555e-004
9.777483e+002,-7.335257e-005
9.796768e+002,-6.599799e-005
9.816052e+002,-6.109487e-005
9.835337e+002,-5.161977e-005
9.854623e+002,-1.229430e-004
9.873907e+002,-1.069104e-004
9.893192e+002,-1.065460e-004
9.912477e+002,-6.377835e-005
9.931763e+002,-4.048791e-005
9.951047e+002,-7.186179e-005
9.970332e+002,-1.003845e-004
9.989617e+002,-8.339037e-005
1.000890e+003,-1.951551e-005
1.002819e+003,-1.351848e-005
1.004747e+003,-3.412672e-005
1.006676e+003,-1.240361e-004
1.008604e+003,-1.313897e-004
1.010533e+003,-1.165830e-004
1.012461e+003,-9.259977e-005
1.014390e+003,-9.402422e-005
1.016318e+003,-6.424215e-005
1.018247e+003,-9.945700e-005
1.020175e+003,-1.383788e-004
1.022104e+003,-9.939075e-005
1.024032e+003,-6.010099e-005
1.025961e+003,-5.632421e-005
1.027889e+003,-1.001527e-004
1.029818e+003,-9.737002e-005
1.031746e+003,-1.131711e-004
1.033675e+003,-6.285073e-005
1.035603e+003,-1.196122e-005
1.037532e+003,-1.580465e-005
1.039460e+003,-8.421856e-005
1.041389e+003,-1.060822e-004
1.043317e+003,-3.866570e-005
1.045246e+003,-4.502683e-005
1.047174e+003,-3.684349e-005
1.049103e+003,-6.440780e-005
1.051031e+003,-8.322473e-005
1.052960e+003,-6.268508e-005
1.054888e+003,-6.596486e-005
1.056817e+003,-1.007489e-004
1.058745e+003,-1.297335e-004
1.060674e+003,-1.405319e-004
1.062602e+003,-1.113492e-004
1.064531e+003,-1.099911e-004
1.066459e+003,-4.111740e-005
1.068388e+003,-2.431970e-005
1.070316e+003,-8.189962e-005
1.072245e+003,-8.170085e-005
1.074173e+003,-8.024323e-005
1.076102e+003,-1.345365e-004
1.078030e+003,-8.127019e-005
1.079959e+003,-9.597871e-005
1.081887e+003,-1.164837e-004
1.083816e+003,-9.220224e-005
1.085744e+003,-6.775383e-005
1.087673e+003,-9.084403e-005
1.089601e+003,-8.826011e-005
1.091530e+003,-1.208230e-004
1.093458e+003,-1.460303e-004
1.095387e+003,-1.174443e-004
1.097315e+003,-8.514614e-005
1.099244e+003,-7.424704e-005
1.101172e+003,-1.082354e-004
1.103101e+003,-9.813194e-005
1.105029e+003,-8.097204e-005
1.106958e+003,-9.508428e-005
1.108886e+003,-1.024384e-004
1.110815e+003,-1.377826e-004
1.112743e+003,-1.308597e-004
1.114672e+003,-8.173398e-005
1.116600e+003,-8.955207e-005
1.118529e+003,-1.270836e-004
1.120457e+003,-1.304954e-004
1.122386e+003,-1.319528e-004
1.124314e+003,-6.937714e-005
1.126243e+003,-9.054589e-005
1.128171e+003,-9.515054e-005
1.130100e+003,-1.135686e-004
1.132028e+003,-1.425524e-004
1.133957e+003,-1.433805e-004
1.135885e+003,-1.444073e-004
1.137814e+003,-1.207237e-004
1.139742e+003,-8.696815e-005
1.141671e+003,-1.014115e-004
1.143599e+003,-1.209224e-004
1.145528e+003,-1.773965e-004
1.147456e+003,-1.668972e-004
1.149385e+003,-1.192662e-004
1.151313e+003,-8.173398e-005
1.153242e+003,-8.299284e-005
1.155170e+003,-8.411918e-005
1.157099e+003,-9.965576e-005
1.159027e+003,-1.015771e-004
1.160956e+003,-1.078710e-004
1.162884e+003,-1.140324e-004
1.164813e+003,-1.407968e-004
1.166741e+003,-1.538803e-004
1.168670e+003,-1.108192e-004
1.170598e+003,-5.758314e-005
1.172526e+003,-1.113492e-004
1.174455e+003,-1.524892e-004
1.176384e+003,-1.394057e-004
1.178312e+003,-1.048897e-004
1.180240e+003,-1.101567e-004
1.182169e+003,-7.971318e-005
1.184098e+003,-7.825555e-005
1.186026e+003,-6.480535e-005
1.187954e+003,-7.189492e-005
1.189883e+003,-8.521239e-005
1.191812e+003,-1.090636e-004
1.193740e+003,-1.495413e-004
1.195668e+003,-1.684208e-004
1.197597e+003,-1.258249e-004
1.199526e+003,-9.425612e-005
1.201454e+003,-1.216512e-004
1.203382e+003,-1.435792e-004
1.205311e+003,-1.444073e-004
1.207240e+003,-1.183387e-004
1.209168e+003,-8.312535e-005
1.211096e+003,-1.095273e-004
1.213025e+003,-1.166824e-004
1.214953e+003,-8.991647e-005
1.216882e+003,-6.702499e-005
1.218810e+003,-4.134931e-005
1.220739e+003,-2.193418e-005
1.222667e+003,-5.927275e-005
1.224596e+003,-8.080641e-005
1.226524e+003,-5.483337e-005
1.228453e+003,-4.433108e-005
1.230381e+003,-5.307749e-005
1.232310e+003,-5.817948e-005
1.234238e+003,-9.425612e-005
1.236167e+003,-8.292658e-005
1.238095e+003,-5.827886e-005
1.240024e+003,-4.134931e-005
1.241952e+003,-1.196122e-005
1.243881e+003,-4.042165e-005
1.245809e+003,-9.912573e-005
1.247738e+003,-9.488552e-005
1.249666e+003,-6.636241e-005
1.251595e+003,-4.005721e-005
1.253523e+003,-4.134931e-005
1.255452e+003,-3.634652e-005
1.257380e+003,-7.169614e-005
1.259309e+003,-5.715246e-005
1.261237e+003,-6.792425e-006
1.263166e+003,-1.023830e-005
1.265094e+003,-5.781505e-005
1.267023e+003,-8.806135e-005
1.268951e+003,-1.309591e-004
1.270880e+003,-1.156555e-004
1.272808e+003,-9.011524e-005
1.274737e+003,-9.150658e-005
1.276665e+003,-1.067779e-004
1.278594e+003,-1.001527e-004
1.280522e+003,-9.369296e-005
1.282451e+003,-8.494737e-005
1.284379e+003,-5.725185e-005
1.286308e+003,-6.569983e-005
1.288236e+003,-8.392041e-005
1.290165e+003,-6.997345e-005
1.292093e+003,-5.155351e-005
1.294022e+003,-3.992468e-005
1.295950e+003,-6.937714e-005
1.297879e+003,-4.151497e-005
1.299807e+003,-1.510886e-005
1.301736e+003,-2.282875e-005
1.303664e+003,-2.017816e-005
1.305593e+003,-1.176242e-005
1.307521e+003,1.202782e-005
1.309450e+003,2.468556e-005
1.311378e+003,-2.123840e-005
1.313307e+003,-6.288385e-005
1.315235e+003,-6.119426e-005
1.317164e+003,-8.070702e-005
1.319092e+003,-7.898437e-005
1.321021e+003,-6.278446e-005
1.322949e+003,-4.880370e-005
1.324878e+003,-4.433108e-005
1.326806e+003,-1.878659e-005
1.328735e+003,-1.186182e-005
1.330663e+003,-2.547933e-005
1.332592e+003,-3.634652e-005
1.334520e+003,-5.569475e-005
1.336449e+003,-5.781505e-005
1.338377e+003,-3.247014e-005
1.340306e+003,1.086810e-005
1.342234e+003,-1.106663e-005
1.344163e+003,-3.495501e-005
1.346091e+003,-3.313278e-005
1.348020e+003,-2.630763e-005
1.349948e+003,-4.539126e-005
1.351877e+003,-7.013910e-005
1.353805e+003,-5.880894e-005
1.355734e+003,-8.468235e-005
1.357662e+003,-1.214524e-004
1.359591e+003,-8.918768e-005
1.361519e+003,-1.885286e-005
1.363448e+003,-4.078609e-005
1.365376e+003,-6.228753e-005
1.367305e+003,-3.651218e-005
1.369233e+003,-2.044322e-005
1.371162e+003,-3.578329e-005
1.373090e+003,-2.657269e-005
1.375019e+003,-3.174125e-005
1.376947e+003,-3.525319e-005
1.378876e+003,-3.677863e-006
1.380804e+003,3.108084e-005
1.382733e+003,1.623571e-006
1.384661e+003,-5.374009e-005
1.386590e+003,-1.272329e-005
1.388518e+003,-2.716906e-005
1.390447e+003,-3.286772e-005
1.392375e+003,2.647491e-005
1.394304e+003,7.793825e-005
1.396232e+003,6.130230e-005
1.398161e+003,4.185031e-005
1.400089e+003,-8.548498e-006
1.402018e+003,-5.625796e-005
1.403946e+003,-2.200045e-005
1.405875e+003,-2.229864e-005
1.407803e+003,-4.489430e-005
1.409732e+003,-4.224385e-005
1.411660e+003,-5.274619e-005
1.413589e+003,-1.822334e-005
1.415517e+003,8.880013e-006
1.417446e+003,2.584532e-005
1.419374e+003,7.541962e-005
1.421303e+003,3.180984e-005
1.423231e+003,-1.093422e-006
1.425160e+003,-3.021719e-005
1.427088e+003,-2.458476e-005
1.429017e+003,7.885973e-006
1.430945e+003,2.114003e-005
1.432874e+003,2.889384e-005
1.434802e+003,4.453443e-005
1.436731e+003,6.183252e-005
1.438659e+003,-8.548498e-006
1.440588e+003,1.822410e-005
1.442516e+003,2.869503e-005
1.444445e+003,2.114003e-005
1.446373e+003,4.953822e-005
1.448302e+003,8.413548e-005
1.450230e+003,3.164416e-005
1.452159e+003,3.373176e-005
1.454087e+003,3.909993e-005
1.456016e+003,8.940484e-005
1.457944e+003,8.234590e-005
1.459873e+003,3.542173e-005
1.461801e+003,1.219350e-005
1.463730e+003,5.503913e-005
1.465658e+003,6.060639e-005
1.467587e+003,2.223351e-005
1.469515e+003,2.644177e-005
1.471444e+003,2.375776e-005
1.473372e+003,3.346667e-005
1.475301e+003,2.289623e-005
1.477229e+003,2.607727e-005
1.479158e+003,3.909834e-006
1.481086e+003,1.719691e-005
1.483015e+003,2.524887e-005
1.484943e+003,2.349267e-005
1.486872e+003,2.137198e-005
1.488800e+003,3.691289e-005
1.490729e+003,3.167730e-005
1.492657e+003,-2.186841e-006
1.494586e+003,8.581801e-006
1.496514e+003,8.622333e-005
1.498443e+003,8.887459e-005
1.500371e+003,7.946270e-005
1.502300e+003,8.370465e-005
1.504228e+003,1.075333e-004
1.506157e+003,1.864521e-004
1.508085e+003,1.500237e-004
1.510014e+003,6.269413e-005
1.511942e+003,4.138639e-005
1.513871e+003,4.257933e-005
1.515799e+003,1.016008e-004
1.517728e+003,1.262590e-004
1.519656e+003,1.240384e-004
1.521585e+003,1.626855e-004
1.523513e+003,1.351748e-004
1.525442e+003,9.096247e-005
1.527370e+003,5.421067e-005
1.529299e+003,5.059862e-005
1.531227e+003,6.040755e-005
1.533156e+003,6.451677e-005
1.535084e+003,4.880918e-005
1.537013e+003,9.540337e-005
1.538941e+003,2.521238e-004
1.540870e+003,2.662805e-004
1.542798e+003,1.630501e-004
1.544727e+003,1.092898e-004
1.546655e+003,5.977792e-005
1.548584e+003,5.235494e-005
1.550512e+003,3.217434e-005
1.552441e+003,2.627609e-005
1.554369e+003,7.628126e-005
1.556298e+003,1.040865e-004
1.558226e+003,2.467862e-004
1.560155e+003,2.732430e-004
1.562083e+003,9.649705e-005
1.564012e+003,4.075678e-005
1.565940e+003,4.731799e-005
1.567869e+003,6.421852e-005
1.569797e+003,9.155900e-005
1.571726e+003,2.475183e-005
1.573654e+003,3.618388e-005
1.575583e+003,9.954607e-005
1.577511e+003,9.261951e-005
1.579440e+003,5.543679e-005
1.581368e+003,3.038498e-005
1.583297e+003,3.734367e-005
1.585225e+003,7.797140e-005
1.587154e+003,6.193193e-005
1.589082e+003,2.823112e-005
1.591010e+003,3.412820e-006
1.592939e+003,3.290335e-005
1.594868e+003,6.792531e-006
1.596796e+003,-3.531945e-005
1.598724e+003,1.673301e-005
1.600653e+003,2.852934e-005
1.602582e+003,5.119511e-005
1.604510e+003,8.907343e-005
1.606438e+003,4.629072e-005
1.608367e+003,3.830464e-005
1.610296e+003,6.902369e-005
1.612224e+003,-2.650722e-007
1.614152e+003,2.468556e-005
1.616081e+003,1.318604e-004
1.618010e+003,9.228811e-005
1.619938e+003,1.925130e-005
1.621866e+003,1.161835e-004
1.623795e+003,1.398482e-004
1.625724e+003,8.844375e-005
1.627652e+003,5.875063e-005
1.629580e+003,1.673301e-005
1.631509e+003,-6.792425e-006
1.633438e+003,5.288515e-005
1.635366e+003,1.572163e-004
1.637294e+003,1.321255e-004
1.639223e+003,6.216390e-005
1.641151e+003,4.735112e-005
1.643080e+003,6.471560e-005
1.645008e+003,1.211218e-004
1.646937e+003,1.509186e-004
1.648865e+003,9.324920e-005
1.650794e+003,1.535703e-004
1.652722e+003,3.120359e-004
1.654651e+003,2.080322e-004
1.656579e+003,8.284300e-005
1.658508e+003,9.633134e-005
1.660436e+003,9.865124e-005
1.662365e+003,1.146258e-004
1.664293e+003,8.453316e-005
1.666222e+003,7.522079e-005
1.668150e+003,7.379577e-005
1.670079e+003,1.131012e-004
1.672007e+003,1.014683e-004
1.673936e+003,1.141618e-004
1.675864e+003,1.216521e-004
1.677793e+003,8.890773e-005
1.679721e+003,1.511838e-004
1.681650e+003,1.451845e-004
1.683578e+003,1.839992e-004
1.685507e+003,2.518254e-004
1.687435e+003,1.775353e-004
1.689364e+003,9.381260e-005
1.691292e+003,8.244532e-005
1.693221e+003,9.938036e-005
1.695149e+003,2.306079e-004
1.697078e+003,2.499357e-004
1.699006e+003,2.350171e-004
1.700935e+003,2.639265e-004
1.702863e+003,1.748172e-004
1.704792e+003,1.467423e-004
1.706720e+003,8.350581e-005
1.708649e+003,7.064752e-005
1.710577e+003,8.244532e-005
1.712506e+003,1.147252e-004
1.714434e+003,1.600338e-004
1.716363e+003,2.325307e-004
1.718291e+003,2.371056e-004
1.720220e+003,1.452508e-004
1.722148e+003,9.533710e-005
1.724077e+003,1.410745e-004
1.726005e+003,1.247013e-004
1.727934e+003,1.485653e-004
1.729862e+003,2.240107e-004
1.731791e+003,2.117450e-004
1.733719e+003,2.659489e-004
1.735648e+003,2.341220e-004
1.737576e+003,1.638125e-004
1.739505e+003,1.940431e-004
1.741433e+003,1.914575e-004
1.743362e+003,1.654035e-004
1.745290e+003,2.085294e-004
1.747219e+003,2.607769e-004
1.749147e+003,2.631971e-004
1.751076e+003,2.409513e-004
1.753004e+003,1.427980e-004
1.754933e+003,1.272865e-004
1.756861e+003,1.798557e-004
1.758790e+003,2.196017e-004
1.760718e+003,3.200270e-004
1.762647e+003,3.085875e-004
1.764575e+003,2.328622e-004
1.766504e+003,2.441008e-004
1.768432e+003,3.549443e-004
1.770361e+003,3.749409e-004
1.772289e+003,3.046086e-004
1.774218e+003,2.330942e-004
1.776146e+003,2.276905e-004
1.778075e+003,2.749670e-004
1.780003e+003,3.378667e-004
1.781932e+003,3.263272e-004
1.783860e+003,3.110743e-004
1.785789e+003,3.272225e-004
1.787717e+003,2.929706e-004
1.789646e+003,3.130306e-004
1.791574e+003,3.225139e-004
1.793503e+003,3.361755e-004
1.795431e+003,3.725864e-004
1.797360e+003,3.824026e-004
1.799288e+003,3.701324e-004
1.801217e+003,3.826347e-004
1.803145e+003,3.902623e-004
1.805074e+003,3.596201e-004
1.807002e+003,3.907930e-004
1.808931e+003,4.271753e-004
1.810859e+003,4.647879e-004
1.812788e+003,4.758003e-004
1.814716e+003,3.959997e-004
1.816645e+003,4.406080e-004
1.818573e+003,4.899974e-004
1.820502e+003,4.633616e-004
1.822430e+003,4.620016e-004
1.824359e+003,4.941439e-004
1.826287e+003,5.192888e-004
1.828216e+003,5.799345e-004
1.830144e+003,5.257246e-004
1.832073e+003,4.443559e-004
1.834001e+003,4.718862e-004
1.835930e+003,4.718862e-004
1.837858e+003,5.006788e-004
1.839787e+003,5.492789e-004
1.841715e+003,5.627816e-004
1.843644e+003,6.438075e-004
1.845572e+003,5.423783e-004
1.847501e+003,5.516344e-004
1.849429e+003,5.583692e-004
1.851358e+003,4.419015e-004
1.853286e+003,4.705926e-004
1.855215e+003,6.427124e-004
1.857143e+003,6.067766e-004
1.859072e+003,4.980250e-004
1.861000e+003,5.117916e-004
1.862929e+003,5.367717e-004
1.864857e+003,5.290088e-004
1.866786e+003,4.363293e-004
1.868714e+003,4.987216e-004
1.870643e+003,4.791173e-004
1.872571e+003,4.950727e-004
1.874500e+003,4.993187e-004
1.876428e+003,4.620680e-004
1.878357e+003,4.423659e-004
1.880285e+003,5.644405e-004
1.882214e+003,6.155031e-004
1.884142e+003,3.909919e-004
1.886071e+003,3.897980e-004
1.887999e+003,5.029345e-004
1.889928e+003,5.358428e-004
1.891856e+003,3.501360e-004
1.893785e+003,2.352823e-004
1.895713e+003,2.156899e-004
1.897642e+003,2.002752e-004
1.899570e+003,3.712930e-004
1.901499e+003,4.732130e-004
1.903427e+003,6.502119e-004
1.905356e+003,5.721045e-004
1.907284e+003,6.014014e-004
1.909213e+003,5.382314e-004
1.911141e+003,3.578957e-004
1.913070e+003,1.666631e-004
1.914998e+003,1.676243e-004
1.916927e+003,2.620982e-005
1.918855e+003,3.016245e-004
1.920784e+003,4.918550e-004
1.922712e+003,4.236596e-004
1.924641e+003,2.594176e-004
1.926569e+003,2.118776e-004
1.928498e+003,6.096301e-004
1.930426e+003,7.541888e-004
1.932355e+003,4.495965e-004
1.934283e+003,2.773210e-004
1.936212e+003,2.057780e-004
1.938140e+003,5.447338e-004
1.940069e+003,6.573796e-004
1.941997e+003,3.807113e-004
1.943926e+003,-2.155166e-004
1.945854e+003,4.887546e-005
1.947783e+003,7.183765e-004
1.949711e+003,6.752994e-004
1.951640e+003,1.902642e-004
1.953568e+003,2.902639e-005
1.955497e+003,-7.785801e-005
1.957425e+003,-8.938644e-005
1.959354e+003,3.531204e-004
1.961282e+003,5.233028e-004
1.963211e+003,6.313639e-004
1.965139e+003,1.517473e-004
1.967068e+003,-9.266602e-005
1.968996e+003,-6.453689e-004
1.970925e+003,4.492648e-004
1.972853e+003,-2.047201e-004
1.974782e+003,-1.138714e-003
1.976710e+003,-5.598031e-004
1.978639e+003,-2.561831e-004
1.980567e+003,-7.410067e-004
1.982496e+003,-5.148296e-004
1.984424e+003,-6.165807e-005
1.986353e+003,9.752443e-005
1.988281e+003,2.825264e-004
1.990210e+003,9.616563e-005
1.992138e+003,2.056785e-004
1.994067e+003,9.805469e-005
1.995995e+003,-3.343263e-004
1.997924e+003,-1.680565e-004
1.999852e+003,5.991784e-004
2.001781e+003,3.699002e-004
2.003709e+003,-4.265569e-004
2.005638e+003,-2.799918e-004
2.007566e+003,-2.756871e-004
2.009495e+003,2.944958e-004
2.011423e+003,3.188665e-004
2.013352e+003,-3.547538e-004
2.015280e+003,1.019654e-004
2.017208e+003,5.966899e-004
2.019137e+003,2.010708e-004
2.021066e+003,-7.011133e-004
2.022994e+003,-1.184185e-003
2.024922e+003,-1.240092e-003
2.026851e+003,-8.065284e-004
2.028780e+003,-1.610935e-003
2.030708e+003,-1.219838e-003
2.032636e+003,-9.664124e-005
2.034565e+003,-6.805698e-004
2.036494e+003,-7.854606e-004
2.038422e+003,-3.142620e-004
2.040350e+003,-6.510595e-004
2.042279e+003,-1.279110e-003
2.044208e+003,-1.221226e-003
2.046136e+003,-8.273966e-004
2.048064e+003,-7.367066e-004
2.049993e+003,-7.100450e-004
2.051921e+003,-6.173452e-004
2.053850e+003,-2.441292e-004
2.055778e+003,-1.247980e-004
2.057707e+003,-1.692157e-004
2.059635e+003,1.097538e-004
2.061564e+003,-1.461628e-004
2.063492e+003,-5.306487e-004
2.065421e+003,-7.937622e-004
2.067349e+003,-9.584702e-004
2.069278e+003,-3.931893e-004
2.071206e+003,-1.764692e-004
2.073135e+003,-2.460168e-004
2.075063e+003,-1.362920e-004
2.076992e+003,-1.761380e-004
2.078920e+003,-3.159175e-004
2.080849e+003,-3.291613e-004
2.082777e+003,-5.089090e-005
2.084706e+003,-2.474076e-004
2.086634e+003,-1.641481e-004
2.088563e+003,-3.495890e-004
2.090491e+003,-3.825296e-004
2.092420e+003,3.303589e-005
2.094348e+003,-6.560044e-005
2.096277e+003,-3.170433e-004
2.098205e+003,-3.126065e-004
2.100134e+003,-1.462953e-004
2.102062e+003,7.117775e-005
2.103991e+003,-2.846606e-004
2.105919e+003,-4.402607e-004
2.107848e+003,-8.163460e-005
2.109776e+003,-3.180697e-004
2.111705e+003,-3.311478e-004
2.113633e+003,-6.328556e-006
2.115562e+003,1.642102e-004
2.117490e+003,3.296431e-004
2.119419e+003,4.921536e-004
2.121347e+003,5.277150e-004
2.123276e+003,7.568474e-005
2.125204e+003,1.077653e-004
2.127133e+003,4.769281e-004
2.129061e+003,3.215855e-004
2.130990e+003,-2.742964e-004
2.132918e+003,-6.738541e-004
2.134847e+003,-5.087071e-004
2.136775e+003,2.096234e-004
2.138704e+003,1.294077e-004
2.140632e+003,-1.426186e-004
2.142561e+003,-4.359576e-004
2.144489e+003,-7.800695e-004
2.146418e+003,-1.811060e-004
2.148346e+003,-1.245992e-004
2.150275e+003,-6.630028e-004
2.152203e+003,-1.446375e-003
2.154132e+003,-1.916776e-003
2.156060e+003,-1.070929e-003
2.157989e+003,-1.439308e-003
2.159917e+003,-3.256795e-003
2.161846e+003,-2.674578e-003
2.163774e+003,-1.574158e-003
2.165703e+003,-1.920735e-003
2.167631e+003,-1.100510e-003
2.169560e+003,-1.014075e-003
2.171488e+003,-1.713060e-003
2.173417e+003,-2.403573e-003
2.175345e+003,-2.155050e-003
2.177274e+003,-1.771901e-003
2.179202e+003,-1.239497e-003
2.181131e+003,-1.562702e-003
2.183059e+003,-2.325999e-003
2.184988e+003,-2.116803e-003
2.186916e+003,-1.850102e-003
2.188845e+003,-2.528769e-003
2.190773e+003,-2.591881e-003
2.192702e+003,-2.840220e-003
2.194630e+003,-2.458367e-003
2.196559e+003,-2.095370e-003
2.198487e+003,-1.974337e-003
2.200416e+003,-2.390656e-003
2.202344e+003,-2.818888e-003
2.204273e+003,-2.353748e-003
2.206201e+003,-2.166688e-003
2.208130e+003,-2.222402e-003
2.210058e+003,-2.450954e-003
2.211987e+003,-2.819218e-003
2.213915e+003,-2.812502e-003
2.215844e+003,-2.747842e-003
2.217772e+003,-3.024423e-003
2.219701e+003,-2.990893e-003
2.221629e+003,-2.827349e-003
2.223558e+003,-2.551268e-003
2.225486e+003,-2.749587e-003
2.227415e+003,-3.113091e-003
2.229343e+003,-2.849470e-003
2.231272e+003,-2.680834e-003
2.233200e+003,-2.461596e-003
2.235129e+003,-2.488875e-003
2.237057e+003,-2.461794e-003
2.238986e+003,-2.354703e-003
2.240914e+003,-2.252960e-003
2.242843e+003,-2.538355e-003
2.244771e+003,-2.703654e-003
2.246700e+003,-2.425979e-003
2.248628e+003,-2.357538e-003
2.250557e+003,-2.487491e-003
2.252485e+003,-2.397609e-003
2.254414e+003,-2.282559e-003
2.256342e+003,-2.239346e-003
2.258271e+003,-2.024667e-003
2.260199e+003,-1.990168e-003
2.262128e+003,-2.000723e-003
2.264056e+003,-1.951643e-003
2.265985e+003,-2.000195e-003
2.267913e+003,-1.998645e-003
2.269842e+003,-1.980010e-003
2.271770e+003,-1.807407e-003
2.273699e+003,-1.595617e-003
2.275627e+003,-1.771604e-003
2.277556e+003,-1.627803e-003
2.279484e+003,-1.452517e-003
2.281413e+003,-1.570296e-003
2.283341e+003,-1.718802e-003
2.285270e+003,-1.722862e-003
2.287198e+003,-1.542067e-003
2.289127e+003,-1.565509e-003
2.291055e+003,-1.518922e-003
2.292984e+003,-1.384847e-003
2.294912e+003,-1.216071e-003
2.296841e+003,-1.008422e-003
2.298769e+003,-9.576106e-004
2.300698e+003,-1.016555e-003
2.302626e+003,-9.359220e-004
2.304555e+003,-7.860560e-004
2.306483e+003,-7.919431e-004
2.308412e+003,-7.987232e-004
2.310340e+003,-6.992939e-004
2.312269e+003,-6.348147e-004
2.314197e+003,-5.770434e-004
2.316125e+003,-6.182385e-004
2.318054e+003,-5.439520e-004
2.319983e+003,-4.159312e-004
2.321911e+003,-3.953079e-004
2.323840e+003,-3.499532e-004
2.325768e+003,-2.498251e-004
2.327697e+003,-1.636844e-004
2.329625e+003,-1.294685e-004
2.331553e+003,-1.352983e-004
2.333482e+003,-1.339734e-004
2.335411e+003,-9.660811e-005
2.337339e+003,-9.250038e-005
2.339268e+003,-3.604834e-005
2.341196e+003,9.136015e-005
2.343125e+003,5.030038e-005
2.345053e+003,-6.427956e-006
2.346981e+003,-4.462926e-005
2.348910e+003,-5.059273e-005
2.350839e+003,2.289623e-005
2.352767e+003,1.297391e-004
2.354696e+003,2.409513e-004
2.356624e+003,3.416137e-004
2.358552e+003,2.444986e-004
2.360481e+003,1.904299e-004
2.362409e+003,2.634624e-004
2.364338e+003,3.303063e-004
2.366267e+003,3.717905e-004
2.368195e+003,4.116204e-004
2.370124e+003,3.886042e-004
2.372052e+003,2.549087e-004
2.373980e+003,1.498911e-004
2.375909e+003,1.373623e-004
2.377838e+003,2.164192e-004
2.379766e+003,2.553728e-004
2.381695e+003,1.956674e-004
2.383623e+003,2.935011e-004
2.385552e+003,3.742445e-004
2.387480e+003,3.302731e-004
2.389408e+003,3.537837e-004
2.391337e+003,3.664845e-004
2.393266e+003,2.728783e-004
2.395194e+003,2.398904e-004
2.397123e+003,1.803197e-004
2.399051e+003,2.946947e-004
2.400979e+003,3.232434e-004
2.402908e+003,2.446644e-004
2.404836e+003,2.457584e-004
2.406765e+003,2.513613e-004
2.408694e+003,2.865714e-004
2.410622e+003,3.961655e-004
2.412551e+003,3.910914e-004
2.414479e+003,3.219171e-004
2.416407e+003,2.907822e-004
2.418336e+003,2.897544e-004
2.420264e+003,2.185077e-004
2.422193e+003,7.783883e-005
2.424122e+003,1.575146e-004
2.426050e+003,3.106764e-004
2.427979e+003,3.015582e-004
2.429907e+003,1.818445e-004
2.431835e+003,2.265634e-004
2.433764e+003,1.470406e-004
2.435692e+003,1.852919e-004
2.437621e+003,3.348823e-004
2.439550e+003,1.850930e-004
2.441478e+003,7.661265e-005
2.443406e+003,8.612391e-005
2.445335e+003,1.572826e-004
2.447263e+003,4.158521e-005
2.449192e+003,-7.732796e-005
2.451121e+003,2.587846e-005
2.453049e+003,2.471870e-005
2.454978e+003,-1.110842e-004
2.456906e+003,-2.017816e-005
2.458834e+003,-1.997937e-005
2.460763e+003,-1.958178e-005
2.462691e+003,-1.939896e-004
2.464620e+003,-3.350878e-004
2.466549e+003,-1.281104e-004
2.468477e+003,-3.598208e-005
2.470406e+003,-1.702093e-004
2.472334e+003,-2.362808e-004
2.474262e+003,-1.977652e-004
2.476191e+003,-1.807086e-004
2.478119e+003,-2.010771e-004
2.480048e+003,-2.401554e-004
2.481977e+003,-2.451227e-004
2.483905e+003,-2.293926e-004
2.485833e+003,-2.192920e-004
2.487762e+003,-2.306179e-004
2.489690e+003,-2.083300e-004
2.491619e+003,-1.153049e-005
2.493547e+003,-1.732565e-004
2.495476e+003,-3.380344e-004
2.497405e+003,-3.406169e-004
2.499333e+003,-3.114477e-004
2.501261e+003,-3.325053e-004
2.503190e+003,-3.773652e-004
2.505118e+003,-2.993623e-004
2.507047e+003,-2.879056e-004
2.508975e+003,-3.145600e-004
2.510904e+003,-4.483702e-004
2.512833e+003,-5.597039e-004
2.514761e+003,-5.383594e-004
2.516689e+003,-5.089718e-004
2.518618e+003,-4.856721e-004
2.520546e+003,-3.714725e-004
2.522475e+003,-4.088141e-004
2.524403e+003,-5.481879e-004
2.526332e+003,-5.559976e-004
2.528260e+003,-5.698297e-004
2.530189e+003,-5.551041e-004
2.532117e+003,-4.900409e-004
2.534046e+003,-4.459870e-004
2.535974e+003,-5.435219e-004
2.537903e+003,-6.800074e-004
2.539831e+003,-6.291902e-004
2.541760e+003,-4.549570e-004
2.543688e+003,-4.685276e-004
2.545617e+003,-5.384587e-004
2.547545e+003,-5.518942e-004
2.549474e+003,-5.580493e-004
2.551402e+003,-5.782677e-004
2.553331e+003,-6.548311e-004
2.555259e+003,-5.908748e-004
2.557188e+003,-5.454744e-004
2.559116e+003,-6.198928e-004
2.561045e+003,-6.053013e-004
2.562973e+003,-6.612825e-004
2.564902e+003,-4.807076e-004
2.566830e+003,-4.084500e-004
2.568759e+003,-4.935161e-004
2.570687e+003,-4.038817e-004
2.572616e+003,-4.160305e-004
2.574544e+003,-4.226509e-004
2.576473e+003,-5.363738e-004
2.578401e+003,-6.498354e-004
2.580330e+003,-6.434500e-004
2.582258e+003,-6.880794e-004
2.584187e+003,-7.115005e-004
2.586115e+003,-6.405716e-004
2.588044e+003,-6.177091e-004
2.589972e+003,-6.382557e-004
2.591901e+003,-6.744165e-004
2.593829e+003,-6.173121e-004
2.595758e+003,-6.491406e-004
2.597686e+003,-7.411059e-004
2.599615e+003,-7.221851e-004
2.601543e+003,-6.480157e-004
2.603472e+003,-6.091396e-004
2.605400e+003,-5.625166e-004
2.607329e+003,-6.308444e-004
2.609257e+003,-7.385259e-004
2.611186e+003,-7.493091e-004
2.613114e+003,-7.097473e-004
2.615043e+003,-7.258569e-004
2.616971e+003,-7.145439e-004
2.618900e+003,-7.180502e-004
2.620828e+003,-7.599597e-004
2.622757e+003,-7.483498e-004
2.624685e+003,-7.100780e-004
2.626614e+003,-7.153047e-004
2.628542e+003,-6.914868e-004
2.630471e+003,-6.178084e-004
2.632399e+003,-6.241942e-004
2.634328e+003,-6.557244e-004
2.636256e+003,-6.603561e-004
2.638185e+003,-5.535488e-004
2.640113e+003,-5.285637e-004
2.642042e+003,-5.826686e-004
2.643970e+003,-5.334947e-004
2.645899e+003,-4.844807e-004
2.647827e+003,-4.666741e-004
2.649756e+003,-4.281127e-004
2.651684e+003,-4.347660e-004
2.653613e+003,-4.566451e-004
2.655541e+003,-4.299663e-004
2.657470e+003,-3.747168e-004
2.659398e+003,-3.382993e-004
2.661327e+003,-3.584286e-004
2.663255e+003,-3.386635e-004
2.665184e+003,-3.057196e-004
2.667112e+003,-2.587660e-004
2.669041e+003,-2.372412e-004
2.670969e+003,-2.282667e-004
2.672898e+003,-2.161458e-004
2.674826e+003,-2.035610e-004
2.676755e+003,-1.965398e-004
2.678683e+003,-1.946851e-004
2.680612e+003,-2.555208e-004
2.682540e+003,-2.522093e-004
2.684469e+003,-2.140263e-004
2.686397e+003,-2.185303e-004
2.688326e+003,-2.114762e-004
2.690254e+003,-2.090586e-004
2.692183e+003,-1.810067e-004
2.694111e+003,-1.982289e-004
2.696040e+003,-1.879287e-004
2.697968e+003,-1.371201e-004
2.699897e+003,-1.198293e-004
2.701825e+003,-1.491438e-004
2.703754e+003,-1.744488e-004
2.705682e+003,-1.246324e-004
2.707611e+003,-9.352732e-005
2.709539e+003,-5.817948e-005
2.711468e+003,-7.779176e-005
2.713396e+003,-1.100573e-004
2.715325e+003,-9.495178e-005
2.717253e+003,-4.204506e-005
2.719182e+003,-2.998527e-005
2.721110e+003,-6.460657e-005
2.723039e+003,-8.100517e-005
2.724967e+003,-1.553377e-004
2.726896e+003,-1.251292e-004
2.728824e+003,-1.196637e-004
2.730753e+003,-9.054589e-005
2.732681e+003,-1.025046e-004
2.734610e+003,-1.041941e-004
2.736538e+003,-4.443048e-005
2.738467e+003,-4.953257e-005
2.740395e+003,-1.170799e-004
2.742324e+003,-8.511301e-005
2.744252e+003,-6.523602e-005
2.746181e+003,-5.854390e-005
2.748109e+003,-8.862451e-005
2.750038e+003,-7.968005e-005
2.751966e+003,-1.997937e-005
2.753895e+003,-4.297272e-005
2.755823e+003,-5.539658e-005
2.757752e+003,-4.701466e-005
2.759680e+003,-5.632421e-005
2.761609e+003,-5.430329e-005
2.763537e+003,-6.821763e-005
2.765466e+003,-6.145929e-005
2.767394e+003,-6.596486e-005
2.769323e+003,-9.763504e-005
2.771251e+003,-1.000201e-004
2.773180e+003,-8.763069e-005
2.775108e+003,-7.484334e-005
2.777037e+003,-8.773008e-005
2.778965e+003,-5.887520e-005
2.780894e+003,-6.288385e-005
2.782822e+003,-8.401980e-005
2.784750e+003,-8.660374e-005
2.786679e+003,-1.147611e-004
2.788608e+003,-1.356627e-004
2.790536e+003,-1.140324e-004
2.792465e+003,-1.196305e-004
2.794393e+003,-1.417243e-004
2.796322e+003,-1.802449e-004
2.798250e+003,-2.047201e-004
2.800178e+003,-1.645125e-004
2.802107e+003,-1.189018e-004
2.804036e+003,-1.037965e-004
2.805964e+003,-1.074073e-004
2.807893e+003,-1.402338e-004
2.809821e+003,-1.806092e-004
2.811750e+003,-1.203924e-004
2.813678e+003,-1.033328e-004
2.815606e+003,-1.179743e-004
2.817535e+003,-1.121111e-004
2.819464e+003,-1.685533e-004
2.821392e+003,-1.492432e-004
2.823321e+003,-1.208230e-004
2.825249e+003,-1.405319e-004
2.827177e+003,-1.726603e-004
2.829106e+003,-1.352983e-004
2.831034e+003,-1.529529e-004
2.832963e+003,-1.242349e-004
2.834892e+003,-7.792427e-005
2.836820e+003,-1.547084e-004
2.838749e+003,-1.300316e-004
2.840677e+003,-1.110842e-004
2.842605e+003,-1.173118e-004
2.844534e+003,-1.264542e-004
2.846462e+003,-1.497400e-004
2.848391e+003,-1.228768e-004
2.850320e+003,-9.127468e-005
2.852248e+003,-7.003971e-005
2.854177e+003,-7.437955e-005
2.856105e+003,-7.408139e-005
2.858033e+003,-6.490474e-005
2.859962e+003,-3.286772e-005
2.861890e+003,1.736258e-005
2.863819e+003,-4.148184e-005
2.865748e+003,-1.227443e-004
2.867676e+003,-7.832181e-005
2.869604e+003,-5.284558e-005
2.871533e+003,-5.430329e-005
2.873461e+003,-6.109487e-005
2.875390e+003,-6.195623e-005
2.877319e+003,-5.311062e-005
2.879247e+003,-2.339200e-005
2.881176e+003,-3.478935e-005
2.883104e+003,-9.524992e-005
2.885032e+003,-3.561763e-005
2.886961e+003,-2.551246e-005
2.888889e+003,-6.063106e-005
2.890818e+003,-5.503215e-005
2.892747e+003,-3.651218e-005
2.894675e+003,-2.127153e-005
2.896604e+003,2.783268e-006
2.898532e+003,4.108640e-006
2.900460e+003,-3.581642e-005
2.902389e+003,-6.397712e-005
2.904317e+003,-1.746129e-005
2.906246e+003,3.247257e-005
2.908175e+003,-1.656699e-006
2.910103e+003,-1.003950e-005
2.912031e+003,-2.703653e-005
2.913960e+003,-1.507573e-005
2.915888e+003,-1.093422e-006
2.917817e+003,3.402999e-005
2.919745e+003,5.997675e-005
2.921674e+003,8.946283e-006
2.923603e+003,-7.521362e-006
2.925531e+003,2.100749e-005
2.927459e+003,2.471870e-005
2.929388e+003,-1.126556e-006
2.931316e+003,-2.962082e-005
2.933245e+003,-5.099029e-005
2.935173e+003,-2.494922e-005
2.937102e+003,-5.135472e-005
2.939031e+003,-4.949943e-005
2.940959e+003,-2.899132e-005
2.942887e+003,-1.424740e-005
2.944816e+003,2.007969e-005
2.946744e+003,3.555428e-005
2.948673e+003,4.526346e-005
2.950601e+003,3.131280e-005
2.952530e+003,-5.732151e-006
2.954458e+003,-4.572473e-006
2.956387e+003,1.000660e-005
2.958315e+003,-1.471126e-005
2.960244e+003,-1.868720e-005
2.962172e+003,6.560590e-006
2.964101e+003,-1.391627e-006
2.966029e+003,-2.919011e-005
2.967958e+003,-2.143719e-005
2.969886e+003,-4.684900e-005
2.971815e+003,-3.876509e-005
2.973743e+003,2.296250e-005
2.975672e+003,-5.135746e-006
2.977600e+003,-4.711405e-005
2.979529e+003,-5.500216e-006
2.981457e+003,-2.054306e-006
2.983386e+003,-2.551314e-006
2.985314e+003,4.562797e-005
2.987243e+003,8.145111e-005
2.989171e+003,3.813895e-005
2.991100e+003,-3.313391e-006
2.993028e+003,2.654118e-005
2.994957e+003,-2.740099e-005
2.996885e+003,-3.508753e-005
2.998814e+003,3.058380e-005
3.000742e+003,-2.412091e-005
3.002671e+003,-4.234324e-005
3.004599e+003,-5.778192e-005
3.006528e+003,6.262379e-006
3.008456e+003,1.918503e-005
3.010385e+003,7.071380e-005
3.012313e+003,5.354791e-005
3.014242e+003,-2.981961e-005
3.016170e+003,-6.073045e-005
3.018099e+003,3.555428e-005
3.020027e+003,8.102028e-005
3.021956e+003,2.226665e-005
3.023884e+003,-9.985451e-005
3.025813e+003,-6.917836e-005
3.027741e+003,1.391632e-006
3.029670e+003,-2.216611e-005
3.031598e+003,-1.005833e-004
3.033527e+003,-9.057901e-005
3.035455e+003,-8.567618e-005
3.037384e+003,-8.799510e-005
3.039312e+003,-1.220155e-004
3.041241e+003,-1.464940e-004
3.043169e+003,-1.685533e-004
3.045098e+003,-9.021462e-005
3.047026e+003,-1.162187e-004
3.048955e+003,-1.804767e-004
3.050883e+003,-1.179080e-004
3.052812e+003,-4.231011e-005
3.054740e+003,-7.802365e-005
3.056669e+003,-9.710501e-005
3.058597e+003,-7.190027e-006
3.060526e+003,3.141220e-005
3.062454e+003,-6.726158e-006
3.064383e+003,-8.753131e-005
3.066311e+003,-1.044259e-004
3.068240e+003,-4.234324e-005
3.070168e+003,-9.236788e-005
3.072097e+003,-1.286735e-004
3.074025e+003,-9.250038e-005
3.075954e+003,-5.294497e-005
3.077882e+003,-1.542447e-004
3.079811e+003,-2.089592e-004
3.081739e+003,-1.571594e-004
3.083668e+003,-1.175437e-004
3.085596e+003,-1.162187e-004
3.087525e+003,-1.564639e-004
3.089453e+003,-2.195569e-004
3.091382e+003,-1.970035e-004
3.093310e+003,-1.781583e-004
3.095239e+003,-1.700768e-004
3.097167e+003,-1.183718e-004
3.099096e+003,-6.056480e-005
3.101024e+003,-6.016725e-005
3.102953e+003,-5.321001e-005
3.104881e+003,-1.090636e-004
3.106810e+003,-2.047201e-004
3.108738e+003,-1.665660e-004
3.110667e+003,-8.090579e-005
3.112595e+003,-7.129860e-005
3.114524e+003,-6.881395e-005
3.116452e+003,-8.504675e-005
3.118381e+003,-1.488126e-004
3.120309e+003,-1.407306e-004
3.122238e+003,-9.992077e-005
3.124166e+003,-7.070228e-005
3.126095e+003,-1.188024e-004
3.128023e+003,-1.587162e-004
3.129952e+003,-1.868027e-004
3.131880e+003,-1.360271e-004
3.133809e+003,-9.246726e-005
3.135737e+003,-1.014446e-004
3.137666e+003,-1.530192e-004
3.139594e+003,-1.485145e-004
3.141523e+003,-1.517605e-004
3.143451e+003,-1.531517e-004
3.145380e+003,-1.191668e-004
3.147308e+003,-3.498814e-005
3.149237e+003,-7.987882e-005
3.151165e+003,-1.587162e-004
3.153094e+003,-1.904127e-004
3.155022e+003,-1.957118e-004
3.156951e+003,-1.764692e-004
3.158879e+003,-2.104496e-004
3.160808e+003,-2.472421e-004
3.162736e+003,-1.727928e-004
3.164665e+003,-1.921349e-004
3.166593e+003,-2.022693e-004
3.168522e+003,-1.840206e-004
3.170450e+003,-1.740845e-004
3.172379e+003,-1.719648e-004
3.174307e+003,-1.928967e-004
3.176236e+003,-1.964735e-004
3.178164e+003,-1.623927e-004
3.180093e+003,-1.587162e-004
3.182021e+003,-8.779633e-005
3.183950e+003,-8.643811e-005
3.185878e+003,-1.419893e-004
3.187807e+003,-1.572588e-004
3.189735e+003,-1.758730e-004
3.191664e+003,-1.941552e-004
3.193592e+003,-2.119068e-004
3.195521e+003,-1.606704e-004
3.197449e+003,-1.742170e-004
3.199378e+003,-1.963411e-004
3.201306e+003,-1.397700e-004
3.203235e+003,-1.455003e-004
3.205163e+003,-1.736539e-004
3.207092e+003,-1.842524e-004
3.209020e+003,-2.020706e-004
3.210948e+003,-2.522756e-004
3.212877e+003,-2.299225e-004
3.214806e+003,-2.367444e-004
3.216734e+003,-2.718128e-004
3.218663e+003,-2.688326e-004
3.220591e+003,-2.584349e-004
3.222520e+003,-2.364795e-004
3.224448e+003,-2.325056e-004
3.226376e+003,-2.291939e-004
3.228305e+003,-2.134964e-004
3.230234e+003,-2.470434e-004
3.232162e+003,-2.736672e-004
3.234091e+003,-3.235659e-004
3.236019e+003,-2.558188e-004
3.237948e+003,-2.417118e-004
3.239876e+003,-2.706870e-004
3.241804e+003,-1.818015e-004
3.243733e+003,-1.655724e-004
3.245662e+003,-2.776076e-004
3.247590e+003,-3.546876e-004
3.249519e+003,-2.690644e-004
3.251447e+003,-2.655544e-004
3.253375e+003,-2.524742e-004
3.255304e+003,-2.535670e-004
3.257232e+003,-3.056202e-004
3.259161e+003,-3.424378e-004
3.261090e+003,-3.124410e-004
3.263018e+003,-2.736672e-004
3.264947e+003,-1.985600e-004
3.266875e+003,-2.137282e-004
3.268803e+003,-2.737996e-004
3.270732e+003,-2.521431e-004
3.272660e+003,-3.647851e-004
3.274589e+003,-4.643572e-004
3.276518e+003,-3.984528e-004
3.278446e+003,-3.341276e-004
3.280375e+003,-3.565747e-004
3.282303e+003,-3.746175e-004
3.284231e+003,-3.696517e-004
3.286160e+003,-3.276052e-004
3.288088e+003,-3.251551e-004
3.290017e+003,-2.816474e-004
3.291946e+003,-2.832037e-004
3.293874e+003,-3.024416e-004
3.295802e+003,-3.031369e-004
3.297731e+003,-3.425040e-004
3.299659e+003,-3.588921e-004
3.301588e+003,-3.035342e-004
3.303516e+003,-2.692300e-004
3.305445e+003,-2.308497e-004
3.307374e+003,-2.532028e-004
3.309302e+003,-2.501893e-004
3.311230e+003,-1.560664e-004
3.313159e+003,-1.308597e-004
3.315087e+003,-2.617794e-004
3.317016e+003,-3.413452e-004
3.318944e+003,-3.330681e-004
3.320873e+003,-2.978391e-004
3.322802e+003,-3.079711e-004
3.324730e+003,-3.128383e-004
3.326658e+003,-1.874319e-004
3.328587e+003,-1.998517e-004
3.330515e+003,-2.327043e-004
3.332444e+003,-2.767798e-004
3.334372e+003,-2.830381e-004
3.336301e+003,-3.149242e-004
3.338229e+003,-3.183677e-004
3.340158e+003,-2.892632e-004
3.342086e+003,-3.175068e-004
3.344015e+003,-2.765812e-004
3.345943e+003,-2.760182e-004
3.347872e+003,-3.840856e-004
3.349800e+003,-4.012997e-004
3.351729e+003,-3.916334e-004
3.353657e+003,-3.351871e-004
3.355586e+003,-3.146594e-004
3.357514e+003,-3.375709e-004
3.359443e+003,-3.397561e-004
3.361371e+003,-3.846484e-004
3.363300e+003,-3.333992e-004
3.365229e+003,-3.188643e-004
3.367157e+003,-3.238638e-004
3.369085e+003,-2.940313e-004
3.371014e+003,-3.026733e-004
3.372942e+003,-2.071377e-004
3.374871e+003,-2.351880e-004
3.376799e+003,-3.227712e-004
3.378728e+003,-2.615145e-004
3.380656e+003,-3.035342e-004
3.382585e+003,-3.600840e-004
3.384513e+003,-3.382000e-004
3.386442e+003,-3.692213e-004
3.388370e+003,-4.054045e-004
3.390299e+003,-3.793847e-004
3.392227e+003,-2.901241e-004
3.394156e+003,-2.530041e-004
3.396084e+003,-2.582031e-004
3.398013e+003,-2.612165e-004
3.399941e+003,-3.047262e-004
3.401870e+003,-3.257842e-004
3.403798e+003,-3.103219e-004
3.405727e+003,-3.298235e-004
3.407655e+003,-3.552835e-004
3.409584e+003,-3.304525e-004
3.411512e+003,-2.775083e-004
3.413441e+003,-2.353536e-004
3.415369e+003,-2.130327e-004
3.417298e+003,-2.083962e-004
3.419226e+003,-2.675412e-004
3.421155e+003,-3.869657e-004
3.423083e+003,-3.388621e-004
3.425012e+003,-2.454870e-004
3.426940e+003,-2.651901e-004
3.428869e+003,-3.454837e-004
3.430797e+003,-3.935865e-004
3.432726e+003,-3.198245e-004
3.434654e+003,-2.517457e-004
3.436583e+003,-2.703559e-004
3.438511e+003,-3.410473e-004
3.440440e+003,-3.516086e-004
3.442368e+003,-2.784024e-004
3.444297e+003,-3.231354e-004
3.446225e+003,-3.528004e-004
3.448154e+003,-2.684022e-004
3.450082e+003,-1.916712e-004
3.452011e+003,-2.243589e-004
3.453939e+003,-2.265446e-004
3.455868e+003,-3.156527e-004
3.457796e+003,-3.705786e-004
3.459725e+003,-2.978391e-004
3.461653e+003,-2.422085e-004
3.463582e+003,-2.949584e-004
3.465510e+003,-3.347236e-004
3.467439e+003,-3.612096e-004
3.469367e+003,-2.750911e-004
3.471296e+003,-2.286309e-004
3.473224e+003,-2.992960e-004
3.475153e+003,-2.398573e-004
3.477081e+003,-2.002491e-004
3.479010e+003,-2.674088e-004
3.480938e+003,-2.750911e-004
3.482867e+003,-2.833030e-004
3.484795e+003,-3.043289e-004
3.486724e+003,-3.049911e-004
3.488652e+003,-3.670694e-004
3.490581e+003,-3.193610e-004
3.492509e+003,-3.483310e-004
3.494438e+003,-3.585279e-004
3.496366e+003,-3.264464e-004
3.498295e+003,-3.939507e-004
3.500223e+003,-4.454243e-004
3.502152e+003,-3.530984e-004
3.504080e+003,-1.866371e-004
3.506009e+003,-2.132646e-004
3.507937e+003,-3.267112e-004
3.509866e+003,-3.940169e-004
3.511794e+003,-3.239632e-004
3.513723e+003,-2.241602e-004
3.515651e+003,-1.890879e-004
3.517580e+003,-2.342939e-004
3.519508e+003,-2.174374e-004
3.521437e+003,-1.598423e-004
3.523365e+003,-1.700437e-004
3.525294e+003,-1.722628e-004
3.527222e+003,-2.348899e-004
3.529151e+003,-2.401554e-004
3.531079e+003,-2.651570e-004
3.533008e+003,-2.577395e-004
3.534936e+003,-1.830270e-004
3.536865e+003,-1.784233e-004
3.538793e+003,-2.583686e-004
3.540722e+003,-2.783361e-004
3.542650e+003,-2.503549e-004
3.544579e+003,-2.871772e-004
3.546507e+003,-2.720115e-004
3.548436e+003,-2.406190e-004
3.550364e+003,-2.118074e-004
3.552293e+003,-1.800793e-004
3.554221e+003,-1.773965e-004
3.556150e+003,-1.981957e-004
3.558078e+003,-2.191926e-004
3.560007e+003,-2.490634e-004
3.561935e+003,-2.690644e-004
3.563864e+003,-2.645279e-004
3.565792e+003,-1.951819e-004
3.567721e+003,-1.982951e-004
3.569649e+003,-3.164142e-004
3.571578e+003,-2.230342e-004
3.573506e+003,-2.369431e-004
3.575435e+003,-2.649915e-004
3.577363e+003,-1.748131e-004
3.579292e+003,-2.308497e-004
3.581220e+003,-2.972762e-004
3.583149e+003,-3.144938e-004
3.585077e+003,-1.634526e-004
3.587006e+003,-4.529187e-005
3.588934e+003,-9.100967e-005
3.590863e+003,-2.225706e-004
3.592791e+003,-1.803443e-004
3.594720e+003,-1.654399e-004
3.596648e+003,-1.791851e-004
3.598577e+003,-2.410495e-004
3.600505e+003,-2.185634e-004
3.602434e+003,-2.723758e-004
3.604362e+003,-3.216455e-004
3.606291e+003,-3.040640e-004
3.608219e+003,-2.377710e-004
3.610148e+003,-2.143906e-004
3.612076e+003,-1.720972e-004
3.614005e+003,-1.833913e-004
3.615933e+003,-1.172455e-004
3.617862e+003,-5.751689e-005
3.619790e+003,-1.804436e-004
3.621719e+003,-3.953741e-004
3.623647e+003,-3.685592e-004
3.625576e+003,-3.400209e-004
3.627504e+003,-2.059455e-004
3.629433e+003,-5.059273e-005
3.631361e+003,-1.938902e-004
3.633290e+003,-2.677730e-004
3.635218e+003,-3.247909e-004
3.637146e+003,-3.102226e-004
3.639075e+003,-2.813825e-004
3.641004e+003,-3.009516e-004
3.642932e+003,-1.949832e-004
3.644861e+003,-1.563314e-004
3.646789e+003,-2.158478e-004
3.648718e+003,-2.625741e-004
3.650646e+003,-3.211158e-004
3.652574e+003,-3.647851e-004
3.654503e+003,-4.334420e-004
3.656432e+003,-4.705466e-004
3.658360e+003,-4.698515e-004
3.660289e+003,-3.900444e-004
3.662217e+003,-3.657783e-004
3.664146e+003,-4.615107e-004
3.666074e+003,-4.571747e-004
3.668002e+003,-4.070596e-004
3.669931e+003,-3.443580e-004
3.671860e+003,-2.672763e-004
3.673788e+003,-3.318431e-004
3.675717e+003,-3.161162e-004
3.677645e+003,-3.683936e-004
3.679573e+003,-4.122237e-004
3.681502e+003,-4.689909e-004
3.683430e+003,-5.633108e-004
3.685359e+003,-4.244384e-004
3.687288e+003,-3.285654e-004
3.689216e+003,-3.631297e-004
3.691145e+003,-4.449609e-004
3.693073e+003,-4.570754e-004
3.695001e+003,-5.174772e-004
3.696930e+003,-4.197710e-004
3.698858e+003,-4.143754e-004
3.700787e+003,-4.583663e-004
3.702716e+003,-5.668515e-004
3.704644e+003,-5.991469e-004
3.706573e+003,-5.776059e-004
3.708501e+003,-6.144666e-004
3.710429e+003,-6.742179e-004
3.712358e+003,-6.187679e-004
3.714286e+003,-5.892865e-004
3.716215e+003,-6.044411e-004
3.718144e+003,-4.827596e-004
3.720072e+003,-5.550379e-004
3.722000e+003,-5.991469e-004
3.723929e+003,-6.536070e-004
3.725857e+003,-6.658480e-004
3.727786e+003,-5.478239e-004
3.729714e+003,-5.535157e-004
3.731643e+003,-5.958050e-004
3.733572e+003,-6.348147e-004
3.735500e+003,-6.579741e-004
3.737428e+003,-6.326642e-004
3.739357e+003,-7.052484e-004
3.741285e+003,-5.862423e-004
3.743214e+003,-4.328461e-004
3.745142e+003,-4.706128e-004
3.747071e+003,-6.307452e-004
3.749000e+003,-6.630690e-004
3.750928e+003,-5.619872e-004
3.752856e+003,-5.519604e-004
3.754785e+003,-6.417627e-004
3.756713e+003,-6.339545e-004
3.758642e+003,-6.881125e-004
3.760570e+003,-7.364419e-004
3.762499e+003,-6.403069e-004
3.764427e+003,-5.774074e-004
3.766356e+003,-6.182385e-004
3.768284e+003,-6.388512e-004
3.770213e+003,-6.416965e-004
3.772141e+003,-7.310833e-004
3.774070e+003,-7.000547e-004
3.775998e+003,-5.944484e-004
3.777927e+003,-5.461693e-004
3.779855e+003,-7.196711e-004
3.781784e+003,-7.999800e-004
3.783712e+003,-6.211171e-004
3.785641e+003,-5.614246e-004
3.787569e+003,-7.006833e-004
3.789498e+003,-7.120629e-004
3.791426e+003,-5.472944e-004
3.793355e+003,-5.085085e-004
3.795283e+003,-5.955403e-004
3.797212e+003,-5.551703e-004
3.799140e+003,-5.234673e-004
3.801069e+003,-5.185363e-004
3.802997e+003,-5.489159e-004
3.804926e+003,-6.295541e-004
3.806854e+003,-6.168489e-004
3.808783e+003,-6.435824e-004
3.810711e+003,-6.250213e-004
3.812640e+003,-5.827018e-004
3.814568e+003,-4.980834e-004
3.816497e+003,-3.876940e-004
3.818425e+003,-4.377782e-004
3.820354e+003,-4.817336e-004
3.822282e+003,-4.879227e-004
3.824211e+003,-5.376313e-004
3.826139e+003,-5.436873e-004
3.828068e+003,-5.149289e-004
3.829996e+003,-5.805840e-004
3.831925e+003,-5.798560e-004
3.833853e+003,-4.985798e-004
3.835782e+003,-4.588627e-004
3.837710e+003,-4.833223e-004
3.839639e+003,-5.708224e-004
3.841567e+003,-5.860107e-004
3.843496e+003,-4.993741e-004
3.845424e+003,-5.389220e-004
3.847353e+003,-5.145649e-004
3.849281e+003,-4.681304e-004
3.851210e+003,-4.985798e-004
3.853138e+003,-4.036831e-004
3.855067e+003,-3.215462e-004
3.856995e+003,-5.691348e-004
3.858924e+003,-6.280652e-004
3.860852e+003,-5.263134e-004
3.862781e+003,-4.089134e-004
3.864709e+003,-4.680311e-004
3.866638e+003,-5.668515e-004
3.868566e+003,-5.233680e-004
3.870495e+003,-4.245377e-004
3.872423e+003,-5.133403e-004
3.874352e+003,-5.319393e-004
3.876280e+003,-5.197276e-004
3.878209e+003,-4.264907e-004
3.880137e+003,-4.127864e-004
3.882066e+003,-3.679302e-004
3.883994e+003,-4.473441e-004
3.885923e+003,-5.394515e-004
3.887851e+003,-6.053675e-004
3.889780e+003,-6.090403e-004
3.891708e+003,-5.813782e-004
3.893637e+003,-5.749587e-004
3.895565e+003,-5.778045e-004
3.897494e+003,-4.702487e-004
3.899422e+003,-4.615769e-004
3.901351e+003,-5.185363e-004
3.903279e+003,-4.649860e-004
3.905208e+003,-4.276161e-004
3.907136e+003,-4.875587e-004
3.909065e+003,-6.132093e-004
3.910993e+003,-6.753428e-004
3.912922e+003,-6.822239e-004
3.914850e+003,-5.986507e-004
3.916779e+003,-6.212163e-004
3.918707e+003,-6.044411e-004
3.920636e+003,-4.929535e-004
3.922564e+003,-4.461856e-004
3.924493e+003,-4.470131e-004
3.926421e+003,-3.831917e-004
3.928350e+003,-4.627022e-004
3.930278e+003,-4.777950e-004
3.932207e+003,-4.478075e-004
3.934135e+003,-5.096006e-004
3.936064e+003,-5.066551e-004
3.937992e+003,-5.108583e-004
3.939921e+003,-4.939463e-004
3.941849e+003,-4.593924e-004
3.943778e+003,-4.308932e-004
3.945706e+003,-3.773652e-004
3.947635e+003,-4.166594e-004
3.949563e+003,-4.564796e-004
3.951492e+003,-4.600212e-004
3.953420e+003,-4.859038e-004
3.955349e+003,-5.479563e-004
3.957277e+003,-4.874263e-004
3.959206e+003,-4.748162e-004
3.961134e+003,-5.677119e-004
3.963063e+003,-5.424960e-004
3.964991e+003,-5.357781e-004
3.966920e+003,-5.145318e-004
3.968848e+003,-5.262472e-004
3.970777e+003,-4.733930e-004
3.972705e+003,-4.252990e-004
3.974634e+003,-4.369837e-004
3.976562e+003,-4.801780e-004
3.978491e+003,-4.297677e-004
3.980419e+003,-4.194731e-004
3.982348e+003,-3.679302e-004
3.984276e+003,-3.157520e-004
3.986205e+003,-4.564465e-004
3.988133e+003,-5.474930e-004
3.990062e+003,-5.134396e-004
3.991990e+003,-5.219450e-004
3.993919e+003,-5.523244e-004
3.995847e+003,-5.282328e-004
3.997776e+003,-5.002346e-004
3.999704e+003,-4.745514e-004
4.001633e+003,0.000000e+000
