3.991989e+002,8.500575e-001
4.011274e+002,9.233768e-001
4.030559e+002,9.992696e-001
4.049844e+002,1.070374e+000
4.069129e+002,1.144666e+000
4.088414e+002,1.217505e+000
4.107699e+002,1.290455e+000
4.126984e+002,1.374256e+000
4.146269e+002,1.462871e+000
4.165554e+002,1.542745e+000
4.184839e+002,1.608621e+000
4.204124e+002,1.707090e+000
4.223409e+002,1.801691e+000
4.242694e+002,1.890988e+000
4.261979e+002,1.984067e+000
4.281264e+002,2.070766e+000
4.300549e+002,2.162822e+000
4.319834e+002,2.249155e+000
4.339119e+002,2.330678e+000
4.358404e+002,2.413557e+000
4.377689e+002,2.492827e+000
4.396974e+002,2.559719e+000
4.416259e+002,2.638210e+000
4.435544e+002,2.713579e+000
4.454829e+002,2.778142e+000
4.474114e+002,2.842428e+000
4.493399e+002,2.902362e+000
4.512684e+002,2.961195e+000
4.531969e+002,3.025856e+000
4.551254e+002,3.081670e+000
4.570539e+002,3.135484e+000
4.589824e+002,3.203354e+000
4.609109e+002,3.264645e+000
4.628394e+002,3.319234e+000
4.647679e+002,3.378331e+000
4.666964e+002,3.430104e+000
4.686249e+002,3.493132e+000
4.705533e+002,3.553357e+000
4.724819e+002,3.606856e+000
4.744103e+002,3.672949e+000
4.763389e+002,3.742832e+000
4.782673e+002,3.804853e+000
4.801959e+002,3.881391e+000
4.821243e+002,3.964608e+000
4.840529e+002,4.038582e+000
4.859813e+002,4.112823e+000
4.879099e+002,4.185780e+000
4.898383e+002,4.244330e+000
4.917668e+002,4.302422e+000
4.936953e+002,4.351912e+000
4.956238e+002,4.390485e+000
4.975523e+002,4.433869e+000
4.994808e+002,4.481456e+000
5.014093e+002,4.521021e+000
5.033378e+002,4.580693e+000
5.052663e+002,4.637970e+000
5.071948e+002,4.691007e+000
5.091233e+002,4.753242e+000
5.110518e+002,4.803488e+000
5.129803e+002,4.851678e+000
5.149088e+002,4.898634e+000
5.168373e+002,4.937538e+000
5.187658e+002,4.986784e+000
5.206943e+002,5.045789e+000
5.226228e+002,5.101869e+000
5.245513e+002,5.154423e+000
5.264798e+002,5.216881e+000
5.284083e+002,5.284908e+000
5.303368e+002,5.349869e+000
5.322653e+002,5.409561e+000
5.341938e+002,5.467268e+000
5.361223e+002,5.521699e+000
5.380508e+002,5.572057e+000
5.399792e+002,5.618708e+000
5.419078e+002,5.664890e+000
5.438363e+002,5.707571e+000
5.457648e+002,5.751297e+000
5.476932e+002,5.799138e+000
5.496218e+002,5.844274e+000
5.515503e+002,5.882821e+000
5.534788e+002,5.931634e+000
5.554072e+002,5.976710e+000
5.573358e+002,6.023269e+000
5.592643e+002,6.077262e+000
5.611927e+002,6.132005e+000
5.631212e+002,6.183760e+000
5.650497e+002,6.242589e+000
5.669783e+002,6.293400e+000
5.689067e+002,6.343769e+000
5.708352e+002,6.392912e+000
5.727637e+002,6.434389e+000
5.746923e+002,6.466536e+000
5.766207e+002,6.506116e+000
5.785492e+002,6.540492e+000
5.804777e+002,6.579383e+000
5.824063e+002,6.613928e+000
5.843347e+002,6.647243e+000
5.862632e+002,6.680985e+000
5.881917e+002,6.722293e+000
5.901202e+002,6.776504e+000
5.920487e+002,6.841603e+000
5.939772e+002,6.912097e+000
5.959057e+002,6.981822e+000
5.978342e+002,7.054315e+000
5.997627e+002,7.130120e+000
6.016912e+002,7.196747e+000
6.036197e+002,7.269136e+000
6.055482e+002,7.338118e+000
6.074767e+002,7.405316e+000
6.094052e+002,7.476112e+000
6.113337e+002,7.558389e+000
6.132622e+002,7.645651e+000
6.151907e+002,7.737296e+000
6.171192e+002,7.804835e+000
6.190477e+002,7.874561e+000
6.209762e+002,7.948355e+000
6.229047e+002,8.031586e+000
6.248332e+002,8.108153e+000
6.267617e+002,8.190658e+000
6.286902e+002,8.269016e+000
6.306187e+002,8.352337e+000
6.325472e+002,8.428761e+000
6.344756e+002,8.503655e+000
6.364042e+002,8.569521e+000
6.383326e+002,8.643185e+000
6.402612e+002,8.700646e+000
6.421896e+002,8.755314e+000
6.441182e+002,8.796684e+000
6.460466e+002,8.840393e+000
6.479752e+002,8.877780e+000
6.499036e+002,8.936606e+000
6.518322e+002,8.982450e+000
6.537606e+002,9.031877e+000
6.556891e+002,9.063559e+000
6.576177e+002,9.102674e+000
6.595461e+002,9.124650e+000
6.614746e+002,9.168297e+000
6.634031e+002,9.200833e+000
6.653317e+002,9.140352e+000
6.672601e+002,8.802020e+000
6.691886e+002,8.954812e+000
6.711171e+002,9.292240e+000
6.730457e+002,9.349978e+000
6.749741e+002,9.394102e+000
6.769026e+002,9.429966e+000
6.788311e+002,9.482924e+000
6.807596e+002,9.528083e+000
6.826881e+002,9.591242e+000
6.846166e+002,9.646554e+000
6.865451e+002,9.717188e+000
6.884736e+002,9.781300e+000
6.904021e+002,9.859167e+000
6.923306e+002,9.931666e+000
6.942591e+002,1.001036e+001
6.961876e+002,1.008724e+001
6.981161e+002,1.017113e+001
7.000446e+002,1.024522e+001
7.019731e+002,1.032135e+001
7.039016e+002,1.038626e+001
7.058301e+002,1.045486e+001
7.077585e+002,1.051643e+001
7.096871e+002,1.057559e+001
7.116156e+002,1.062714e+001
7.135441e+002,1.067659e+001
7.154725e+002,1.071734e+001
7.174011e+002,1.075569e+001
7.193296e+002,1.077702e+001
7.212581e+002,1.080837e+001
7.231865e+002,1.084108e+001
7.251151e+002,1.086623e+001
7.270436e+002,1.088639e+001
7.289720e+002,1.090484e+001
7.309005e+002,1.091999e+001
7.328290e+002,1.093707e+001
7.347576e+002,1.095024e+001
7.366860e+002,1.096289e+001
7.386145e+002,1.097280e+001
7.405430e+002,1.098572e+001
7.424716e+002,1.099567e+001
7.444000e+002,1.101246e+001
7.463285e+002,1.102886e+001
7.482570e+002,1.104532e+001
7.501855e+002,1.106446e+001
7.521140e+002,1.108714e+001
7.540425e+002,1.110447e+001
7.559710e+002,1.112956e+001
7.578995e+002,1.115800e+001
7.598280e+002,1.118689e+001
7.617565e+002,1.121929e+001
7.636850e+002,1.125729e+001
7.656135e+002,1.128795e+001
7.675420e+002,1.132062e+001
7.694705e+002,1.135563e+001
7.713990e+002,1.139045e+001
7.733275e+002,1.142004e+001
7.752560e+002,1.144998e+001
7.771844e+002,1.147710e+001
7.791130e+002,1.150718e+001
7.810415e+002,1.152955e+001
7.829700e+002,1.154899e+001
7.848984e+002,1.156293e+001
7.868270e+002,1.156752e+001
7.887555e+002,1.156243e+001
7.906840e+002,1.155502e+001
7.926124e+002,1.153998e+001
7.945410e+002,1.152410e+001
7.964695e+002,1.151176e+001
7.983979e+002,1.150064e+001
8.003264e+002,1.148927e+001
8.022549e+002,1.148789e+001
8.041835e+002,1.148549e+001
8.061119e+002,1.148591e+001
8.080404e+002,1.149034e+001
8.099689e+002,1.149901e+001
8.118975e+002,1.150726e+001
8.138259e+002,1.151670e+001
8.157545e+002,1.151861e+001
8.176830e+002,1.152011e+001
8.196115e+002,1.152054e+001
8.215399e+002,1.152276e+001
8.234684e+002,1.152970e+001
8.253970e+002,1.154863e+001
8.273254e+002,1.156993e+001
8.292539e+002,1.159518e+001
8.311824e+002,1.161742e+001
8.331110e+002,1.163529e+001
8.350394e+002,1.165489e+001
8.369679e+002,1.167517e+001
8.388964e+002,1.169428e+001
8.408250e+002,1.171640e+001
8.427534e+002,1.173844e+001
8.446819e+002,1.176210e+001
8.466104e+002,1.179018e+001
8.485389e+002,1.181997e+001
8.504674e+002,1.184843e+001
8.523959e+002,1.187896e+001
8.543244e+002,1.190397e+001
8.562529e+002,1.193158e+001
8.581814e+002,1.196263e+001
8.601099e+002,1.199219e+001
8.620384e+002,1.201915e+001
8.639669e+002,1.205175e+001
8.658954e+002,1.207762e+001
8.678239e+002,1.210596e+001
8.697524e+002,1.213737e+001
8.716809e+002,1.216739e+001
8.736094e+002,1.219888e+001
8.755378e+002,1.223734e+001
8.774664e+002,1.227225e+001
8.793949e+002,1.230892e+001
8.813234e+002,1.234769e+001
8.832518e+002,1.238608e+001
8.851804e+002,1.242405e+001
8.871089e+002,1.246183e+001
8.890374e+002,1.249475e+001
8.909658e+002,1.253418e+001
8.928943e+002,1.257386e+001
8.948229e+002,1.261338e+001
8.967513e+002,1.265592e+001
8.986798e+002,1.270027e+001
9.006083e+002,1.274644e+001
9.025369e+002,1.279921e+001
9.044653e+002,1.284941e+001
9.063938e+002,1.290080e+001
9.083223e+002,1.295204e+001
9.102509e+002,1.300388e+001
9.121793e+002,1.305403e+001
9.141078e+002,1.310707e+001
9.160364e+002,1.315839e+001
9.179648e+002,1.321812e+001
9.198933e+002,1.328680e+001
9.218218e+002,1.335422e+001
9.237504e+002,1.341611e+001
9.256788e+002,1.348155e+001
9.276073e+002,1.354036e+001
9.295358e+002,1.360148e+001
9.314644e+002,1.366513e+001
9.333928e+002,1.372552e+001
9.353213e+002,1.378354e+001
9.372498e+002,1.384309e+001
9.391783e+002,1.389747e+001
9.411068e+002,1.395324e+001
9.430353e+002,1.400543e+001
9.449637e+002,1.405487e+001
9.468923e+002,1.410460e+001
9.488208e+002,1.415701e+001
9.507493e+002,1.420668e+001
9.526777e+002,1.426149e+001
9.546063e+002,1.431438e+001
9.565348e+002,1.436477e+001
9.584633e+002,1.441694e+001
9.603917e+002,1.447109e+001
9.623203e+002,1.452463e+001
9.642488e+002,1.458830e+001
9.661772e+002,1.465439e+001
9.681057e+002,1.472332e+001
9.700343e+002,1.479351e+001
9.719628e+002,1.485924e+001
9.738912e+002,1.492617e+001
9.758197e+002,1.500337e+001
9.777483e+002,1.507554e+001
9.796768e+002,1.513979e+001
9.816052e+002,1.520015e+001
9.835337e+002,1.525729e+001
9.854623e+002,1.531600e+001
9.873907e+002,1.538000e+001
9.893192e+002,1.543663e+001
9.912477e+002,1.549520e+001
9.931763e+002,1.555600e+001
9.951047e+002,1.561596e+001
9.970332e+002,1.567252e+001
9.989617e+002,1.572696e+001
1.000890e+003,1.577063e+001
1.002819e+003,1.581156e+001
1.004747e+003,1.584679e+001
1.006676e+003,1.587511e+001
1.008604e+003,1.589567e+001
1.010533e+003,1.591125e+001
1.012461e+003,1.592115e+001
1.014390e+003,1.593387e+001
1.016318e+003,1.594458e+001
1.018247e+003,1.595956e+001
1.020175e+003,1.598301e+001
1.022104e+003,1.600921e+001
1.024032e+003,1.603536e+001
1.025961e+003,1.607046e+001
1.027889e+003,1.610094e+001
1.029818e+003,1.613482e+001
1.031746e+003,1.617462e+001
1.033675e+003,1.621768e+001
1.035603e+003,1.625969e+001
1.037532e+003,1.630147e+001
1.039460e+003,1.632929e+001
1.041389e+003,1.634886e+001
1.043317e+003,1.636022e+001
1.045246e+003,1.636701e+001
1.047174e+003,1.637498e+001
1.049103e+003,1.638980e+001
1.051031e+003,1.640182e+001
1.052960e+003,1.642056e+001
1.054888e+003,1.644172e+001
1.056817e+003,1.646300e+001
1.058745e+003,1.648621e+001
1.060674e+003,1.651729e+001
1.062602e+003,1.654611e+001
1.064531e+003,1.657647e+001
1.066459e+003,1.660303e+001
1.068388e+003,1.662701e+001
1.070316e+003,1.664521e+001
1.072245e+003,1.665420e+001
1.074173e+003,1.665225e+001
1.076102e+003,1.667717e+001
1.078030e+003,1.672078e+001
1.079959e+003,1.676604e+001
1.081887e+003,1.683569e+001
1.083816e+003,1.691018e+001
1.085744e+003,1.695699e+001
1.087673e+003,1.699335e+001
1.089601e+003,1.701545e+001
1.091530e+003,1.703171e+001
1.093458e+003,1.704837e+001
1.095387e+003,1.707124e+001
1.097315e+003,1.710093e+001
1.099244e+003,1.713932e+001
1.101172e+003,1.717382e+001
1.103101e+003,1.721393e+001
1.105029e+003,1.726054e+001
1.106958e+003,1.731155e+001
1.108886e+003,1.736929e+001
1.110815e+003,1.743905e+001
1.112743e+003,1.751347e+001
1.114672e+003,1.760028e+001
1.116600e+003,1.768884e+001
1.118529e+003,1.777283e+001
1.120457e+003,1.785428e+001
1.122386e+003,1.793983e+001
1.124314e+003,1.802106e+001
1.126243e+003,1.810588e+001
1.128171e+003,1.818469e+001
1.130100e+003,1.825100e+001
1.132028e+003,1.830854e+001
1.133957e+003,1.835678e+001
1.135885e+003,1.839038e+001
1.137814e+003,1.841130e+001
1.139742e+003,1.840694e+001
1.141671e+003,1.839997e+001
1.143599e+003,1.843416e+001
1.145528e+003,1.848948e+001
1.147456e+003,1.852874e+001
1.149385e+003,1.856638e+001
1.151313e+003,1.862236e+001
1.153242e+003,1.870992e+001
1.155170e+003,1.879636e+001
1.157099e+003,1.887111e+001
1.159027e+003,1.894123e+001
1.160956e+003,1.901913e+001
1.162884e+003,1.909888e+001
1.164813e+003,1.918843e+001
1.166741e+003,1.928745e+001
1.168670e+003,1.938033e+001
1.170598e+003,1.945639e+001
1.172526e+003,1.951826e+001
1.174455e+003,1.955752e+001
1.176384e+003,1.956648e+001
1.178312e+003,1.950715e+001
1.180240e+003,1.944182e+001
1.182169e+003,1.955240e+001
1.184098e+003,1.972004e+001
1.186026e+003,1.978518e+001
1.187954e+003,1.981939e+001
1.189883e+003,1.983992e+001
1.191812e+003,1.986109e+001
1.193740e+003,1.988470e+001
1.195668e+003,1.991675e+001
1.197597e+003,1.994638e+001
1.199526e+003,1.999135e+001
1.201454e+003,2.003466e+001
1.203382e+003,2.008159e+001
1.205311e+003,2.012847e+001
1.207240e+003,2.017858e+001
1.209168e+003,2.021803e+001
1.211096e+003,2.025633e+001
1.213025e+003,2.028653e+001
1.214953e+003,2.032074e+001
1.216882e+003,2.034886e+001
1.218810e+003,2.037926e+001
1.220739e+003,2.040802e+001
1.222667e+003,2.044405e+001
1.224596e+003,2.047293e+001
1.226524e+003,2.050667e+001
1.228453e+003,2.053650e+001
1.230381e+003,2.056985e+001
1.232310e+003,2.060007e+001
1.234238e+003,2.063566e+001
1.236167e+003,2.066428e+001
1.238095e+003,2.069778e+001
1.240024e+003,2.072421e+001
1.241952e+003,2.074777e+001
1.243881e+003,2.076856e+001
1.245809e+003,2.079251e+001
1.247738e+003,2.081068e+001
1.249666e+003,2.083621e+001
1.251595e+003,2.085158e+001
1.253523e+003,2.085623e+001
1.255452e+003,2.084601e+001
1.257380e+003,2.082490e+001
1.259309e+003,2.078695e+001
1.261237e+003,2.076700e+001
1.263166e+003,2.076789e+001
1.265094e+003,2.080909e+001
1.267023e+003,2.089275e+001
1.268951e+003,2.100268e+001
1.270880e+003,2.109456e+001
1.272808e+003,2.117311e+001
1.274737e+003,2.122466e+001
1.276665e+003,2.127060e+001
1.278594e+003,2.131004e+001
1.280522e+003,2.134062e+001
1.282451e+003,2.136092e+001
1.284379e+003,2.138838e+001
1.286308e+003,2.139786e+001
1.288236e+003,2.140703e+001
1.290165e+003,2.142111e+001
1.292093e+003,2.143211e+001
1.294022e+003,2.143790e+001
1.295950e+003,2.144607e+001
1.297879e+003,2.144747e+001
1.299807e+003,2.145568e+001
1.301736e+003,2.145204e+001
1.303664e+003,2.144370e+001
1.305593e+003,2.144667e+001
1.307521e+003,2.148797e+001
1.309450e+003,2.150998e+001
1.311378e+003,2.151828e+001
1.313307e+003,2.152498e+001
1.315235e+003,2.154143e+001
1.317164e+003,2.154678e+001
1.319092e+003,2.155732e+001
1.321021e+003,2.157109e+001
1.322949e+003,2.158814e+001
1.324878e+003,2.159041e+001
1.326806e+003,2.159054e+001
1.328735e+003,2.159723e+001
1.330663e+003,2.158638e+001
1.332592e+003,2.157549e+001
1.334520e+003,2.162101e+001
1.336449e+003,2.162018e+001
1.338377e+003,2.160425e+001
1.340306e+003,2.160691e+001
1.342234e+003,2.163611e+001
1.344163e+003,2.163851e+001
1.346091e+003,2.163351e+001
1.348020e+003,2.162034e+001
1.349948e+003,2.161657e+001
1.351877e+003,2.160422e+001
1.353805e+003,2.160044e+001
1.355734e+003,2.159667e+001
1.357662e+003,2.160427e+001
1.359591e+003,2.157100e+001
1.361519e+003,2.151628e+001
1.363448e+003,2.151502e+001
1.365376e+003,2.158221e+001
1.367305e+003,2.158046e+001
1.369233e+003,2.157716e+001
1.371162e+003,2.156770e+001
1.373090e+003,2.151446e+001
1.375019e+003,2.149177e+001
1.376947e+003,2.152868e+001
1.378876e+003,2.150502e+001
1.380804e+003,2.145491e+001
1.382733e+003,2.132334e+001
1.384661e+003,2.126601e+001
1.386590e+003,2.125950e+001
1.388518e+003,2.137378e+001
1.390447e+003,2.148589e+001
1.392375e+003,2.145308e+001
1.394304e+003,2.133438e+001
1.396232e+003,2.136907e+001
1.398161e+003,2.135740e+001
1.400089e+003,2.137530e+001
1.402018e+003,2.143990e+001
1.403946e+003,2.140101e+001
1.405875e+003,2.140325e+001
1.407803e+003,2.145364e+001
1.409732e+003,2.145784e+001
1.411660e+003,2.146777e+001
1.413589e+003,2.147797e+001
1.415517e+003,2.145980e+001
1.417446e+003,2.129872e+001
1.419374e+003,2.116656e+001
1.421303e+003,2.138453e+001
1.423231e+003,2.146941e+001
1.425160e+003,2.148425e+001
1.427088e+003,2.151366e+001
1.429017e+003,2.145726e+001
1.430945e+003,2.146362e+001
1.432874e+003,2.149072e+001
1.434802e+003,2.134690e+001
1.436731e+003,2.114719e+001
1.438659e+003,2.136262e+001
1.440588e+003,2.145447e+001
1.442516e+003,2.144077e+001
1.444445e+003,2.140086e+001
1.446373e+003,2.133603e+001
1.448302e+003,2.126353e+001
1.450230e+003,2.131193e+001
1.452159e+003,2.126678e+001
1.454087e+003,2.114252e+001
1.456016e+003,2.068673e+001
1.457944e+003,2.072384e+001
1.459873e+003,2.110365e+001
1.461801e+003,2.121183e+001
1.463730e+003,2.108183e+001
1.465658e+003,2.106691e+001
1.467587e+003,2.119562e+001
1.469515e+003,2.115526e+001
1.471444e+003,2.089127e+001
1.473372e+003,2.081900e+001
1.475301e+003,2.099105e+001
1.477229e+003,2.107584e+001
1.479158e+003,2.115170e+001
1.481086e+003,2.112155e+001
1.483015e+003,2.112498e+001
1.484943e+003,2.107353e+001
1.486872e+003,2.096880e+001
1.488800e+003,2.087178e+001
1.490729e+003,2.087571e+001
1.492657e+003,2.100133e+001
1.494586e+003,2.086879e+001
1.496514e+003,2.067537e+001
1.498443e+003,2.077972e+001
1.500371e+003,2.088896e+001
1.502300e+003,2.092876e+001
1.504228e+003,2.059181e+001
1.506157e+003,2.012775e+001
1.508085e+003,2.035677e+001
1.510014e+003,2.069725e+001
1.511942e+003,2.071183e+001
1.513871e+003,2.072195e+001
1.515799e+003,2.059854e+001
1.517728e+003,2.053880e+001
1.519656e+003,2.036163e+001
1.521585e+003,2.016475e+001
1.523513e+003,2.039538e+001
1.525442e+003,2.041351e+001
1.527370e+003,2.045139e+001
1.529299e+003,2.049104e+001
1.531227e+003,2.042943e+001
1.533156e+003,2.023083e+001
1.535084e+003,2.031247e+001
1.537013e+003,2.017420e+001
1.538941e+003,1.963396e+001
1.540870e+003,1.961089e+001
1.542798e+003,1.990107e+001
1.544727e+003,2.002712e+001
1.546655e+003,2.013966e+001
1.548584e+003,2.012539e+001
1.550512e+003,2.006602e+001
1.552441e+003,1.997319e+001
1.554369e+003,1.980220e+001
1.556298e+003,1.962693e+001
1.558226e+003,1.908801e+001
1.560155e+003,1.917389e+001
1.562083e+003,1.972546e+001
1.564012e+003,1.980768e+001
1.565940e+003,1.977099e+001
1.567869e+003,1.964427e+001
1.569797e+003,1.950264e+001
1.571726e+003,1.961461e+001
1.573654e+003,1.952153e+001
1.575583e+003,1.911426e+001
1.577511e+003,1.922936e+001
1.579440e+003,1.946561e+001
1.581368e+003,1.941561e+001
1.583297e+003,1.937424e+001
1.585225e+003,1.930991e+001
1.587154e+003,1.926473e+001
1.589082e+003,1.919570e+001
1.591010e+003,1.914359e+001
1.592939e+003,1.907027e+001
1.594868e+003,1.900736e+001
1.596796e+003,1.894222e+001
1.598724e+003,1.888885e+001
1.600653e+003,1.880679e+001
1.602582e+003,1.873739e+001
1.604510e+003,1.866190e+001
1.606438e+003,1.858448e+001
1.608367e+003,1.848268e+001
1.610296e+003,1.841286e+001
1.612224e+003,1.833788e+001
1.614152e+003,1.815964e+001
1.616081e+003,1.775217e+001
1.618010e+003,1.776395e+001
1.619938e+003,1.790360e+001
1.621866e+003,1.777049e+001
1.623795e+003,1.769215e+001
1.625724e+003,1.772890e+001
1.627652e+003,1.766903e+001
1.629580e+003,1.763976e+001
1.631509e+003,1.760654e+001
1.633438e+003,1.736300e+001
1.635366e+003,1.703905e+001
1.637294e+003,1.716281e+001
1.639223e+003,1.728993e+001
1.641151e+003,1.723771e+001
1.643080e+003,1.714192e+001
1.645008e+003,1.684569e+001
1.646937e+003,1.670832e+001
1.648865e+003,1.683835e+001
1.650794e+003,1.655153e+001
1.652722e+003,1.595669e+001
1.654651e+003,1.627383e+001
1.656579e+003,1.664536e+001
1.658508e+003,1.663138e+001
1.660436e+003,1.651843e+001
1.662365e+003,1.635832e+001
1.664293e+003,1.634981e+001
1.666222e+003,1.632448e+001
1.668150e+003,1.610096e+001
1.670079e+003,1.598563e+001
1.672007e+003,1.601973e+001
1.673936e+003,1.587611e+001
1.675864e+003,1.575918e+001
1.677793e+003,1.585419e+001
1.679721e+003,1.576381e+001
1.681650e+003,1.560073e+001
1.683578e+003,1.514751e+001
1.685507e+003,1.514591e+001
1.687435e+003,1.540761e+001
1.689364e+003,1.537287e+001
1.691292e+003,1.531129e+001
1.693221e+003,1.516043e+001
1.695149e+003,1.474368e+001
1.697078e+003,1.472679e+001
1.699006e+003,1.458859e+001
1.700935e+003,1.444625e+001
1.702863e+003,1.470181e+001
1.704792e+003,1.460063e+001
1.706720e+003,1.456233e+001
1.708649e+003,1.451534e+001
1.710577e+003,1.446132e+001
1.712506e+003,1.432171e+001
1.714434e+003,1.413782e+001
1.716363e+003,1.384307e+001
1.718291e+003,1.377346e+001
1.720220e+003,1.392171e+001
1.722148e+003,1.389954e+001
1.724077e+003,1.380138e+001
1.726005e+003,1.372767e+001
1.727934e+003,1.361590e+001
1.729862e+003,1.349933e+001
1.731791e+003,1.328357e+001
1.733719e+003,1.298125e+001
1.735648e+003,1.307472e+001
1.737576e+003,1.315047e+001
1.739505e+003,1.299539e+001
1.741433e+003,1.297180e+001
1.743362e+003,1.291860e+001
1.745290e+003,1.285508e+001
1.747219e+003,1.274429e+001
1.749147e+003,1.261440e+001
1.751076e+003,1.247121e+001
1.753004e+003,1.248451e+001
1.754933e+003,1.242850e+001
1.756861e+003,1.230573e+001
1.758790e+003,1.223452e+001
1.760718e+003,1.209294e+001
1.762647e+003,1.198785e+001
1.764575e+003,1.195453e+001
1.766504e+003,1.180722e+001
1.768432e+003,1.166200e+001
1.770361e+003,1.150787e+001
1.772289e+003,1.129889e+001
1.774218e+003,1.125909e+001
1.776146e+003,1.117974e+001
1.778075e+003,1.103521e+001
1.780003e+003,1.091336e+001
1.781932e+003,1.082352e+001
1.783860e+003,1.072328e+001
1.785789e+003,1.062860e+001
1.787717e+003,1.055736e+001
1.789646e+003,1.042392e+001
1.791574e+003,1.024999e+001
1.793503e+003,1.016264e+001
1.795431e+003,1.012849e+001
1.797360e+003,1.001075e+001
1.799288e+003,9.877265e+000
1.801217e+003,9.740738e+000
1.803145e+003,9.634674e+000
1.805074e+003,9.496849e+000
1.807002e+003,9.344585e+000
1.808931e+003,9.153385e+000
1.810859e+003,8.955213e+000
1.812788e+003,8.729970e+000
1.814716e+003,8.443540e+000
1.816645e+003,8.028893e+000
1.818573e+003,7.688200e+000
1.820502e+003,7.500757e+000
1.822430e+003,7.384128e+000
1.824359e+003,7.252219e+000
1.826287e+003,7.145873e+000
1.828216e+003,7.017261e+000
1.830144e+003,6.881425e+000
1.832073e+003,6.782294e+000
1.834001e+003,6.662391e+000
1.835930e+003,6.520683e+000
1.837858e+003,6.388967e+000
1.839787e+003,6.258118e+000
1.841715e+003,6.116641e+000
1.843644e+003,5.944987e+000
1.845572e+003,5.849408e+000
1.847501e+003,5.764598e+000
1.849429e+003,5.658207e+000
1.851358e+003,5.551925e+000
1.853286e+003,5.447062e+000
1.855215e+003,5.342817e+000
1.857143e+003,5.245301e+000
1.859072e+003,5.148088e+000
1.861000e+003,5.055800e+000
1.862929e+003,4.964130e+000
1.864857e+003,4.873399e+000
1.866786e+003,4.769702e+000
1.868714e+003,4.669696e+000
1.870643e+003,4.594815e+000
1.872571e+003,4.523040e+000
1.874500e+003,4.433928e+000
1.876428e+003,4.348116e+000
1.878357e+003,4.258127e+000
1.880285e+003,4.172791e+000
1.882214e+003,4.084814e+000
1.884142e+003,4.001315e+000
1.886071e+003,3.913986e+000
1.887999e+003,3.826311e+000
1.889928e+003,3.738474e+000
1.891856e+003,3.665791e+000
1.893785e+003,3.582396e+000
1.895713e+003,3.504317e+000
1.897642e+003,3.426541e+000
1.899570e+003,3.351654e+000
1.901499e+003,3.271846e+000
1.903427e+003,3.197563e+000
1.905356e+003,3.120483e+000
1.907284e+003,3.048160e+000
1.909213e+003,2.971770e+000
1.911141e+003,2.902473e+000
1.913070e+003,2.829290e+000
1.914998e+003,2.758910e+000
1.916927e+003,2.679644e+000
1.918855e+003,2.616006e+000
1.920784e+003,2.555241e+000
1.922712e+003,2.471413e+000
1.924641e+003,2.374263e+000
1.926569e+003,2.281334e+000
1.928498e+003,2.187172e+000
1.930426e+003,2.098467e+000
1.932355e+003,2.010449e+000
1.934283e+003,1.928118e+000
1.936212e+003,1.846029e+000
1.938140e+003,1.770292e+000
1.940069e+003,1.692163e+000
1.941997e+003,1.616363e+000
1.943926e+003,1.545456e+000
1.945854e+003,1.481446e+000
1.947783e+003,1.413626e+000
1.949711e+003,1.350291e+000
1.951640e+003,1.287679e+000
1.953568e+003,1.228518e+000
1.955497e+003,1.159943e+000
1.957425e+003,1.071986e+000
1.959354e+003,9.809785e-001
1.961282e+003,9.250826e-001
1.963211e+003,8.789264e-001
1.965139e+003,8.397363e-001
1.967068e+003,8.002472e-001
1.968996e+003,7.648914e-001
1.970925e+003,7.262810e-001
1.972853e+003,6.927561e-001
1.974782e+003,6.585638e-001
1.976710e+003,6.349175e-001
1.978639e+003,6.545351e-001
1.980567e+003,7.311963e-001
1.982496e+003,7.910410e-001
1.984424e+003,8.287947e-001
1.986353e+003,8.513663e-001
1.988281e+003,8.704328e-001
1.990210e+003,8.795259e-001
1.992138e+003,8.864627e-001
1.994067e+003,8.865862e-001
1.995995e+003,8.852261e-001
1.997924e+003,8.721446e-001
1.999852e+003,8.509314e-001
2.001781e+003,8.139271e-001
2.003709e+003,7.672743e-001
2.005638e+003,7.071993e-001
2.007566e+003,6.690602e-001
2.009495e+003,6.616449e-001
2.011423e+003,6.601989e-001
2.013352e+003,6.504333e-001
2.015280e+003,6.416000e-001
2.017208e+003,6.302474e-001
2.019137e+003,6.219324e-001
2.021066e+003,6.118433e-001
2.022994e+003,6.047333e-001
2.024922e+003,5.964895e-001
2.026851e+003,5.916809e-001
2.028780e+003,5.849739e-001
2.030708e+003,5.861102e-001
2.032636e+003,5.884185e-001
2.034565e+003,6.050233e-001
2.036494e+003,6.396940e-001
2.038422e+003,6.841115e-001
2.040350e+003,7.219340e-001
2.042279e+003,7.589344e-001
2.044208e+003,7.916554e-001
2.046136e+003,8.279612e-001
2.048064e+003,8.714886e-001
2.049993e+003,9.673442e-001
2.051921e+003,1.093943e+000
2.053850e+003,1.155771e+000
2.055778e+003,1.198707e+000
2.057707e+003,1.246309e+000
2.059635e+003,1.278986e+000
2.061564e+003,1.310560e+000
2.063492e+003,1.339048e+000
2.065421e+003,1.371288e+000
2.067349e+003,1.403444e+000
2.069278e+003,1.440031e+000
2.071206e+003,1.478235e+000
2.073135e+003,1.522789e+000
2.075063e+003,1.568730e+000
2.076992e+003,1.618602e+000
2.078920e+003,1.668824e+000
2.080849e+003,1.720813e+000
2.082777e+003,1.765056e+000
2.084706e+003,1.803409e+000
2.086634e+003,1.830945e+000
2.088563e+003,1.850997e+000
2.090491e+003,1.852550e+000
2.092420e+003,1.833272e+000
2.094348e+003,1.786298e+000
2.096277e+003,1.762131e+000
2.098205e+003,1.772623e+000
2.100134e+003,1.794075e+000
2.102062e+003,1.811457e+000
2.103991e+003,1.828211e+000
2.105919e+003,1.843552e+000
2.107848e+003,1.861512e+000
2.109776e+003,1.877890e+000
2.111705e+003,1.896978e+000
2.113633e+003,1.916938e+000
2.115562e+003,1.931283e+000
2.117490e+003,1.921765e+000
2.119419e+003,1.895441e+000
2.121347e+003,1.854857e+000
2.123276e+003,1.801072e+000
2.125204e+003,1.732885e+000
2.127133e+003,1.651707e+000
2.129061e+003,1.553571e+000
2.130990e+003,1.439807e+000
2.132918e+003,1.305948e+000
2.134847e+003,1.185532e+000
2.136775e+003,1.102252e+000
2.138704e+003,1.038888e+000
2.140632e+003,9.761445e-001
2.142561e+003,9.142847e-001
2.144489e+003,8.511368e-001
2.146418e+003,7.915749e-001
2.148346e+003,7.376149e-001
2.150275e+003,6.896725e-001
2.152203e+003,6.356117e-001
2.154132e+003,5.728752e-001
2.156060e+003,4.961123e-001
2.157989e+003,4.192698e-001
2.159917e+003,4.012568e-001
2.161846e+003,4.505405e-001
2.163774e+003,4.999624e-001
2.165703e+003,5.449463e-001
2.167631e+003,5.890508e-001
2.169560e+003,6.277480e-001
2.171488e+003,6.485290e-001
2.173417e+003,6.560472e-001
2.175345e+003,6.551720e-001
2.177274e+003,6.663864e-001
2.179202e+003,6.774462e-001
2.181131e+003,6.803228e-001
2.183059e+003,6.915425e-001
2.184988e+003,7.209396e-001
2.186916e+003,7.516527e-001
2.188845e+003,7.825764e-001
2.190773e+003,8.106366e-001
2.192702e+003,8.386633e-001
2.194630e+003,8.620312e-001
2.196559e+003,8.862765e-001
2.198487e+003,9.073272e-001
2.200416e+003,9.294729e-001
2.202344e+003,9.495988e-001
2.204273e+003,9.707735e-001
2.206201e+003,9.899076e-001
2.208130e+003,1.011025e+000
2.210058e+003,1.030346e+000
2.211987e+003,1.052108e+000
2.213915e+003,1.073124e+000
2.215844e+003,1.096135e+000
2.217772e+003,1.118275e+000
2.219701e+003,1.143910e+000
2.221629e+003,1.169531e+000
2.223558e+003,1.196945e+000
2.225486e+003,1.224657e+000
2.227415e+003,1.255913e+000
2.229343e+003,1.286717e+000
2.231272e+003,1.320779e+000
2.233200e+003,1.355837e+000
2.235129e+003,1.393512e+000
2.237057e+003,1.430232e+000
2.238986e+003,1.469489e+000
2.240914e+003,1.507954e+000
2.242843e+003,1.548244e+000
2.244771e+003,1.586781e+000
2.246700e+003,1.626698e+000
2.248628e+003,1.664936e+000
2.250557e+003,1.701797e+000
2.252485e+003,1.732276e+000
2.254414e+003,1.765464e+000
2.256342e+003,1.812899e+000
2.258271e+003,1.876222e+000
2.260199e+003,1.934330e+000
2.262128e+003,1.987642e+000
2.264056e+003,2.036859e+000
2.265985e+003,2.091002e+000
2.267913e+003,2.155949e+000
2.269842e+003,2.232875e+000
2.271770e+003,2.313292e+000
2.273699e+003,2.401109e+000
2.275627e+003,2.493510e+000
2.277556e+003,2.595597e+000
2.279484e+003,2.706922e+000
2.281413e+003,2.835793e+000
2.283341e+003,2.983697e+000
2.285270e+003,3.160314e+000
2.287198e+003,3.347527e+000
2.289127e+003,3.533655e+000
2.291055e+003,3.712748e+000
2.292984e+003,3.881046e+000
2.294912e+003,4.034019e+000
2.296841e+003,4.178098e+000
2.298769e+003,4.313858e+000
2.300698e+003,4.449791e+000
2.302626e+003,4.584526e+000
2.304555e+003,4.721610e+000
2.306483e+003,4.859076e+000
2.308412e+003,5.001408e+000
2.310340e+003,5.147137e+000
2.312269e+003,5.302804e+000
2.314197e+003,5.466689e+000
2.316125e+003,5.647922e+000
2.318054e+003,5.849630e+000
2.319983e+003,6.091370e+000
2.321911e+003,6.411906e+000
2.323840e+003,6.893651e+000
2.325768e+003,7.357911e+000
2.327697e+003,7.490408e+000
2.329625e+003,7.451562e+000
2.331553e+003,7.402178e+000
2.333482e+003,7.360718e+000
2.335411e+003,7.325728e+000
2.337339e+003,7.301931e+000
2.339268e+003,7.291024e+000
2.341196e+003,7.301486e+000
2.343125e+003,7.344677e+000
2.345053e+003,7.422747e+000
2.346981e+003,7.533093e+000
2.348910e+003,7.576045e+000
2.350839e+003,7.433233e+000
2.352767e+003,7.210426e+000
2.354696e+003,7.005691e+000
2.356624e+003,6.832045e+000
2.358552e+003,6.692281e+000
2.360481e+003,6.577354e+000
2.362409e+003,6.478175e+000
2.364338e+003,6.385617e+000
2.366267e+003,6.299069e+000
2.368195e+003,6.227016e+000
2.370124e+003,6.178235e+000
2.372052e+003,6.141990e+000
2.373980e+003,6.107255e+000
2.375909e+003,6.062420e+000
2.377838e+003,6.006019e+000
2.379766e+003,5.936626e+000
2.381695e+003,5.856223e+000
2.383623e+003,5.766368e+000
2.385552e+003,5.673791e+000
2.387480e+003,5.579484e+000
2.389408e+003,5.486748e+000
2.391337e+003,5.395299e+000
2.393266e+003,5.307197e+000
2.395194e+003,5.219735e+000
2.397123e+003,5.135247e+000
2.399051e+003,5.051524e+000
2.400979e+003,4.970734e+000
2.402908e+003,4.889117e+000
2.404836e+003,4.806406e+000
2.406765e+003,4.729467e+000
2.408694e+003,4.678689e+000
2.410622e+003,4.640395e+000
2.412551e+003,4.600060e+000
2.414479e+003,4.556379e+000
2.416407e+003,4.512510e+000
2.418336e+003,4.468200e+000
2.420264e+003,4.427118e+000
2.422193e+003,4.387806e+000
2.424122e+003,4.351958e+000
2.426050e+003,4.316851e+000
2.427979e+003,4.285423e+000
2.429907e+003,4.256859e+000
2.431835e+003,4.231582e+000
2.433764e+003,4.208480e+000
2.435692e+003,4.189805e+000
2.437621e+003,4.172954e+000
2.439550e+003,4.159832e+000
2.441478e+003,4.150230e+000
2.443406e+003,4.144978e+000
2.445335e+003,4.141087e+000
2.447263e+003,4.142229e+000
2.449192e+003,4.146680e+000
2.451121e+003,4.155873e+000
2.453049e+003,4.167943e+000
2.454978e+003,4.183311e+000
2.456906e+003,4.196221e+000
2.458834e+003,4.203350e+000
2.460763e+003,4.202123e+000
2.462691e+003,4.197174e+000
2.464620e+003,4.188304e+000
2.466549e+003,4.177498e+000
2.468477e+003,4.164542e+000
2.470406e+003,4.152422e+000
2.472334e+003,4.138253e+000
2.474262e+003,4.124335e+000
2.476191e+003,4.110404e+000
2.478119e+003,4.096138e+000
2.480048e+003,4.082308e+000
2.481977e+003,4.071325e+000
2.483905e+003,4.059854e+000
2.485833e+003,4.050059e+000
2.487762e+003,4.040429e+000
2.489690e+003,4.032976e+000
2.491619e+003,4.026659e+000
2.493547e+003,4.022013e+000
2.495476e+003,4.018299e+000
2.497405e+003,4.014720e+000
2.499333e+003,4.009394e+000
2.501261e+003,4.003704e+000
2.503190e+003,3.998476e+000
2.505118e+003,3.993829e+000
2.507047e+003,3.988818e+000
2.508975e+003,3.984073e+000
2.510904e+003,3.979187e+000
2.512833e+003,3.975647e+000
2.514761e+003,3.971541e+000
2.516689e+003,3.968890e+000
2.518618e+003,3.966947e+000
2.520546e+003,3.966546e+000
2.522475e+003,3.965436e+000
2.524403e+003,3.966026e+000
2.526332e+003,3.966871e+000
2.528260e+003,3.968749e+000
2.530189e+003,3.970507e+000
2.532117e+003,3.974034e+000
2.534046e+003,3.978108e+000
2.535974e+003,3.983629e+000
2.537903e+003,3.989923e+000
2.539831e+003,3.997880e+000
2.541760e+003,4.006917e+000
2.543688e+003,4.017623e+000
2.545617e+003,4.028362e+000
2.547545e+003,4.042096e+000
2.549474e+003,4.056796e+000
2.551402e+003,4.072808e+000
2.553331e+003,4.089644e+000
2.555259e+003,4.109403e+000
2.557188e+003,4.129377e+000
2.559116e+003,4.151589e+000
2.561045e+003,4.175269e+000
2.562973e+003,4.202259e+000
2.564902e+003,4.230278e+000
2.566830e+003,4.260336e+000
2.568759e+003,4.291373e+000
2.570687e+003,4.325513e+000
2.572616e+003,4.361404e+000
2.574544e+003,4.400383e+000
2.576473e+003,4.440158e+000
2.578401e+003,4.482970e+000
2.580330e+003,4.528275e+000
2.582258e+003,4.576580e+000
2.584187e+003,4.626526e+000
2.586115e+003,4.680273e+000
2.588044e+003,4.736283e+000
2.589972e+003,4.796493e+000
2.591901e+003,4.859015e+000
2.593829e+003,4.925313e+000
2.595758e+003,4.995082e+000
2.597686e+003,5.068340e+000
2.599615e+003,5.145134e+000
2.601543e+003,5.226362e+000
2.603472e+003,5.311097e+000
2.605400e+003,5.401831e+000
2.607329e+003,5.495867e+000
2.609257e+003,5.594399e+000
2.611186e+003,5.698200e+000
2.613114e+003,5.807114e+000
2.615043e+003,5.920738e+000
2.616971e+003,6.039615e+000
2.618900e+003,6.163948e+000
2.620828e+003,6.293768e+000
2.622757e+003,6.429653e+000
2.624685e+003,6.572808e+000
2.626614e+003,6.719880e+000
2.628542e+003,6.874016e+000
2.630471e+003,7.033880e+000
2.632399e+003,7.200955e+000
2.634328e+003,7.373197e+000
2.636256e+003,7.552046e+000
2.638185e+003,7.736985e+000
2.640113e+003,7.928368e+000
2.642042e+003,8.124647e+000
2.643970e+003,8.326541e+000
2.645899e+003,8.531286e+000
2.647827e+003,8.738926e+000
2.649756e+003,8.947402e+000
2.651684e+003,9.155737e+000
2.653613e+003,9.360341e+000
2.655541e+003,9.558668e+000
2.657470e+003,9.743917e+000
2.659398e+003,9.911700e+000
2.661327e+003,1.005096e+001
2.663255e+003,1.014903e+001
2.665184e+003,1.019935e+001
2.667112e+003,1.021513e+001
2.669041e+003,1.021474e+001
2.670969e+003,1.020723e+001
2.672898e+003,1.019623e+001
2.674826e+003,1.018415e+001
2.676755e+003,1.016917e+001
2.678683e+003,1.015377e+001
2.680612e+003,1.013701e+001
2.682540e+003,1.011873e+001
2.684469e+003,1.010030e+001
2.686397e+003,1.008242e+001
2.688326e+003,1.006344e+001
2.690254e+003,1.004450e+001
2.692183e+003,1.002517e+001
2.694111e+003,1.000591e+001
2.696040e+003,9.986917e+000
2.697968e+003,9.968916e+000
2.699897e+003,9.950579e+000
2.701825e+003,9.933462e+000
2.703754e+003,9.915459e+000
2.705682e+003,9.897578e+000
2.707611e+003,9.879230e+000
2.709539e+003,9.861527e+000
2.711468e+003,9.843455e+000
2.713396e+003,9.826097e+000
2.715325e+003,9.808361e+000
2.717253e+003,9.791064e+000
2.719182e+003,9.773382e+000
2.721110e+003,9.756360e+000
2.723039e+003,9.738311e+000
2.724967e+003,9.721103e+000
2.726896e+003,9.703085e+000
2.728824e+003,9.684760e+000
2.730753e+003,9.667051e+000
2.732681e+003,9.649436e+000
2.734610e+003,9.631714e+000
2.736538e+003,9.614218e+000
2.738467e+003,9.595833e+000
2.740395e+003,9.577206e+000
2.742324e+003,9.558318e+000
2.744252e+003,9.540022e+000
2.746181e+003,9.522047e+000
2.748109e+003,9.504540e+000
2.750038e+003,9.485811e+000
2.751966e+003,9.467226e+000
2.753895e+003,9.447977e+000
2.755823e+003,9.429802e+000
2.757752e+003,9.411043e+000
2.759680e+003,9.392431e+000
2.761609e+003,9.373550e+000
2.763537e+003,9.354904e+000
2.765466e+003,9.337011e+000
2.767394e+003,9.319454e+000
2.769323e+003,9.300582e+000
2.771251e+003,9.281706e+000
2.773180e+003,9.263479e+000
2.775108e+003,9.244750e+000
2.777037e+003,9.223320e+000
2.778965e+003,9.204582e+000
2.780894e+003,9.186154e+000
2.782822e+003,9.167363e+000
2.784750e+003,9.148737e+000
2.786679e+003,9.131274e+000
2.788608e+003,9.113517e+000
2.790536e+003,9.094021e+000
2.792465e+003,9.074639e+000
2.794393e+003,9.055787e+000
2.796322e+003,9.037425e+000
2.798250e+003,9.019661e+000
2.800178e+003,8.999682e+000
2.802107e+003,8.979463e+000
2.804036e+003,8.959223e+000
2.805964e+003,8.940441e+000
2.807893e+003,8.921777e+000
2.809821e+003,8.903680e+000
2.811750e+003,8.883792e+000
2.813678e+003,8.863737e+000
2.815606e+003,8.843835e+000
2.817535e+003,8.823740e+000
2.819464e+003,8.803301e+000
2.821392e+003,8.783488e+000
2.823321e+003,8.763046e+000
2.825249e+003,8.742559e+000
2.827177e+003,8.721435e+000
2.829106e+003,8.700543e+000
2.831034e+003,8.679707e+000
2.832963e+003,8.658664e+000
2.834892e+003,8.636551e+000
2.836820e+003,8.615354e+000
2.838749e+003,8.592691e+000
2.840677e+003,8.563383e+000
2.842605e+003,8.534704e+000
2.844534e+003,8.506459e+000
2.846462e+003,8.477098e+000
2.848391e+003,8.448612e+000
2.850320e+003,8.422146e+000
2.852248e+003,8.399590e+000
2.854177e+003,8.379327e+000
2.856105e+003,8.359292e+000
2.858033e+003,8.341015e+000
2.859962e+003,8.322276e+000
2.861890e+003,8.301892e+000
2.863819e+003,8.282401e+000
2.865748e+003,8.261847e+000
2.867676e+003,8.240931e+000
2.869604e+003,8.219034e+000
2.871533e+003,8.199532e+000
2.873461e+003,8.180515e+000
2.875390e+003,8.156200e+000
2.877319e+003,8.133988e+000
2.879247e+003,8.113310e+000
2.881176e+003,8.092865e+000
2.883104e+003,8.071680e+000
2.885032e+003,8.050147e+000
2.886961e+003,8.029354e+000
2.888889e+003,8.008033e+000
2.890818e+003,7.985051e+000
2.892747e+003,7.961185e+000
2.894675e+003,7.937948e+000
2.896604e+003,7.915064e+000
2.898532e+003,7.891660e+000
2.900460e+003,7.867422e+000
2.902389e+003,7.843145e+000
2.904317e+003,7.818761e+000
2.906246e+003,7.792861e+000
2.908175e+003,7.767837e+000
2.910103e+003,7.741443e+000
2.912031e+003,7.717779e+000
2.913960e+003,7.690720e+000
2.915888e+003,7.656612e+000
2.917817e+003,7.628268e+000
2.919745e+003,7.603364e+000
2.921674e+003,7.579278e+000
2.923603e+003,7.556273e+000
2.925531e+003,7.533548e+000
2.927459e+003,7.514585e+000
2.929388e+003,7.502431e+000
2.931316e+003,7.486887e+000
2.933245e+003,7.471409e+000
2.935173e+003,7.455563e+000
2.937102e+003,7.437747e+000
2.939031e+003,7.426854e+000
2.940959e+003,7.417543e+000
2.942887e+003,7.405779e+000
2.944816e+003,7.389897e+000
2.946744e+003,7.366652e+000
2.948673e+003,7.344240e+000
2.950601e+003,7.326096e+000
2.952530e+003,7.304572e+000
2.954458e+003,7.279561e+000
2.956387e+003,7.252504e+000
2.958315e+003,7.225581e+000
2.960244e+003,7.207988e+000
2.962172e+003,7.188274e+000
2.964101e+003,7.167760e+000
2.966029e+003,7.150096e+000
2.967958e+003,7.136850e+000
2.969886e+003,7.130459e+000
2.971815e+003,7.125865e+000
2.973743e+003,7.116540e+000
2.975672e+003,7.105507e+000
2.977600e+003,7.089475e+000
2.979529e+003,7.077055e+000
2.981457e+003,7.066583e+000
2.983386e+003,7.051459e+000
2.985314e+003,7.034881e+000
2.987243e+003,7.017005e+000
2.989171e+003,6.999931e+000
2.991100e+003,6.988775e+000
2.993028e+003,6.970867e+000
2.994957e+003,6.949895e+000
2.996885e+003,6.932632e+000
2.998814e+003,6.913707e+000
3.000742e+003,6.895056e+000
3.002671e+003,6.876280e+000
3.004599e+003,6.856188e+000
3.006528e+003,6.837844e+000
3.008456e+003,6.820422e+000
3.010385e+003,6.805405e+000
3.012313e+003,6.784166e+000
3.014242e+003,6.754855e+000
3.016170e+003,6.717317e+000
3.018099e+003,6.703974e+000
3.020027e+003,6.705110e+000
3.021956e+003,6.691328e+000
3.023884e+003,6.673963e+000
3.025813e+003,6.654600e+000
3.027741e+003,6.635739e+000
3.029670e+003,6.618235e+000
3.031598e+003,6.601726e+000
3.033527e+003,6.586715e+000
3.035455e+003,6.568664e+000
3.037384e+003,6.549658e+000
3.039312e+003,6.534492e+000
3.041241e+003,6.522871e+000
3.043169e+003,6.505659e+000
3.045098e+003,6.484700e+000
3.047026e+003,6.463726e+000
3.048955e+003,6.447645e+000
3.050883e+003,6.434734e+000
3.052812e+003,6.417303e+000
3.054740e+003,6.399144e+000
3.056669e+003,6.377467e+000
3.058597e+003,6.361676e+000
3.060526e+003,6.349549e+000
3.062454e+003,6.333482e+000
3.064383e+003,6.316113e+000
3.066311e+003,6.296702e+000
3.068240e+003,6.282276e+000
3.070168e+003,6.269860e+000
3.072097e+003,6.253969e+000
3.074025e+003,6.236151e+000
3.075954e+003,6.219430e+000
3.077882e+003,6.209737e+000
3.079811e+003,6.194662e+000
3.081739e+003,6.176171e+000
3.083668e+003,6.157734e+000
3.085596e+003,6.133137e+000
3.087525e+003,6.120111e+000
3.089453e+003,6.108748e+000
3.091382e+003,6.090770e+000
3.093310e+003,6.069194e+000
3.095239e+003,6.049292e+000
3.097167e+003,6.038706e+000
3.099096e+003,6.025356e+000
3.101024e+003,6.008305e+000
3.102953e+003,5.987696e+000
3.104881e+003,5.971273e+000
3.106810e+003,5.961617e+000
3.108738e+003,5.948296e+000
3.110667e+003,5.928951e+000
3.112595e+003,5.909763e+000
3.114524e+003,5.899359e+000
3.116452e+003,5.889936e+000
3.118381e+003,5.874011e+000
3.120309e+003,5.855030e+000
3.122238e+003,5.825607e+000
3.124166e+003,5.809023e+000
3.126095e+003,5.801445e+000
3.128023e+003,5.791216e+000
3.129952e+003,5.776289e+000
3.131880e+003,5.760052e+000
3.133809e+003,5.745956e+000
3.135737e+003,5.732876e+000
3.137666e+003,5.719670e+000
3.139594e+003,5.703950e+000
3.141523e+003,5.686854e+000
3.143451e+003,5.672467e+000
3.145380e+003,5.657629e+000
3.147308e+003,5.643061e+000
3.149237e+003,5.629436e+000
3.151165e+003,5.621475e+000
3.153094e+003,5.608414e+000
3.155022e+003,5.590379e+000
3.156951e+003,5.576165e+000
3.158879e+003,5.563713e+000
3.160808e+003,5.551294e+000
3.162736e+003,5.539831e+000
3.164665e+003,5.527908e+000
3.166593e+003,5.515394e+000
3.168522e+003,5.502779e+000
3.170450e+003,5.490204e+000
3.172379e+003,5.477590e+000
3.174307e+003,5.464582e+000
3.176236e+003,5.451270e+000
3.178164e+003,5.438982e+000
3.180093e+003,5.427531e+000
3.182021e+003,5.416147e+000
3.183950e+003,5.403898e+000
3.185878e+003,5.392163e+000
3.187807e+003,5.381274e+000
3.189735e+003,5.369894e+000
3.191664e+003,5.359298e+000
3.193592e+003,5.348574e+000
3.195521e+003,5.337605e+000
3.197449e+003,5.327478e+000
3.199378e+003,5.317689e+000
3.201306e+003,5.308342e+000
3.203235e+003,5.298830e+000
3.205163e+003,5.289422e+000
3.207092e+003,5.281238e+000
3.209020e+003,5.273239e+000
3.210948e+003,5.265550e+000
3.212877e+003,5.258605e+000
3.214806e+003,5.251514e+000
3.216734e+003,5.245673e+000
3.218663e+003,5.239168e+000
3.220591e+003,5.233148e+000
3.222520e+003,5.227689e+000
3.224448e+003,5.222455e+000
3.226376e+003,5.216550e+000
3.228305e+003,5.211005e+000
3.230234e+003,5.206649e+000
3.232162e+003,5.206437e+000
3.234091e+003,5.201586e+000
3.236019e+003,5.192600e+000
3.237948e+003,5.187800e+000
3.239876e+003,5.183937e+000
3.241804e+003,5.180608e+000
3.243733e+003,5.176378e+000
3.245662e+003,5.174262e+000
3.247590e+003,5.173043e+000
3.249519e+003,5.169399e+000
3.251447e+003,5.166614e+000
3.253375e+003,5.164797e+000
3.255304e+003,5.164131e+000
3.257232e+003,5.162070e+000
3.259161e+003,5.160397e+000
3.261090e+003,5.159863e+000
3.263018e+003,5.160309e+000
3.264947e+003,5.160578e+000
3.266875e+003,5.161425e+000
3.268803e+003,5.164227e+000
3.270732e+003,5.167684e+000
3.272660e+003,5.164681e+000
3.274589e+003,5.164311e+000
3.276518e+003,5.165513e+000
3.278446e+003,5.165939e+000
3.280375e+003,5.166201e+000
3.282303e+003,5.167301e+000
3.284231e+003,5.167592e+000
3.286160e+003,5.167363e+000
3.288088e+003,5.167317e+000
3.290017e+003,5.170076e+000
3.291946e+003,5.171128e+000
3.293874e+003,5.169193e+000
3.295802e+003,5.167909e+000
3.297731e+003,5.165568e+000
3.299659e+003,5.163950e+000
3.301588e+003,5.164536e+000
3.303516e+003,5.169012e+000
3.305445e+003,5.172072e+000
3.307374e+003,5.167507e+000
3.309302e+003,5.162908e+000
3.311230e+003,5.159778e+000
3.313159e+003,5.159153e+000
3.315087e+003,5.159530e+000
3.317016e+003,5.159159e+000
3.318944e+003,5.157481e+000
3.320873e+003,5.155949e+000
3.322802e+003,5.154521e+000
3.324730e+003,5.154740e+000
3.326658e+003,5.153820e+000
3.328587e+003,5.152638e+000
3.330515e+003,5.151194e+000
3.332444e+003,5.148428e+000
3.334372e+003,5.145202e+000
3.336301e+003,5.144040e+000
3.338229e+003,5.143550e+000
3.340158e+003,5.139907e+000
3.342086e+003,5.136291e+000
3.344015e+003,5.133553e+000
3.345943e+003,5.131001e+000
3.347872e+003,5.129472e+000
3.349800e+003,5.129184e+000
3.351729e+003,5.125616e+000
3.353657e+003,5.120717e+000
3.355586e+003,5.117922e+000
3.357514e+003,5.114595e+000
3.359443e+003,5.112649e+000
3.361371e+003,5.108889e+000
3.363300e+003,5.105006e+000
3.365229e+003,5.102752e+000
3.367157e+003,5.101778e+000
3.369085e+003,5.100654e+000
3.371014e+003,5.092666e+000
3.372942e+003,5.084297e+000
3.374871e+003,5.078916e+000
3.376799e+003,5.072797e+000
3.378728e+003,5.067637e+000
3.380656e+003,5.061347e+000
3.382585e+003,5.054506e+000
3.384513e+003,5.047108e+000
3.386442e+003,5.040382e+000
3.388370e+003,5.033503e+000
3.390299e+003,5.029584e+000
3.392227e+003,5.020687e+000
3.394156e+003,5.009715e+000
3.396084e+003,5.000754e+000
3.398013e+003,4.993663e+000
3.399941e+003,4.987720e+000
3.401870e+003,4.975943e+000
3.403798e+003,4.963349e+000
3.405727e+003,4.953671e+000
3.407655e+003,4.944013e+000
3.409584e+003,4.933550e+000
3.411512e+003,4.922630e+000
3.413441e+003,4.911444e+000
3.415369e+003,4.899270e+000
3.417298e+003,4.887798e+000
3.419226e+003,4.873705e+000
3.421155e+003,4.860388e+000
3.423083e+003,4.847910e+000
3.425012e+003,4.835561e+000
3.426940e+003,4.822262e+000
3.428869e+003,4.809295e+000
3.430797e+003,4.794118e+000
3.432726e+003,4.780537e+000
3.434654e+003,4.768744e+000
3.436583e+003,4.754801e+000
3.438511e+003,4.740856e+000
3.440440e+003,4.729073e+000
3.442368e+003,4.717881e+000
3.444297e+003,4.708428e+000
3.446225e+003,4.697465e+000
3.448154e+003,4.691155e+000
3.450082e+003,4.686068e+000
3.452011e+003,4.677948e+000
3.453939e+003,4.669012e+000
3.455868e+003,4.659808e+000
3.457796e+003,4.650744e+000
3.459725e+003,4.641851e+000
3.461653e+003,4.631852e+000
3.463582e+003,4.624272e+000
3.465510e+003,4.616950e+000
3.467439e+003,4.609349e+000
3.469367e+003,4.600606e+000
3.471296e+003,4.590816e+000
3.473224e+003,4.581953e+000
3.475153e+003,4.574259e+000
3.477081e+003,4.567891e+000
3.479010e+003,4.561208e+000
3.480938e+003,4.550770e+000
3.482867e+003,4.544368e+000
3.484795e+003,4.541321e+000
3.486724e+003,4.534741e+000
3.488652e+003,4.528997e+000
3.490581e+003,4.524854e+000
3.492509e+003,4.519693e+000
3.494438e+003,4.514453e+000
3.496366e+003,4.510329e+000
3.498295e+003,4.507226e+000
3.500223e+003,4.501395e+000
3.502152e+003,4.493848e+000
3.504080e+003,4.488575e+000
3.506009e+003,4.487630e+000
3.507937e+003,4.480771e+000
3.509866e+003,4.474475e+000
3.511794e+003,4.471987e+000
3.513723e+003,4.468138e+000
3.515651e+003,4.461874e+000
3.517580e+003,4.455221e+000
3.519508e+003,4.448501e+000
3.521437e+003,4.441059e+000
3.523365e+003,4.431921e+000
3.525294e+003,4.425302e+000
3.527222e+003,4.416441e+000
3.529151e+003,4.410520e+000
3.531079e+003,4.404935e+000
3.533008e+003,4.398261e+000
3.534936e+003,4.386825e+000
3.536865e+003,4.376842e+000
3.538793e+003,4.368669e+000
3.540722e+003,4.359230e+000
3.542650e+003,4.344885e+000
3.544579e+003,4.328868e+000
3.546507e+003,4.314969e+000
3.548436e+003,4.308883e+000
3.550364e+003,4.297679e+000
3.552293e+003,4.283081e+000
3.554221e+003,4.274177e+000
3.556150e+003,4.263278e+000
3.558078e+003,4.247493e+000
3.560007e+003,4.231618e+000
3.561935e+003,4.215938e+000
3.563864e+003,4.194708e+000
3.565792e+003,4.161561e+000
3.567721e+003,4.142770e+000
3.569649e+003,4.146680e+000
3.571578e+003,4.140428e+000
3.573506e+003,4.123499e+000
3.575435e+003,4.106630e+000
3.577363e+003,4.089558e+000
3.579292e+003,4.072615e+000
3.581220e+003,4.057674e+000
3.583149e+003,4.041403e+000
3.585077e+003,4.011491e+000
3.587006e+003,3.977293e+000
3.588934e+003,3.971713e+000
3.590863e+003,3.978834e+000
3.592791e+003,3.963401e+000
3.594720e+003,3.946963e+000
3.596648e+003,3.938269e+000
3.598577e+003,3.930672e+000
3.600505e+003,3.918589e+000
3.602434e+003,3.913327e+000
3.604362e+003,3.902843e+000
3.606291e+003,3.880912e+000
3.608219e+003,3.851252e+000
3.610148e+003,3.847642e+000
3.612076e+003,3.841635e+000
3.614005e+003,3.838047e+000
3.615933e+003,3.832185e+000
3.617862e+003,3.804439e+000
3.619790e+003,3.792532e+000
3.621719e+003,3.809985e+000
3.623647e+003,3.809822e+000
3.625576e+003,3.791482e+000
3.627504e+003,3.733548e+000
3.629433e+003,3.714244e+000
3.631361e+003,3.760977e+000
3.633290e+003,3.766597e+000
3.635218e+003,3.765920e+000
3.637146e+003,3.763544e+000
3.639075e+003,3.757395e+000
3.641004e+003,3.749773e+000
3.642932e+003,3.743385e+000
3.644861e+003,3.727344e+000
3.646789e+003,3.686339e+000
3.648718e+003,3.650905e+000
3.650646e+003,3.667755e+000
3.652574e+003,3.710155e+000
3.654503e+003,3.699813e+000
3.656432e+003,3.683993e+000
3.658360e+003,3.707669e+000
3.660289e+003,3.714285e+000
3.662217e+003,3.711447e+000
3.664146e+003,3.710344e+000
3.666074e+003,3.701160e+000
3.668002e+003,3.666591e+000
3.669931e+003,3.625172e+000
3.671860e+003,3.648704e+000
3.673788e+003,3.626978e+000
3.675717e+003,3.589581e+000
3.677645e+003,3.653096e+000
3.679573e+003,3.685982e+000
3.681502e+003,3.702915e+000
3.683430e+003,3.706216e+000
3.685359e+003,3.700129e+000
3.687288e+003,3.647317e+000
3.689216e+003,3.642849e+000
3.691145e+003,3.683049e+000
3.693073e+003,3.710356e+000
3.695001e+003,3.723127e+000
3.696930e+003,3.728168e+000
3.698858e+003,3.732288e+000
3.700787e+003,3.723301e+000
3.702716e+003,3.734489e+000
3.704644e+003,3.755074e+000
3.706573e+003,3.759834e+000
3.708501e+003,3.748064e+000
3.710429e+003,3.731586e+000
3.712358e+003,3.738624e+000
3.714286e+003,3.789419e+000
3.716215e+003,3.812802e+000
3.718144e+003,3.820350e+000
3.720072e+003,3.824141e+000
3.722000e+003,3.830966e+000
3.723929e+003,3.840597e+000
3.725857e+003,3.849582e+000
3.727786e+003,3.869312e+000
3.729714e+003,3.879258e+000
3.731643e+003,3.854587e+000
3.733572e+003,3.865832e+000
3.735500e+003,3.863324e+000
3.737428e+003,3.905959e+000
3.739357e+003,3.953739e+000
3.741285e+003,3.966351e+000
3.743214e+003,3.892816e+000
3.745142e+003,3.907469e+000
3.747071e+003,3.993385e+000
3.749000e+003,3.965586e+000
3.750928e+003,3.971813e+000
3.752856e+003,4.026226e+000
3.754785e+003,4.109049e+000
3.756713e+003,4.124982e+000
3.758642e+003,4.139412e+000
3.760570e+003,4.157857e+000
3.762499e+003,4.194360e+000
3.764427e+003,4.194850e+000
3.766356e+003,4.214191e+000
3.768284e+003,4.219848e+000
3.770213e+003,4.233091e+000
3.772141e+003,4.268546e+000
3.774070e+003,4.293570e+000
3.775998e+003,4.304432e+000
3.777927e+003,4.308272e+000
3.779855e+003,4.315825e+000
3.781784e+003,4.345269e+000
3.783712e+003,4.354064e+000
3.785641e+003,4.369758e+000
3.787569e+003,4.383912e+000
3.789498e+003,4.400417e+000
3.791426e+003,4.409604e+000
3.793355e+003,4.419414e+000
3.795283e+003,4.410667e+000
3.797212e+003,4.421153e+000
3.799140e+003,4.406656e+000
3.801069e+003,4.363189e+000
3.802997e+003,4.420477e+000
3.804926e+003,4.446389e+000
3.806854e+003,4.422852e+000
3.808783e+003,4.477106e+000
3.810711e+003,4.504613e+000
3.812640e+003,4.508238e+000
3.814568e+003,4.453467e+000
3.816497e+003,4.446667e+000
3.818425e+003,4.498051e+000
3.820354e+003,4.469582e+000
3.822282e+003,4.495119e+000
3.824211e+003,4.545712e+000
3.826139e+003,4.548045e+000
3.828068e+003,4.561594e+000
3.829996e+003,4.558205e+000
3.831925e+003,4.553806e+000
3.833853e+003,4.555553e+000
3.835782e+003,4.525476e+000
3.837710e+003,4.493516e+000
3.839639e+003,4.545171e+000
3.841567e+003,4.577365e+000
3.843496e+003,4.589985e+000
3.845424e+003,4.605708e+000
3.847353e+003,4.618733e+000
3.849281e+003,4.598181e+000
3.851210e+003,4.519248e+000
3.853138e+003,4.427710e+000
3.855067e+003,4.504987e+000
3.856995e+003,4.607950e+000
3.858924e+003,4.624509e+000
3.860852e+003,4.611737e+000
3.862781e+003,4.597575e+000
3.864709e+003,4.586277e+000
3.866638e+003,4.606664e+000
3.868566e+003,4.573475e+000
3.870495e+003,4.568013e+000
3.872423e+003,4.609236e+000
3.874352e+003,4.610075e+000
3.876280e+003,4.630852e+000
3.878209e+003,4.619935e+000
3.880137e+003,4.601793e+000
3.882066e+003,4.614721e+000
3.883994e+003,4.598095e+000
3.885923e+003,4.581948e+000
3.887851e+003,4.621815e+000
3.889780e+003,4.604573e+000
3.891708e+003,4.595590e+000
3.893637e+003,4.620186e+000
3.895565e+003,4.627403e+000
3.897494e+003,4.606568e+000
3.899422e+003,4.582293e+000
3.901351e+003,4.573850e+000
3.903279e+003,4.569495e+000
3.905208e+003,4.588793e+000
3.907136e+003,4.614436e+000
3.909065e+003,4.618293e+000
3.910993e+003,4.615684e+000
3.912922e+003,4.612023e+000
3.914850e+003,4.601665e+000
3.916779e+003,4.586302e+000
3.918707e+003,4.588573e+000
3.920636e+003,4.592319e+000
3.922564e+003,4.592042e+000
3.924493e+003,4.583416e+000
3.926421e+003,4.586645e+000
3.928350e+003,4.583633e+000
3.930278e+003,4.574522e+000
3.932207e+003,4.566810e+000
3.934135e+003,4.572068e+000
3.936064e+003,4.572748e+000
3.937992e+003,4.568994e+000
3.939921e+003,4.562661e+000
3.941849e+003,4.551654e+000
3.943778e+003,4.549266e+000
3.945706e+003,4.547799e+000
3.947635e+003,4.538572e+000
3.949563e+003,4.534939e+000
3.951492e+003,4.532807e+000
3.953420e+003,4.530134e+000
3.955349e+003,4.524701e+000
3.957277e+003,4.519087e+000
3.959206e+003,4.512668e+000
3.961134e+003,4.506279e+000
3.963063e+003,4.500963e+000
3.964991e+003,4.496660e+000
3.966920e+003,4.489883e+000
3.968848e+003,4.482962e+000
3.970777e+003,4.476135e+000
3.972705e+003,4.469679e+000
3.974634e+003,4.462934e+000
3.976562e+003,4.457811e+000
3.978491e+003,4.451769e+000
3.980419e+003,4.444837e+000
3.982348e+003,4.437334e+000
3.984276e+003,4.431526e+000
3.986205e+003,4.424470e+000
3.988133e+003,4.417089e+000
3.990062e+003,4.408872e+000
3.991990e+003,4.402393e+000
3.993919e+003,4.394714e+000
3.995847e+003,4.387896e+000
3.997776e+003,4.380752e+000
3.999704e+003,4.373098e+000
4.001633e+003,0.000000e+000
