3.991989e+002,-2.350222e-003
4.011274e+002,6.107033e-005
4.030559e+002,-9.655452e-004
4.049844e+002,-1.808411e-004
4.069129e+002,-1.418237e-003
4.088414e+002,7.242842e-004
4.107699e+002,6.390623e-004
4.126984e+002,1.480464e-003
4.146269e+002,1.162372e-003
4.165554e+002,1.901112e-003
4.184839e+002,9.458131e-004
4.204124e+002,2.709588e-003
4.223409e+002,-8.529267e-004
4.242694e+002,-7.579090e-004
4.261979e+002,-4.482709e-004
4.281264e+002,2.107060e-003
4.300549e+002,2.178318e-003
4.319834e+002,1.921779e-003
4.339119e+002,2.244748e-004
4.358404e+002,5.347812e-004
4.377689e+002,-3.806096e-004
4.396974e+002,-8.326880e-004
4.416259e+002,3.495782e-005
4.435544e+002,1.678829e-003
4.454829e+002,2.771221e-004
4.474114e+002,5.791382e-004
4.493399e+002,5.485158e-004
4.512684e+002,6.628219e-004
4.531969e+002,-1.481833e-004
4.551254e+002,-2.541300e-004
4.570539e+002,2.148280e-004
4.589824e+002,7.181110e-004
4.609109e+002,-4.013659e-004
4.628394e+002,4.754354e-004
4.647679e+002,1.528411e-004
4.666964e+002,6.958419e-004
4.686249e+002,1.281027e-003
4.705533e+002,1.504602e-003
4.724819e+002,9.373788e-004
4.744103e+002,7.666691e-004
4.763389e+002,9.024811e-004
4.782673e+002,1.056969e-003
4.801959e+002,1.179588e-005
4.821243e+002,1.659007e-004
4.840529e+002,4.173912e-004
4.859813e+002,1.171442e-003
4.879099e+002,1.338954e-003
4.898383e+002,1.352814e-003
4.917668e+002,3.734818e-004
4.936953e+002,6.135787e-004
4.956238e+002,1.374617e-004
4.975523e+002,9.460799e-005
4.994808e+002,2.158225e-004
5.014093e+002,8.221706e-004
5.033378e+002,7.370291e-004
5.052663e+002,9.917731e-004
5.071948e+002,3.818720e-004
5.091233e+002,6.007378e-004
5.110518e+002,6.354786e-004
5.129803e+002,8.505880e-004
5.149088e+002,5.546534e-004
5.168373e+002,9.743383e-004
5.187658e+002,5.009110e-004
5.206943e+002,8.702422e-004
5.226228e+002,9.501632e-004
5.245513e+002,1.189117e-003
5.264798e+002,8.283784e-004
5.284083e+002,8.501896e-004
5.303368e+002,3.299747e-004
5.322653e+002,4.819700e-004
5.341938e+002,5.012427e-004
5.361223e+002,8.174899e-004
5.380508e+002,5.201182e-004
5.399792e+002,5.885278e-004
5.419078e+002,3.036802e-004
5.438363e+002,3.980227e-004
5.457648e+002,2.773874e-004
5.476932e+002,6.357772e-004
5.496218e+002,4.895330e-004
5.515503e+002,7.619557e-004
5.534788e+002,6.146736e-004
5.554072e+002,6.307003e-004
5.573358e+002,1.938442e-004
5.592643e+002,6.592379e-004
5.611927e+002,5.324258e-004
5.631212e+002,7.400494e-004
5.650497e+002,6.154368e-004
5.669783e+002,8.610790e-004
5.689067e+002,7.785853e-004
5.708352e+002,1.059261e-003
5.727637e+002,6.781866e-004
5.746923e+002,6.981982e-004
5.766207e+002,3.637984e-004
5.785492e+002,6.033922e-004
5.804777e+002,9.627155e-004
5.824063e+002,8.126100e-004
5.843347e+002,4.941439e-004
5.862632e+002,7.811412e-004
5.881917e+002,7.161528e-004
5.901202e+002,7.299928e-004
5.920487e+002,4.090003e-004
5.939772e+002,6.011692e-004
5.959057e+002,3.871781e-004
5.978342e+002,4.127480e-004
5.997627e+002,5.395915e-004
6.016912e+002,7.337764e-004
6.036197e+002,7.054330e-004
6.055482e+002,7.832324e-004
6.074767e+002,5.807640e-004
6.094052e+002,7.722786e-004
6.113337e+002,6.648793e-004
6.132622e+002,6.241303e-004
6.151907e+002,4.423659e-004
6.171192e+002,5.723036e-004
6.190477e+002,7.039064e-004
6.209762e+002,8.232329e-004
6.229047e+002,4.562965e-004
6.248332e+002,6.829986e-004
6.267617e+002,8.261210e-004
6.286902e+002,8.322957e-004
6.306187e+002,6.079047e-004
6.325472e+002,6.344831e-004
6.344756e+002,4.660815e-004
6.364042e+002,8.307687e-004
6.383326e+002,7.656069e-004
6.402612e+002,8.599170e-004
6.421896e+002,8.512520e-004
6.441182e+002,8.653950e-004
6.460466e+002,7.867178e-004
6.479752e+002,8.033152e-004
6.499036e+002,6.281121e-004
6.518322e+002,7.992986e-004
6.537606e+002,7.807097e-004
6.556891e+002,8.809661e-004
6.576177e+002,6.622909e-004
6.595461e+002,6.311317e-004
6.614746e+002,5.147108e-004
6.634031e+002,6.459312e-004
6.653317e+002,6.485527e-004
6.672601e+002,8.554351e-004
6.691886e+002,7.600969e-004
6.711171e+002,7.097807e-004
6.730457e+002,5.177296e-004
6.749741e+002,6.864832e-004
6.769026e+002,6.088338e-004
6.788311e+002,6.325585e-004
6.807596e+002,6.529330e-004
6.826881e+002,7.635821e-004
6.846166e+002,6.813725e-004
6.865451e+002,9.044733e-004
6.884736e+002,7.854564e-004
6.904021e+002,7.209653e-004
6.923306e+002,5.136825e-004
6.942591e+002,4.789183e-004
6.961876e+002,6.031931e-004
6.981161e+002,9.445845e-004
7.000446e+002,7.601634e-004
7.019731e+002,6.548908e-004
7.039016e+002,6.006715e-004
7.058301e+002,7.773572e-004
7.077585e+002,7.149581e-004
7.096871e+002,6.989614e-004
7.116156e+002,6.673018e-004
7.135441e+002,7.866846e-004
7.154725e+002,7.338428e-004
7.174011e+002,7.821039e-004
7.193296e+002,7.439659e-004
7.212581e+002,8.657270e-004
7.231865e+002,7.390869e-004
7.251151e+002,8.435498e-004
7.270436e+002,9.128738e-004
7.289720e+002,1.067332e-003
7.309005e+002,1.013393e-003
7.328290e+002,9.585313e-004
7.347576e+002,8.096223e-004
7.366860e+002,7.612919e-004
7.386145e+002,7.102785e-004
7.405430e+002,7.433685e-004
7.424716e+002,6.191198e-004
7.444000e+002,8.266190e-004
7.463285e+002,7.393856e-004
7.482570e+002,7.673329e-004
7.501855e+002,8.124772e-004
7.521140e+002,8.421223e-004
7.540425e+002,6.908306e-004
7.559710e+002,7.548527e-004
7.578995e+002,6.711181e-004
7.598280e+002,6.747353e-004
7.617565e+002,6.973020e-004
7.636850e+002,9.101843e-004
7.656135e+002,8.562318e-004
7.675420e+002,9.042409e-004
7.694705e+002,8.015558e-004
7.713990e+002,8.465045e-004
7.733275e+002,7.296277e-004
7.752560e+002,6.804101e-004
7.771844e+002,6.525679e-004
7.791130e+002,7.599642e-004
7.810415e+002,7.568441e-004
7.829700e+002,8.643990e-004
7.848984e+002,8.728319e-004
7.868270e+002,8.695119e-004
7.887555e+002,8.198468e-004
7.906840e+002,9.017839e-004
7.926124e+002,8.496252e-004
7.945410e+002,8.455086e-004
7.964695e+002,8.729979e-004
7.983979e+002,9.160946e-004
8.003264e+002,8.237640e-004
8.022549e+002,8.946785e-004
8.041835e+002,9.049714e-004
8.061119e+002,9.521556e-004
8.080404e+002,7.654077e-004
8.099689e+002,9.042409e-004
8.118975e+002,8.760192e-004
8.138259e+002,8.460397e-004
8.157545e+002,7.722454e-004
8.176830e+002,8.852824e-004
8.196115e+002,8.861124e-004
8.215399e+002,9.262219e-004
8.234684e+002,7.414434e-004
8.253970e+002,8.616766e-004
8.273254e+002,8.651958e-004
8.292539e+002,8.270837e-004
8.311824e+002,8.405952e-004
8.331110e+002,8.656274e-004
8.350394e+002,8.401304e-004
8.369679e+002,9.355193e-004
8.388964e+002,9.521556e-004
8.408250e+002,9.879872e-004
8.427534e+002,8.721015e-004
8.446819e+002,8.702422e-004
8.466104e+002,8.354827e-004
8.485389e+002,9.108484e-004
8.504674e+002,9.553767e-004
8.523959e+002,9.760651e-004
8.543244e+002,8.364454e-004
8.562529e+002,9.285130e-004
8.581814e+002,8.798373e-004
8.601099e+002,9.373124e-004
8.620384e+002,9.558416e-004
8.639669e+002,1.050990e-003
8.658954e+002,9.237648e-004
8.678239e+002,8.642994e-004
8.697524e+002,8.055725e-004
8.716809e+002,8.981980e-004
8.736094e+002,8.702754e-004
8.755378e+002,9.609887e-004
8.774664e+002,8.951765e-004
8.793949e+002,8.630710e-004
8.813234e+002,8.594854e-004
8.832518e+002,1.014190e-003
8.851804e+002,9.214404e-004
8.871089e+002,8.330925e-004
8.890374e+002,7.167835e-004
8.909658e+002,8.299055e-004
8.928943e+002,8.351507e-004
8.948229e+002,8.850167e-004
8.967513e+002,7.767597e-004
8.986798e+002,7.593999e-004
9.006083e+002,7.960455e-004
9.025369e+002,8.556343e-004
9.044653e+002,8.250587e-004
9.063938e+002,9.221378e-004
9.083223e+002,7.871161e-004
9.102509e+002,8.054729e-004
9.121793e+002,7.609599e-004
9.141078e+002,8.281461e-004
9.160364e+002,8.707403e-004
9.179648e+002,8.736619e-004
9.198933e+002,7.766269e-004
9.218218e+002,8.950437e-004
9.237504e+002,8.401304e-004
9.256788e+002,8.545055e-004
9.276073e+002,7.891410e-004
9.295358e+002,7.900705e-004
9.314644e+002,7.726437e-004
9.333928e+002,7.762286e-004
9.353213e+002,8.250587e-004
9.372498e+002,9.078268e-004
9.391783e+002,8.873076e-004
9.411068e+002,8.490277e-004
9.430353e+002,7.651754e-004
9.449637e+002,8.627058e-004
9.468923e+002,8.322293e-004
9.488208e+002,8.018546e-004
9.507493e+002,7.762950e-004
9.526777e+002,8.383378e-004
9.546063e+002,8.198136e-004
9.565348e+002,8.462722e-004
9.584633e+002,8.600166e-004
9.603917e+002,8.493264e-004
9.623203e+002,8.154317e-004
9.642488e+002,8.249259e-004
9.661772e+002,8.137387e-004
9.681057e+002,8.327273e-004
9.700343e+002,7.715815e-004
9.719628e+002,7.490109e-004
9.738912e+002,7.594995e-004
9.758197e+002,8.052737e-004
9.777483e+002,7.753656e-004
9.796768e+002,8.046430e-004
9.816052e+002,7.394520e-004
9.835337e+002,7.792824e-004
9.854623e+002,7.964770e-004
9.873907e+002,8.422883e-004
9.893192e+002,8.174235e-004
9.912477e+002,8.504552e-004
9.931763e+002,8.154317e-004
9.951047e+002,8.472349e-004
9.970332e+002,7.950828e-004
9.989617e+002,8.569955e-004
1.000890e+003,8.307687e-004
1.002819e+003,8.102531e-004
1.004747e+003,7.992322e-004
1.006676e+003,8.579915e-004
1.008604e+003,8.109502e-004
1.010533e+003,7.997633e-004
1.012461e+003,8.027509e-004
1.014390e+003,8.858800e-004
1.016318e+003,8.493596e-004
1.018247e+003,8.293079e-004
1.020175e+003,7.680631e-004
1.022104e+003,7.680299e-004
1.024032e+003,7.627191e-004
1.025961e+003,8.530447e-004
1.027889e+003,8.104854e-004
1.029818e+003,7.891410e-004
1.031746e+003,7.833320e-004
1.033675e+003,8.186518e-004
1.035603e+003,7.925600e-004
1.037532e+003,8.358811e-004
1.039460e+003,7.837968e-004
1.041389e+003,8.137055e-004
1.043317e+003,8.035807e-004
1.045246e+003,8.221374e-004
1.047174e+003,8.301379e-004
1.049103e+003,8.626394e-004
1.051031e+003,8.261210e-004
1.052960e+003,8.315322e-004
1.054888e+003,7.691253e-004
1.056817e+003,7.767929e-004
1.058745e+003,7.478824e-004
1.060674e+003,7.732080e-004
1.062602e+003,7.766269e-004
1.064531e+003,8.642994e-004
1.066459e+003,8.090580e-004
1.068388e+003,7.589021e-004
1.070316e+003,7.690589e-004
1.072245e+003,8.054065e-004
1.074173e+003,7.797471e-004
1.076102e+003,8.032488e-004
1.078030e+003,8.150665e-004
1.079959e+003,8.418899e-004
1.081887e+003,8.344868e-004
1.083816e+003,8.492268e-004
1.085744e+003,7.880456e-004
1.087673e+003,8.123444e-004
1.089601e+003,8.323953e-004
1.091530e+003,8.063360e-004
1.093458e+003,7.728761e-004
1.095387e+003,8.074978e-004
1.097315e+003,7.817719e-004
1.099244e+003,8.046430e-004
1.101172e+003,8.018546e-004
1.103101e+003,8.137719e-004
1.105029e+003,8.211747e-004
1.106958e+003,8.083277e-004
1.108886e+003,7.667686e-004
1.110815e+003,7.735068e-004
1.112743e+003,7.814068e-004
1.114672e+003,7.850913e-004
1.116600e+003,7.766933e-004
1.118529e+003,7.712165e-004
1.120457e+003,7.457914e-004
1.122386e+003,7.865187e-004
1.124314e+003,7.398170e-004
1.126243e+003,6.921581e-004
1.128171e+003,7.013509e-004
1.130100e+003,7.453931e-004
1.132028e+003,7.778883e-004
1.133957e+003,7.915310e-004
1.135885e+003,7.569105e-004
1.137814e+003,7.392197e-004
1.139742e+003,7.834648e-004
1.141671e+003,8.074646e-004
1.143599e+003,7.498739e-004
1.145528e+003,7.677644e-004
1.147456e+003,7.470858e-004
1.149385e+003,8.149669e-004
1.151313e+003,8.055061e-004
1.153242e+003,8.107842e-004
1.155170e+003,7.927592e-004
1.157099e+003,8.106182e-004
1.159027e+003,7.802118e-004
1.160956e+003,7.672001e-004
1.162884e+003,7.561471e-004
1.164813e+003,8.206767e-004
1.166741e+003,8.150002e-004
1.168670e+003,8.066680e-004
1.170598e+003,7.839627e-004
1.172526e+003,7.763614e-004
1.174455e+003,7.929252e-004
1.176384e+003,8.116805e-004
1.178312e+003,8.090912e-004
1.180240e+003,8.303039e-004
1.182169e+003,7.999293e-004
1.184098e+003,7.900040e-004
1.186026e+003,7.546867e-004
1.187954e+003,7.599642e-004
1.189883e+003,7.949501e-004
1.191812e+003,8.351175e-004
1.193740e+003,8.310342e-004
1.195668e+003,8.461062e-004
1.197597e+003,8.164276e-004
1.199526e+003,8.279137e-004
1.201454e+003,8.270837e-004
1.203382e+003,8.359475e-004
1.205311e+003,8.249591e-004
1.207240e+003,8.467369e-004
1.209168e+003,8.237640e-004
1.211096e+003,7.919293e-004
1.213025e+003,7.720795e-004
1.214953e+003,8.120789e-004
1.216882e+003,8.076306e-004
1.218810e+003,8.094564e-004
1.220739e+003,8.086597e-004
1.222667e+003,8.618758e-004
1.224596e+003,8.754547e-004
1.226524e+003,9.084245e-004
1.228453e+003,8.684494e-004
1.230381e+003,8.647974e-004
1.232310e+003,8.172243e-004
1.234238e+003,8.024853e-004
1.236167e+003,8.396325e-004
1.238095e+003,9.253586e-004
1.240024e+003,9.276497e-004
1.241952e+003,8.573938e-004
1.243881e+003,8.297063e-004
1.245809e+003,8.634030e-004
1.247738e+003,8.432843e-004
1.249666e+003,8.160292e-004
1.251595e+003,8.342544e-004
1.253523e+003,8.833234e-004
1.255452e+003,8.440810e-004
1.257380e+003,8.603818e-004
1.259309e+003,8.381053e-004
1.261237e+003,8.724667e-004
1.263166e+003,8.964382e-004
1.265094e+003,8.880049e-004
1.267023e+003,8.681174e-004
1.268951e+003,8.325945e-004
1.270880e+003,8.257559e-004
1.272808e+003,8.562318e-004
1.274737e+003,8.443798e-004
1.276665e+003,8.521483e-004
1.278594e+003,8.323289e-004
1.280522e+003,8.340220e-004
1.282451e+003,8.379726e-004
1.284379e+003,8.313330e-004
1.286308e+003,8.187181e-004
1.288236e+003,8.529119e-004
1.290165e+003,8.546715e-004
1.292093e+003,8.190833e-004
1.294022e+003,8.289760e-004
1.295950e+003,8.612118e-004
1.297879e+003,8.645318e-004
1.299807e+003,8.799701e-004
1.301736e+003,9.129402e-004
1.303664e+003,9.061667e-004
1.305593e+003,8.512520e-004
1.307521e+003,8.820286e-004
1.309450e+003,8.928856e-004
1.311378e+003,8.992272e-004
1.313307e+003,9.165594e-004
1.315235e+003,9.137371e-004
1.317164e+003,8.988288e-004
1.319092e+003,9.066315e-004
1.321021e+003,9.209756e-004
1.322949e+003,9.106823e-004
1.324878e+003,8.435167e-004
1.326806e+003,8.093568e-004
1.328735e+003,8.189505e-004
1.330663e+003,8.700431e-004
1.332592e+003,9.058678e-004
1.334520e+003,9.002897e-004
1.336449e+003,8.960066e-004
1.338377e+003,9.135379e-004
1.340306e+003,9.405334e-004
1.342234e+003,9.352869e-004
1.344163e+003,9.086569e-004
1.346091e+003,9.102839e-004
1.348020e+003,9.022487e-004
1.349948e+003,9.223369e-004
1.351877e+003,9.130398e-004
1.353805e+003,9.267864e-004
1.355734e+003,9.088893e-004
1.357662e+003,9.364823e-004
1.359591e+003,9.065651e-004
1.361519e+003,9.337594e-004
1.363448e+003,9.331949e-004
1.365376e+003,9.458796e-004
1.367305e+003,9.341247e-004
1.369233e+003,9.227354e-004
1.371162e+003,9.076608e-004
1.373090e+003,9.072292e-004
1.375019e+003,9.037760e-004
1.376947e+003,9.173231e-004
1.378876e+003,9.300404e-004
1.380804e+003,9.453815e-004
1.382733e+003,9.242960e-004
1.384661e+003,9.266536e-004
1.386590e+003,9.178212e-004
1.388518e+003,9.124753e-004
1.390447e+003,9.290775e-004
1.392375e+003,9.749028e-004
1.394304e+003,9.744047e-004
1.396232e+003,9.710839e-004
1.398161e+003,9.509934e-004
1.400089e+003,9.420941e-004
1.402018e+003,8.613114e-004
1.403946e+003,8.294408e-004
1.405875e+003,8.358147e-004
1.407803e+003,8.854815e-004
1.409732e+003,8.877061e-004
1.411660e+003,8.951101e-004
1.413589e+003,9.031784e-004
1.415517e+003,9.235323e-004
1.417446e+003,9.259562e-004
1.419374e+003,9.475399e-004
1.421303e+003,9.003893e-004
1.423231e+003,8.938152e-004
1.425160e+003,8.964714e-004
1.427088e+003,9.084245e-004
1.429017e+003,8.928856e-004
1.430945e+003,8.807337e-004
1.432874e+003,8.610790e-004
1.434802e+003,9.319996e-004
1.436731e+003,9.576015e-004
1.438659e+003,9.108151e-004
1.440588e+003,8.801693e-004
1.442516e+003,8.875401e-004
1.444445e+003,8.936824e-004
1.446373e+003,9.374120e-004
1.448302e+003,9.693570e-004
1.450230e+003,9.669993e-004
1.452159e+003,9.309038e-004
1.454087e+003,9.433227e-004
1.456016e+003,9.878543e-004
1.457944e+003,9.734749e-004
1.459873e+003,9.043737e-004
1.461801e+003,9.065983e-004
1.463730e+003,9.415960e-004
1.465658e+003,9.716152e-004
1.467587e+003,9.699548e-004
1.469515e+003,9.589631e-004
1.471444e+003,9.781573e-004
1.473372e+003,9.785226e-004
1.475301e+003,9.886846e-004
1.477229e+003,9.801498e-004
1.479158e+003,9.122097e-004
1.481086e+003,9.622506e-004
1.483015e+003,9.608227e-004
1.484943e+003,9.657042e-004
1.486872e+003,1.023191e-003
1.488800e+003,1.058563e-003
1.490729e+003,1.013725e-003
1.492657e+003,9.390723e-004
1.494586e+003,9.535171e-004
1.496514e+003,1.010770e-003
1.498443e+003,9.631140e-004
1.500371e+003,9.751021e-004
1.502300e+003,1.015485e-003
1.504228e+003,1.012198e-003
1.506157e+003,9.966550e-004
1.508085e+003,9.845998e-004
1.510014e+003,9.394708e-004
1.511942e+003,9.301401e-004
1.513871e+003,9.405666e-004
1.515799e+003,9.884521e-004
1.517728e+003,9.929687e-004
1.519656e+003,1.030066e-003
1.521585e+003,1.025383e-003
1.523513e+003,9.720801e-004
1.525442e+003,1.009574e-003
1.527370e+003,9.646415e-004
1.529299e+003,9.516907e-004
1.531227e+003,1.029634e-003
1.533156e+003,1.046108e-003
1.535084e+003,1.033952e-003
1.537013e+003,1.068793e-003
1.538941e+003,1.129449e-003
1.540870e+003,1.081283e-003
1.542798e+003,1.016814e-003
1.544727e+003,1.003330e-003
1.546655e+003,1.002500e-003
1.548584e+003,9.851311e-004
1.550512e+003,1.031494e-003
1.552441e+003,1.063778e-003
1.554369e+003,1.069657e-003
1.556298e+003,1.042986e-003
1.558226e+003,1.069823e-003
1.560155e+003,1.055607e-003
1.562083e+003,1.014921e-003
1.564012e+003,9.887842e-004
1.565940e+003,9.988800e-004
1.567869e+003,1.016880e-003
1.569797e+003,1.032855e-003
1.571726e+003,1.040893e-003
1.573654e+003,1.065140e-003
1.575583e+003,1.068926e-003
1.577511e+003,1.028837e-003
1.579440e+003,1.026213e-003
1.581368e+003,1.033453e-003
1.583297e+003,1.036974e-003
1.585225e+003,1.067863e-003
1.587154e+003,1.088358e-003
1.589082e+003,1.070886e-003
1.591010e+003,1.084173e-003
1.592939e+003,1.112507e-003
1.594868e+003,1.098423e-003
1.596796e+003,1.094038e-003
1.598724e+003,1.086465e-003
1.600653e+003,1.075968e-003
1.602582e+003,1.109352e-003
1.604510e+003,1.098788e-003
1.606438e+003,1.085069e-003
1.608367e+003,1.092975e-003
1.610296e+003,1.105266e-003
1.612224e+003,1.157522e-003
1.614152e+003,1.195530e-003
1.616081e+003,1.235103e-003
1.618010e+003,1.180047e-003
1.619938e+003,1.133436e-003
1.621866e+003,1.152804e-003
1.623795e+003,1.135828e-003
1.625724e+003,1.131808e-003
1.627652e+003,1.185795e-003
1.629580e+003,1.181741e-003
1.631509e+003,1.135396e-003
1.633438e+003,1.156824e-003
1.635366e+003,1.221081e-003
1.637294e+003,1.175329e-003
1.639223e+003,1.086332e-003
1.641151e+003,1.064243e-003
1.643080e+003,1.087893e-003
1.645008e+003,1.175927e-003
1.646937e+003,1.212209e-003
1.648865e+003,1.174233e-003
1.650794e+003,1.205099e-003
1.652722e+003,1.275843e-003
1.654651e+003,1.203471e-003
1.656579e+003,1.146890e-003
1.658508e+003,1.172572e-003
1.660436e+003,1.232013e-003
1.662365e+003,1.235668e-003
1.664293e+003,1.222277e-003
1.666222e+003,1.213040e-003
1.668150e+003,1.180213e-003
1.670079e+003,1.187523e-003
1.672007e+003,1.176093e-003
1.673936e+003,1.175994e-003
1.675864e+003,1.218323e-003
1.677793e+003,1.219220e-003
1.679721e+003,1.180213e-003
1.681650e+003,1.190380e-003
1.683578e+003,1.298308e-003
1.685507e+003,1.279033e-003
1.687435e+003,1.203437e-003
1.689364e+003,1.166492e-003
1.691292e+003,1.176193e-003
1.693221e+003,1.189416e-003
1.695149e+003,1.250986e-003
1.697078e+003,1.293921e-003
1.699006e+003,1.334201e-003
1.700935e+003,1.265309e-003
1.702863e+003,1.185263e-003
1.704792e+003,1.206993e-003
1.706720e+003,1.174299e-003
1.708649e+003,1.224769e-003
1.710577e+003,1.320575e-003
1.712506e+003,1.347031e-003
1.714434e+003,1.299671e-003
1.716363e+003,1.269296e-003
1.718291e+003,1.202208e-003
1.720220e+003,1.140014e-003
1.722148e+003,1.140977e-003
1.724077e+003,1.203338e-003
1.726005e+003,1.252282e-003
1.727934e+003,1.270027e-003
1.729862e+003,1.248793e-003
1.731791e+003,1.255074e-003
1.733719e+003,1.274414e-003
1.735648e+003,1.255273e-003
1.737576e+003,1.213272e-003
1.739505e+003,1.255904e-003
1.741433e+003,1.292525e-003
1.743362e+003,1.332639e-003
1.745290e+003,1.293755e-003
1.747219e+003,1.290664e-003
1.749147e+003,1.379770e-003
1.751076e+003,1.399216e-003
1.753004e+003,1.303592e-003
1.754933e+003,1.358198e-003
1.756861e+003,1.377211e-003
1.758790e+003,1.308876e-003
1.760718e+003,1.317617e-003
1.762647e+003,1.335763e-003
1.764575e+003,1.369067e-003
1.766504e+003,1.413909e-003
1.768432e+003,1.390607e-003
1.770361e+003,1.372059e-003
1.772289e+003,1.397587e-003
1.774218e+003,1.378840e-003
1.776146e+003,1.342178e-003
1.778075e+003,1.401443e-003
1.780003e+003,1.452970e-003
1.781932e+003,1.432026e-003
1.783860e+003,1.400944e-003
1.785789e+003,1.447850e-003
1.787717e+003,1.462677e-003
1.789646e+003,1.469327e-003
1.791574e+003,1.562825e-003
1.793503e+003,1.619826e-003
1.795431e+003,1.601800e-003
1.797360e+003,1.587666e-003
1.799288e+003,1.619626e-003
1.801217e+003,1.653750e-003
1.803145e+003,1.628306e-003
1.805074e+003,1.672276e-003
1.807002e+003,1.720609e-003
1.808931e+003,1.778628e-003
1.810859e+003,1.798091e-003
1.812788e+003,1.847302e-003
1.814716e+003,1.809503e-003
1.816645e+003,1.875854e-003
1.818573e+003,2.071236e-003
1.820502e+003,2.125839e-003
1.822430e+003,2.047200e-003
1.824359e+003,2.015142e-003
1.826287e+003,2.053059e-003
1.828216e+003,2.191006e-003
1.830144e+003,2.138925e-003
1.832073e+003,2.157472e-003
1.834001e+003,2.159037e-003
1.835930e+003,2.066242e-003
1.837858e+003,1.992906e-003
1.839787e+003,1.930399e-003
1.841715e+003,1.822713e-003
1.843644e+003,1.745891e-003
1.845572e+003,1.807307e-003
1.847501e+003,1.928002e-003
1.849429e+003,2.010415e-003
1.851358e+003,2.105063e-003
1.853286e+003,2.082556e-003
1.855215e+003,2.108958e-003
1.857143e+003,2.011014e-003
1.859072e+003,2.046734e-003
1.861000e+003,2.205026e-003
1.862929e+003,2.244658e-003
1.864857e+003,2.247855e-003
1.866786e+003,2.044137e-003
1.868714e+003,1.983686e-003
1.870643e+003,2.078860e-003
1.872571e+003,2.232035e-003
1.874500e+003,2.201030e-003
1.876428e+003,2.027525e-003
1.878357e+003,2.033584e-003
1.880285e+003,2.089914e-003
1.882214e+003,2.128203e-003
1.884142e+003,2.195035e-003
1.886071e+003,2.117881e-003
1.887999e+003,2.159637e-003
1.889928e+003,2.209089e-003
1.891856e+003,2.063612e-003
1.893785e+003,2.021567e-003
1.895713e+003,2.197000e-003
1.897642e+003,2.285559e-003
1.899570e+003,2.225874e-003
1.901499e+003,2.257714e-003
1.903427e+003,2.312074e-003
1.905356e+003,2.384664e-003
1.907284e+003,2.473229e-003
1.909213e+003,2.567810e-003
1.911141e+003,2.543780e-003
1.913070e+003,2.563711e-003
1.914998e+003,2.757436e-003
1.916927e+003,2.799186e-003
1.918855e+003,2.748633e-003
1.920784e+003,2.792516e-003
1.922712e+003,2.737496e-003
1.924641e+003,2.821330e-003
1.926569e+003,3.254395e-003
1.928498e+003,3.380602e-003
1.930426e+003,3.241342e-003
1.932355e+003,3.488675e-003
1.934283e+003,3.543390e-003
1.936212e+003,3.998578e-003
1.938140e+003,4.287265e-003
1.940069e+003,3.994699e-003
1.941997e+003,3.788054e-003
1.943926e+003,4.104263e-003
1.945854e+003,4.425589e-003
1.947783e+003,4.593758e-003
1.949711e+003,4.975436e-003
1.951640e+003,5.546586e-003
1.953568e+003,5.674804e-003
1.955497e+003,5.215375e-003
1.957425e+003,5.213296e-003
1.959354e+003,5.956345e-003
1.961282e+003,5.851350e-003
1.963211e+003,5.046026e-003
1.965139e+003,5.217622e-003
1.967068e+003,6.097889e-003
1.968996e+003,6.274675e-003
1.970925e+003,6.030757e-003
1.972853e+003,5.504470e-003
1.974782e+003,6.785774e-003
1.976710e+003,6.507563e-003
1.978639e+003,4.872622e-003
1.980567e+003,3.949556e-003
1.982496e+003,3.939760e-003
1.984424e+003,4.107975e-003
1.986353e+003,4.575643e-003
1.988281e+003,4.638967e-003
1.990210e+003,4.230717e-003
1.992138e+003,4.093726e-003
1.994067e+003,3.669213e-003
1.995995e+003,3.496725e-003
1.997924e+003,4.201877e-003
1.999852e+003,4.429639e-003
2.001781e+003,4.360187e-003
2.003709e+003,4.119148e-003
2.005638e+003,4.888840e-003
2.007566e+003,5.352921e-003
2.009495e+003,6.241597e-003
2.011423e+003,6.510422e-003
2.013352e+003,4.964946e-003
2.015280e+003,3.909903e-003
2.017208e+003,4.398309e-003
2.019137e+003,5.039859e-003
2.021066e+003,4.987134e-003
2.022994e+003,4.405505e-003
2.024922e+003,4.105233e-003
2.026851e+003,2.961122e-003
2.028780e+003,1.705540e-003
2.030708e+003,2.188941e-003
2.032636e+003,2.856449e-003
2.034565e+003,1.989045e-003
2.036494e+003,1.641710e-003
2.038422e+003,1.442730e-003
2.040350e+003,1.410318e-003
2.042279e+003,1.068262e-003
2.044208e+003,9.145340e-004
2.046136e+003,1.155561e-003
2.048064e+003,1.057401e-003
2.049993e+003,7.099466e-004
2.051921e+003,4.517524e-004
2.053850e+003,6.426460e-004
2.055778e+003,6.081038e-004
2.057707e+003,4.118194e-004
2.059635e+003,5.536913e-004
2.061564e+003,8.422220e-004
2.063492e+003,8.706406e-004
2.065421e+003,9.452155e-004
2.067349e+003,1.128187e-003
2.069278e+003,3.726527e-004
2.071206e+003,6.465285e-004
2.073135e+003,1.517271e-003
2.075063e+003,2.040009e-003
2.076992e+003,1.372524e-003
2.078920e+003,1.414474e-003
2.080849e+003,1.774868e-003
2.082777e+003,1.570540e-003
2.084706e+003,8.524471e-004
2.086634e+003,1.136426e-003
2.088563e+003,1.624548e-003
2.090491e+003,1.661500e-003
2.092420e+003,1.602665e-003
2.094348e+003,1.170910e-003
2.096277e+003,1.149150e-003
2.098205e+003,1.302994e-003
2.100134e+003,1.217260e-003
2.102062e+003,1.230484e-003
2.103991e+003,1.247531e-003
2.105919e+003,1.520296e-003
2.107848e+003,1.914557e-003
2.109776e+003,2.068307e-003
2.111705e+003,2.220312e-003
2.113633e+003,2.336758e-003
2.115562e+003,2.321168e-003
2.117490e+003,2.242060e-003
2.119419e+003,2.443006e-003
2.121347e+003,2.549379e-003
2.123276e+003,2.516318e-003
2.125204e+003,2.692718e-003
2.127133e+003,3.053741e-003
2.129061e+003,3.211333e-003
2.130990e+003,3.730601e-003
2.132918e+003,4.330535e-003
2.134847e+003,5.218192e-003
2.136775e+003,5.813906e-003
2.138704e+003,6.208220e-003
2.140632e+003,5.804336e-003
2.142561e+003,6.159957e-003
2.144489e+003,6.125914e-003
2.146418e+003,6.478908e-003
2.148346e+003,6.177131e-003
2.150275e+003,6.387203e-003
2.152203e+003,7.323489e-003
2.154132e+003,7.350718e-003
2.156060e+003,6.863660e-003
2.157989e+003,6.674825e-003
2.159917e+003,7.157325e-003
2.161846e+003,6.291718e-003
2.163774e+003,5.057022e-003
2.165703e+003,3.903951e-003
2.167631e+003,3.149451e-003
2.169560e+003,3.110871e-003
2.171488e+003,3.358964e-003
2.173417e+003,3.048069e-003
2.175345e+003,3.460385e-003
2.177274e+003,3.034589e-003
2.179202e+003,2.462599e-003
2.181131e+003,2.418749e-003
2.183059e+003,2.453602e-003
2.184988e+003,2.645344e-003
2.186916e+003,2.597842e-003
2.188845e+003,1.758433e-003
2.190773e+003,1.740635e-003
2.192702e+003,2.171125e-003
2.194630e+003,2.624076e-003
2.196559e+003,2.726659e-003
2.198487e+003,2.158038e-003
2.200416e+003,2.125639e-003
2.202344e+003,1.939352e-003
2.204273e+003,1.708500e-003
2.206201e+003,1.590560e-003
2.208130e+003,1.799289e-003
2.210058e+003,1.258862e-003
2.211987e+003,8.664906e-004
2.213915e+003,8.894657e-004
2.215844e+003,1.183104e-003
2.217772e+003,1.031992e-003
2.219701e+003,8.564974e-004
2.221629e+003,1.086033e-003
2.223558e+003,1.085667e-003
2.225486e+003,9.425257e-004
2.227415e+003,9.457467e-004
2.229343e+003,9.416292e-004
2.231272e+003,1.144233e-003
2.233200e+003,1.264910e-003
2.235129e+003,9.886846e-004
2.237057e+003,7.347058e-004
2.238986e+003,8.414251e-004
2.240914e+003,7.167170e-004
2.242843e+003,6.266521e-004
2.244771e+003,6.932864e-004
2.246700e+003,5.833187e-004
2.248628e+003,5.470228e-004
2.250557e+003,2.883619e-004
2.252485e+003,2.595171e-004
2.254414e+003,4.302929e-004
2.256342e+003,4.334149e-005
2.258271e+003,1.317941e-004
2.260199e+003,1.245858e-005
2.262128e+003,-2.262996e-005
2.264056e+003,1.259112e-005
2.265985e+003,8.741640e-005
2.267913e+003,-3.783915e-004
2.269842e+003,-7.066377e-004
2.271770e+003,-5.197276e-004
2.273699e+003,-2.812500e-004
2.275627e+003,-2.186959e-004
2.277556e+003,-2.614814e-004
2.279484e+003,-2.726407e-004
2.281413e+003,-1.646118e-004
2.283341e+003,-2.570772e-004
2.285270e+003,-1.934928e-004
2.287198e+003,-7.620161e-005
2.289127e+003,-1.400350e-004
2.291055e+003,-1.000533e-004
2.292984e+003,-1.832274e-005
2.294912e+003,-5.672177e-005
2.296841e+003,-1.034653e-004
2.298769e+003,-3.611765e-004
2.300698e+003,-4.907360e-004
2.302626e+003,-4.646220e-004
2.304555e+003,-4.279802e-004
2.306483e+003,-2.774090e-004
2.308412e+003,-2.410495e-004
2.310340e+003,-2.249550e-004
2.312269e+003,-2.262996e-005
2.314197e+003,1.035894e-004
2.316125e+003,6.806265e-005
2.318054e+003,6.070580e-005
2.319983e+003,8.194821e-005
2.321911e+003,1.505540e-004
2.323840e+003,9.533710e-005
2.325768e+003,1.754139e-004
2.327697e+003,3.303394e-004
2.329625e+003,5.202176e-004
2.331553e+003,6.597025e-004
2.333482e+003,7.751996e-004
2.335411e+003,8.972683e-004
2.337339e+003,9.274172e-004
2.339268e+003,1.012596e-003
2.341196e+003,1.168884e-003
2.343125e+003,1.325294e-003
2.345053e+003,1.341547e-003
2.346981e+003,1.418230e-003
2.348910e+003,1.535891e-003
2.350839e+003,1.638783e-003
2.352767e+003,1.807673e-003
2.354696e+003,1.870363e-003
2.356624e+003,1.885105e-003
2.358552e+003,1.866536e-003
2.360481e+003,1.966943e-003
2.362409e+003,2.104530e-003
2.364338e+003,2.054757e-003
2.366267e+003,2.069172e-003
2.368195e+003,2.172890e-003
2.370124e+003,2.123975e-003
2.372052e+003,2.032785e-003
2.373980e+003,2.060083e-003
2.375909e+003,1.990676e-003
2.377838e+003,1.972635e-003
2.379766e+003,2.073633e-003
2.381695e+003,2.115351e-003
2.383623e+003,2.047932e-003
2.385552e+003,2.001827e-003
2.387480e+003,2.044670e-003
2.389408e+003,2.083987e-003
2.391337e+003,2.034117e-003
2.393266e+003,2.008584e-003
2.395194e+003,2.034516e-003
2.397123e+003,2.119879e-003
2.399051e+003,2.230137e-003
2.400979e+003,2.258813e-003
2.402908e+003,2.282461e-003
2.404836e+003,2.395559e-003
2.406765e+003,2.301481e-003
2.408694e+003,2.099269e-003
2.410622e+003,1.991308e-003
2.412551e+003,1.954762e-003
2.414479e+003,1.907036e-003
2.416407e+003,1.930465e-003
2.418336e+003,1.888299e-003
2.420264e+003,1.715186e-003
2.422193e+003,1.579785e-003
2.424122e+003,1.483556e-003
2.426050e+003,1.394961e-003
2.427979e+003,1.399515e-003
2.429907e+003,1.402739e-003
2.431835e+003,1.235701e-003
2.433764e+003,1.148385e-003
2.435692e+003,1.279731e-003
2.437621e+003,1.220483e-003
2.439550e+003,1.095599e-003
2.441478e+003,1.067033e-003
2.443406e+003,1.161608e-003
2.445335e+003,1.111112e-003
2.447263e+003,1.057467e-003
2.449192e+003,9.812457e-004
2.451121e+003,9.226026e-004
2.453049e+003,8.985964e-004
2.454978e+003,1.041258e-003
2.456906e+003,1.015153e-003
2.458834e+003,9.491338e-004
2.460763e+003,9.474403e-004
2.462691e+003,9.825409e-004
2.464620e+003,9.161278e-004
2.466549e+003,8.537751e-004
2.468477e+003,9.454147e-004
2.470406e+003,1.042454e-003
2.472334e+003,1.016648e-003
2.474262e+003,8.590870e-004
2.476191e+003,9.269524e-004
2.478119e+003,9.589298e-004
2.480048e+003,8.651626e-004
2.481977e+003,8.768824e-004
2.483905e+003,1.033154e-003
2.485833e+003,1.041724e-003
2.487762e+003,9.503957e-004
2.489690e+003,8.962390e-004
2.491619e+003,1.028305e-003
2.493547e+003,9.860611e-004
2.495476e+003,1.013659e-003
2.497405e+003,1.101911e-003
2.499333e+003,1.094603e-003
2.501261e+003,1.001470e-003
2.503190e+003,1.083973e-003
2.505118e+003,1.168651e-003
2.507047e+003,1.306284e-003
2.508975e+003,1.395726e-003
2.510904e+003,1.351784e-003
2.512833e+003,1.225267e-003
2.514761e+003,1.243875e-003
2.516689e+003,1.233508e-003
2.518618e+003,1.172638e-003
2.520546e+003,1.248760e-003
2.522475e+003,1.335298e-003
2.524403e+003,1.299538e-003
2.526332e+003,1.391338e-003
2.528260e+003,1.412313e-003
2.530189e+003,1.385288e-003
2.532117e+003,1.392302e-003
2.534046e+003,1.429865e-003
2.535974e+003,1.273018e-003
2.537903e+003,1.195563e-003
2.539831e+003,1.235768e-003
2.541760e+003,1.340882e-003
2.543688e+003,1.313330e-003
2.545617e+003,1.189084e-003
2.547545e+003,1.219818e-003
2.549474e+003,1.309873e-003
2.551402e+003,1.270825e-003
2.553331e+003,1.253744e-003
2.555259e+003,1.300236e-003
2.557188e+003,1.245703e-003
2.559116e+003,1.198852e-003
2.561045e+003,1.202640e-003
2.562973e+003,1.181476e-003
2.564902e+003,1.208588e-003
2.566830e+003,1.185861e-003
2.568759e+003,1.144233e-003
2.570687e+003,9.819099e-004
2.572616e+003,9.462449e-004
2.574544e+003,9.437544e-004
2.576473e+003,8.386033e-004
2.578401e+003,7.548527e-004
2.580330e+003,7.797471e-004
2.582258e+003,6.622245e-004
2.584187e+003,5.967562e-004
2.586115e+003,6.353790e-004
2.588044e+003,5.176301e-004
2.589972e+003,5.501414e-004
2.591901e+003,5.848118e-004
2.593829e+003,4.980582e-004
2.595758e+003,3.959002e-004
2.597686e+003,4.562634e-004
2.599615e+003,5.332552e-004
2.601543e+003,4.572253e-004
2.603472e+003,3.654565e-004
2.605400e+003,3.991172e-004
2.607329e+003,3.798490e-004
2.609257e+003,3.784230e-004
2.611186e+003,4.404089e-004
2.613114e+003,4.034286e-004
2.615043e+003,3.694360e-004
2.616971e+003,3.075928e-004
2.618900e+003,2.399899e-004
2.620828e+003,1.849273e-004
2.622757e+003,1.491288e-004
2.624685e+003,1.375612e-004
2.626614e+003,7.730859e-005
2.628542e+003,5.006842e-005
2.630471e+003,2.402284e-005
2.632399e+003,1.106691e-005
2.634328e+003,3.260512e-005
2.636256e+003,7.521492e-006
2.638185e+003,-5.586040e-005
2.640113e+003,-2.272936e-005
2.642042e+003,8.416127e-006
2.643970e+003,8.347267e-005
2.645899e+003,1.573158e-004
2.647827e+003,1.678895e-004
2.649756e+003,2.062421e-004
2.651684e+003,2.712537e-004
2.653613e+003,3.293778e-004
2.655541e+003,4.045562e-004
2.657470e+003,4.984231e-004
2.659398e+003,5.949977e-004
2.661327e+003,6.302689e-004
2.663255e+003,6.503114e-004
2.665184e+003,7.113737e-004
2.667112e+003,8.183198e-004
2.669041e+003,9.318999e-004
2.670969e+003,1.001570e-003
2.672898e+003,1.042321e-003
2.674826e+003,1.100316e-003
2.676755e+003,1.141841e-003
2.678683e+003,1.203537e-003
2.680612e+003,1.253379e-003
2.682540e+003,1.266571e-003
2.684469e+003,1.286909e-003
2.686397e+003,1.357567e-003
2.688326e+003,1.405299e-003
2.690254e+003,1.421355e-003
2.692183e+003,1.394163e-003
2.694111e+003,1.344505e-003
2.696040e+003,1.376047e-003
2.697968e+003,1.366275e-003
2.699897e+003,1.323200e-003
2.701825e+003,1.369765e-003
2.703754e+003,1.420524e-003
2.705682e+003,1.387515e-003
2.707611e+003,1.365910e-003
2.709539e+003,1.384590e-003
2.711468e+003,1.410584e-003
2.713396e+003,1.456627e-003
2.715325e+003,1.423682e-003
2.717253e+003,1.422286e-003
2.719182e+003,1.472518e-003
2.721110e+003,1.486316e-003
2.723039e+003,1.479101e-003
2.724967e+003,1.470091e-003
2.726896e+003,1.499948e-003
2.728824e+003,1.494129e-003
2.730753e+003,1.462677e-003
2.732681e+003,1.474779e-003
2.734610e+003,1.478104e-003
2.736538e+003,1.494262e-003
2.738467e+003,1.487047e-003
2.740395e+003,1.501444e-003
2.742324e+003,1.435517e-003
2.744252e+003,1.368270e-003
2.746181e+003,1.372491e-003
2.748109e+003,1.365843e-003
2.750038e+003,1.336362e-003
2.751966e+003,1.349457e-003
2.753895e+003,1.371028e-003
2.755823e+003,1.387415e-003
2.757752e+003,1.359461e-003
2.759680e+003,1.373023e-003
2.761609e+003,1.394795e-003
2.763537e+003,1.360392e-003
2.765466e+003,1.333603e-003
2.767394e+003,1.336362e-003
2.769323e+003,1.306683e-003
2.771251e+003,1.311269e-003
2.773180e+003,1.311469e-003
2.775108e+003,1.252648e-003
2.777037e+003,1.207391e-003
2.778965e+003,1.257068e-003
2.780894e+003,1.296148e-003
2.782822e+003,1.241516e-003
2.784750e+003,1.269363e-003
2.786679e+003,1.274115e-003
2.788608e+003,1.229454e-003
2.790536e+003,1.241018e-003
2.792465e+003,1.223008e-003
2.794393e+003,1.218655e-003
2.796322e+003,1.272121e-003
2.798250e+003,1.265076e-003
2.800178e+003,1.277405e-003
2.802107e+003,1.279465e-003
2.804036e+003,1.230318e-003
2.805964e+003,1.231548e-003
2.807893e+003,1.235302e-003
2.809821e+003,1.262550e-003
2.811750e+003,1.260557e-003
2.813678e+003,1.257765e-003
2.815606e+003,1.248129e-003
2.817535e+003,1.286577e-003
2.819464e+003,1.306816e-003
2.821392e+003,1.306517e-003
2.823321e+003,1.319046e-003
2.825249e+003,1.254675e-003
2.827177e+003,1.275776e-003
2.829106e+003,1.320043e-003
2.831034e+003,1.327554e-003
2.832963e+003,1.364547e-003
2.834892e+003,1.385886e-003
2.836820e+003,1.359029e-003
2.838749e+003,1.315124e-003
2.840677e+003,1.258131e-003
2.842605e+003,1.274281e-003
2.844534e+003,1.278468e-003
2.846462e+003,1.314493e-003
2.848391e+003,1.344870e-003
2.850320e+003,1.375682e-003
2.852248e+003,1.407127e-003
2.854177e+003,1.429167e-003
2.856105e+003,1.423383e-003
2.858033e+003,1.418828e-003
2.859962e+003,1.322868e-003
2.861890e+003,1.318016e-003
2.863819e+003,1.385953e-003
2.865748e+003,1.357667e-003
2.867676e+003,1.383493e-003
2.869604e+003,1.376579e-003
2.871533e+003,1.330246e-003
2.873461e+003,1.338987e-003
2.875390e+003,1.387515e-003
2.877319e+003,1.383360e-003
2.879247e+003,1.401177e-003
2.881176e+003,1.382163e-003
2.883104e+003,1.358531e-003
2.885032e+003,1.356769e-003
2.886961e+003,1.437777e-003
2.888889e+003,1.521294e-003
2.890818e+003,1.458921e-003
2.892747e+003,1.410285e-003
2.894675e+003,1.418064e-003
2.896604e+003,1.425078e-003
2.898532e+003,1.441401e-003
2.900460e+003,1.443196e-003
2.902389e+003,1.444260e-003
2.904317e+003,1.485485e-003
2.906246e+003,1.505068e-003
2.908175e+003,1.484188e-003
2.910103e+003,1.458123e-003
2.912031e+003,1.459087e-003
2.913960e+003,1.432890e-003
2.915888e+003,1.475045e-003
2.917817e+003,1.420989e-003
2.919745e+003,1.344538e-003
2.921674e+003,1.337458e-003
2.923603e+003,1.348493e-003
2.925531e+003,1.361024e-003
2.927459e+003,1.365079e-003
2.929388e+003,1.414507e-003
2.931316e+003,1.500413e-003
2.933245e+003,1.445457e-003
2.935173e+003,1.390141e-003
2.937102e+003,1.404967e-003
2.939031e+003,1.460417e-003
2.940959e+003,1.431959e-003
2.942887e+003,1.475843e-003
2.944816e+003,1.460583e-003
2.946744e+003,1.398485e-003
2.948673e+003,1.441467e-003
2.950601e+003,1.464340e-003
2.952530e+003,1.469393e-003
2.954458e+003,1.454832e-003
2.956387e+003,1.429400e-003
2.958315e+003,1.434320e-003
2.960244e+003,1.497454e-003
2.962172e+003,1.529507e-003
2.964101e+003,1.487347e-003
2.966029e+003,1.413144e-003
2.967958e+003,1.390706e-003
2.969886e+003,1.410185e-003
2.971815e+003,1.416003e-003
2.973743e+003,1.398451e-003
2.975672e+003,1.443728e-003
2.977600e+003,1.484288e-003
2.979529e+003,1.435084e-003
2.981457e+003,1.435583e-003
2.983386e+003,1.369998e-003
2.985314e+003,1.434685e-003
2.987243e+003,1.492999e-003
2.989171e+003,1.459486e-003
2.991100e+003,1.407260e-003
2.993028e+003,1.427172e-003
2.994957e+003,1.472751e-003
2.996885e+003,1.418031e-003
2.998814e+003,1.445124e-003
3.000742e+003,1.500313e-003
3.002671e+003,1.394396e-003
3.004599e+003,1.333570e-003
3.006528e+003,1.354276e-003
3.008456e+003,1.474347e-003
3.010385e+003,1.517869e-003
3.012313e+003,1.580018e-003
3.014242e+003,1.598807e-003
3.016170e+003,1.464074e-003
3.018099e+003,1.506996e-003
3.020027e+003,1.470125e-003
3.021956e+003,1.431428e-003
3.023884e+003,1.438941e-003
3.025813e+003,1.450310e-003
3.027741e+003,1.524519e-003
3.029670e+003,1.570507e-003
3.031598e+003,1.561030e-003
3.033527e+003,1.529340e-003
3.035455e+003,1.524985e-003
3.037384e+003,1.544403e-003
3.039312e+003,1.545434e-003
3.041241e+003,1.567148e-003
3.043169e+003,1.553614e-003
3.045098e+003,1.484288e-003
3.047026e+003,1.539283e-003
3.048955e+003,1.532466e-003
3.050883e+003,1.516339e-003
3.052812e+003,1.565386e-003
3.054740e+003,1.571837e-003
3.056669e+003,1.561096e-003
3.058597e+003,1.497155e-003
3.060526e+003,1.458090e-003
3.062454e+003,1.516007e-003
3.064383e+003,1.542940e-003
3.066311e+003,1.553781e-003
3.068240e+003,1.567913e-003
3.070168e+003,1.622387e-003
3.072097e+003,1.618795e-003
3.074025e+003,1.579519e-003
3.075954e+003,1.653517e-003
3.077882e+003,1.573932e-003
3.079811e+003,1.486216e-003
3.081739e+003,1.526614e-003
3.083668e+003,1.594683e-003
3.085596e+003,1.651987e-003
3.087525e+003,1.572037e-003
3.089453e+003,1.520629e-003
3.091382e+003,1.554712e-003
3.093310e+003,1.580816e-003
3.095239e+003,1.638417e-003
3.097167e+003,1.652120e-003
3.099096e+003,1.614571e-003
3.101024e+003,1.597643e-003
3.102953e+003,1.527412e-003
3.104881e+003,1.504203e-003
3.106810e+003,1.573799e-003
3.108738e+003,1.624648e-003
3.110667e+003,1.651854e-003
3.112595e+003,1.672642e-003
3.114524e+003,1.610879e-003
3.116452e+003,1.536888e-003
3.118381e+003,1.589363e-003
3.120309e+003,1.617631e-003
3.122238e+003,1.543639e-003
3.124166e+003,1.525184e-003
3.126095e+003,1.556042e-003
3.128023e+003,1.541178e-003
3.129952e+003,1.543772e-003
3.131880e+003,1.628639e-003
3.133809e+003,1.652819e-003
3.135737e+003,1.615635e-003
3.137666e+003,1.544137e-003
3.139594e+003,1.519797e-003
3.141523e+003,1.525450e-003
3.143451e+003,1.566882e-003
3.145380e+003,1.627541e-003
3.147308e+003,1.622420e-003
3.149237e+003,1.571372e-003
3.151165e+003,1.505267e-003
3.153094e+003,1.532898e-003
3.155022e+003,1.543073e-003
3.156951e+003,1.580849e-003
3.158879e+003,1.615569e-003
3.160808e+003,1.497088e-003
3.162736e+003,1.511585e-003
3.164665e+003,1.477738e-003
3.166593e+003,1.575030e-003
3.168522e+003,1.682488e-003
3.170450e+003,1.655912e-003
3.172379e+003,1.583609e-003
3.174307e+003,1.617365e-003
3.176236e+003,1.635025e-003
3.178164e+003,1.692733e-003
3.180093e+003,1.637952e-003
3.182021e+003,1.593752e-003
3.183950e+003,1.559467e-003
3.185878e+003,1.580683e-003
3.187807e+003,1.602665e-003
3.189735e+003,1.604028e-003
3.191664e+003,1.571405e-003
3.193592e+003,1.565120e-003
3.195521e+003,1.563690e-003
3.197449e+003,1.577357e-003
3.199378e+003,1.542109e-003
3.201306e+003,1.590327e-003
3.203235e+003,1.544137e-003
3.205163e+003,1.437312e-003
3.207092e+003,1.520729e-003
3.209020e+003,1.579053e-003
3.210948e+003,1.562160e-003
3.212877e+003,1.560830e-003
3.214806e+003,1.486050e-003
3.216734e+003,1.538884e-003
3.218663e+003,1.587833e-003
3.220591e+003,1.584906e-003
3.222520e+003,1.586868e-003
3.224448e+003,1.587999e-003
3.226376e+003,1.543905e-003
3.228305e+003,1.523821e-003
3.230234e+003,1.536390e-003
3.232162e+003,1.612143e-003
3.234091e+003,1.519665e-003
3.236019e+003,1.471920e-003
3.237948e+003,1.477871e-003
3.239876e+003,1.485485e-003
3.241804e+003,1.554944e-003
3.243733e+003,1.506165e-003
3.245662e+003,1.378275e-003
3.247590e+003,1.423316e-003
3.249519e+003,1.492001e-003
3.251447e+003,1.531103e-003
3.253375e+003,1.525849e-003
3.255304e+003,1.550356e-003
3.257232e+003,1.537121e-003
3.259161e+003,1.436580e-003
3.261090e+003,1.367472e-003
3.263018e+003,1.452105e-003
3.264947e+003,1.494495e-003
3.266875e+003,1.415803e-003
3.268803e+003,1.367040e-003
3.270732e+003,1.341447e-003
3.272660e+003,1.335298e-003
3.274589e+003,1.368170e-003
3.276518e+003,1.460782e-003
3.278446e+003,1.448714e-003
3.280375e+003,1.390041e-003
3.282303e+003,1.380867e-003
3.284231e+003,1.366741e-003
3.286160e+003,1.394363e-003
3.288088e+003,1.417698e-003
3.290017e+003,1.418031e-003
3.291946e+003,1.434020e-003
3.293874e+003,1.387050e-003
3.295802e+003,1.349557e-003
3.297731e+003,1.350255e-003
3.299659e+003,1.336993e-003
3.301588e+003,1.422552e-003
3.303516e+003,1.534494e-003
3.305445e+003,1.488444e-003
3.307374e+003,1.448781e-003
3.309302e+003,1.419493e-003
3.311230e+003,1.304057e-003
3.313159e+003,1.343009e-003
3.315087e+003,1.442232e-003
3.317016e+003,1.457691e-003
3.318944e+003,1.357600e-003
3.320873e+003,1.347529e-003
3.322802e+003,1.374053e-003
3.324730e+003,1.433721e-003
3.326658e+003,1.485219e-003
3.328587e+003,1.512283e-003
3.330515e+003,1.502907e-003
3.332444e+003,1.489707e-003
3.334372e+003,1.449845e-003
3.336301e+003,1.477106e-003
3.338229e+003,1.388213e-003
3.340158e+003,1.358331e-003
3.342086e+003,1.359262e-003
3.344015e+003,1.354376e-003
3.345943e+003,1.455397e-003
3.347872e+003,1.468063e-003
3.349800e+003,1.451141e-003
3.351729e+003,1.497720e-003
3.353657e+003,1.447451e-003
3.355586e+003,1.458987e-003
3.357514e+003,1.454200e-003
3.359443e+003,1.558103e-003
3.361371e+003,1.482260e-003
3.363300e+003,1.391437e-003
3.365229e+003,1.481894e-003
3.367157e+003,1.594850e-003
3.369085e+003,1.649925e-003
3.371014e+003,1.565020e-003
3.372942e+003,1.545634e-003
3.374871e+003,1.512649e-003
3.376799e+003,1.428369e-003
3.378728e+003,1.486582e-003
3.380656e+003,1.555111e-003
3.382585e+003,1.626311e-003
3.384513e+003,1.600038e-003
3.386442e+003,1.542142e-003
3.388370e+003,1.496191e-003
3.390299e+003,1.457225e-003
3.392227e+003,1.529640e-003
3.394156e+003,1.685714e-003
3.396084e+003,1.690837e-003
3.398013e+003,1.595415e-003
3.399941e+003,1.537820e-003
3.401870e+003,1.536124e-003
3.403798e+003,1.549724e-003
3.405727e+003,1.565852e-003
3.407655e+003,1.543306e-003
3.409584e+003,1.544470e-003
3.411512e+003,1.598408e-003
3.413441e+003,1.636887e-003
3.415369e+003,1.680792e-003
3.417298e+003,1.708267e-003
3.419226e+003,1.659670e-003
3.421155e+003,1.648029e-003
3.423083e+003,1.547330e-003
3.425012e+003,1.498651e-003
3.426940e+003,1.576327e-003
3.428869e+003,1.701348e-003
3.430797e+003,1.671412e-003
3.432726e+003,1.637852e-003
3.434654e+003,1.643972e-003
3.436583e+003,1.654482e-003
3.438511e+003,1.574664e-003
3.440440e+003,1.615868e-003
3.442368e+003,1.564688e-003
3.444297e+003,1.470889e-003
3.446225e+003,1.466534e-003
3.448154e+003,1.571106e-003
3.450082e+003,1.570840e-003
3.452011e+003,1.562859e-003
3.453939e+003,1.625845e-003
3.455868e+003,1.551819e-003
3.457796e+003,1.506331e-003
3.459725e+003,1.577091e-003
3.461653e+003,1.627142e-003
3.463582e+003,1.674206e-003
3.465510e+003,1.626710e-003
3.467439e+003,1.555576e-003
3.469367e+003,1.549258e-003
3.471296e+003,1.571970e-003
3.473224e+003,1.628672e-003
3.475153e+003,1.663096e-003
3.477081e+003,1.666722e-003
3.479010e+003,1.584540e-003
3.480938e+003,1.488776e-003
3.482867e+003,1.520961e-003
3.484795e+003,1.605658e-003
3.486724e+003,1.584008e-003
3.488652e+003,1.532865e-003
3.490581e+003,1.499482e-003
3.492509e+003,1.401044e-003
3.494438e+003,1.380036e-003
3.496366e+003,1.529174e-003
3.498295e+003,1.627409e-003
3.500223e+003,1.615968e-003
3.502152e+003,1.554379e-003
3.504080e+003,1.537421e-003
3.506009e+003,1.540879e-003
3.507937e+003,1.519598e-003
3.509866e+003,1.535824e-003
3.511794e+003,1.519232e-003
3.513723e+003,1.515242e-003
3.515651e+003,1.490339e-003
3.517580e+003,1.440171e-003
3.519508e+003,1.444858e-003
3.521437e+003,1.471488e-003
3.523365e+003,1.496390e-003
3.525294e+003,1.572137e-003
3.527222e+003,1.573932e-003
3.529151e+003,1.601002e-003
3.531079e+003,1.560764e-003
3.533008e+003,1.576892e-003
3.534936e+003,1.542442e-003
3.536865e+003,1.590161e-003
3.538793e+003,1.611944e-003
3.540722e+003,1.590393e-003
3.542650e+003,1.534661e-003
3.544579e+003,1.587168e-003
3.546507e+003,1.619560e-003
3.548436e+003,1.630369e-003
3.550364e+003,1.619560e-003
3.552293e+003,1.722405e-003
3.554221e+003,1.767649e-003
3.556150e+003,1.731686e-003
3.558078e+003,1.663096e-003
3.560007e+003,1.752478e-003
3.561935e+003,1.792601e-003
3.563864e+003,1.786346e-003
3.565792e+003,1.717049e-003
3.567721e+003,1.687111e-003
3.569649e+003,1.680758e-003
3.571578e+003,1.762126e-003
3.573506e+003,1.778029e-003
3.575435e+003,1.750948e-003
3.577363e+003,1.683652e-003
3.579292e+003,1.652819e-003
3.581220e+003,1.732518e-003
3.583149e+003,1.770643e-003
3.585077e+003,1.679095e-003
3.587006e+003,1.633096e-003
3.588934e+003,1.778195e-003
3.590863e+003,1.823012e-003
3.592791e+003,1.751380e-003
3.594720e+003,1.693764e-003
3.596648e+003,1.664560e-003
3.598577e+003,1.739837e-003
3.600505e+003,1.787045e-003
3.602434e+003,1.631067e-003
3.604362e+003,1.667287e-003
3.606291e+003,1.749151e-003
3.608219e+003,1.741899e-003
3.610148e+003,1.608618e-003
3.612076e+003,1.551386e-003
3.614005e+003,1.683320e-003
3.615933e+003,1.622885e-003
3.617862e+003,1.594916e-003
3.619790e+003,1.686180e-003
3.621719e+003,1.695161e-003
3.623647e+003,1.689606e-003
3.625576e+003,1.738606e-003
3.627504e+003,1.780890e-003
3.629433e+003,1.737441e-003
3.631361e+003,1.712791e-003
3.633290e+003,1.603563e-003
3.635218e+003,1.545068e-003
3.637146e+003,1.678995e-003
3.639075e+003,1.698987e-003
3.641004e+003,1.608950e-003
3.642932e+003,1.610048e-003
3.644861e+003,1.608950e-003
3.646789e+003,1.622021e-003
3.648718e+003,1.713723e-003
3.650646e+003,1.694862e-003
3.652574e+003,1.654083e-003
3.654503e+003,1.507994e-003
3.656432e+003,1.453302e-003
3.658360e+003,1.466069e-003
3.660289e+003,1.437112e-003
3.662217e+003,1.399083e-003
3.664146e+003,1.574098e-003
3.666074e+003,1.567813e-003
3.668002e+003,1.472651e-003
3.669931e+003,1.451573e-003
3.671860e+003,1.440004e-003
3.673788e+003,1.484620e-003
3.675717e+003,1.430796e-003
3.677645e+003,1.446487e-003
3.679573e+003,1.477971e-003
3.681502e+003,1.395227e-003
3.683430e+003,1.500945e-003
3.685359e+003,1.562825e-003
3.687288e+003,1.464174e-003
3.689216e+003,1.295284e-003
3.691145e+003,1.179383e-003
3.693073e+003,1.216064e-003
3.695001e+003,1.207026e-003
3.696930e+003,1.307115e-003
3.698858e+003,1.299072e-003
3.700787e+003,1.358365e-003
3.702716e+003,1.394363e-003
3.704644e+003,1.390008e-003
3.706573e+003,1.354675e-003
3.708501e+003,1.258297e-003
3.710429e+003,1.204102e-003
3.712358e+003,1.186858e-003
3.714286e+003,1.207192e-003
3.716215e+003,1.227527e-003
3.718144e+003,1.258363e-003
3.720072e+003,1.274015e-003
3.722000e+003,1.266206e-003
3.723929e+003,1.293988e-003
3.725857e+003,1.313596e-003
3.727786e+003,1.288338e-003
3.729714e+003,1.402573e-003
3.731643e+003,1.359129e-003
3.733572e+003,1.210182e-003
3.735500e+003,1.210814e-003
3.737428e+003,1.218290e-003
3.739357e+003,1.165030e-003
3.741285e+003,1.139416e-003
3.743214e+003,1.259560e-003
3.745142e+003,1.290365e-003
3.747071e+003,1.180745e-003
3.749000e+003,1.190911e-003
3.750928e+003,1.067266e-003
3.752856e+003,9.685601e-004
3.754785e+003,1.054046e-003
3.756713e+003,1.186725e-003
3.758642e+003,1.116162e-003
3.760570e+003,1.112208e-003
3.762499e+003,1.077064e-003
3.764427e+003,1.044181e-003
3.766356e+003,1.051854e-003
3.768284e+003,1.185296e-003
3.770213e+003,1.205232e-003
3.772141e+003,1.071085e-003
3.774070e+003,1.041425e-003
3.775998e+003,1.228092e-003
3.777927e+003,1.335730e-003
3.779855e+003,1.301631e-003
3.781784e+003,1.325627e-003
3.783712e+003,1.246334e-003
3.785641e+003,1.176492e-003
3.787569e+003,1.177821e-003
3.789498e+003,1.196626e-003
3.791426e+003,1.246733e-003
3.793355e+003,1.227859e-003
3.795283e+003,1.248827e-003
3.797212e+003,1.325327e-003
3.799140e+003,1.323965e-003
3.801069e+003,1.322702e-003
3.802997e+003,1.265973e-003
3.804926e+003,1.305221e-003
3.806854e+003,1.346299e-003
3.808783e+003,1.306350e-003
3.810711e+003,1.272221e-003
3.812640e+003,1.362120e-003
3.814568e+003,1.487845e-003
3.816497e+003,1.521792e-003
3.818425e+003,1.383892e-003
3.820354e+003,1.235967e-003
3.822282e+003,1.277072e-003
3.824211e+003,1.327222e-003
3.826139e+003,1.316055e-003
3.828068e+003,1.337625e-003
3.829996e+003,1.463243e-003
3.831925e+003,1.503672e-003
3.833853e+003,1.443960e-003
3.835782e+003,1.434752e-003
3.837710e+003,1.479567e-003
3.839639e+003,1.383560e-003
3.841567e+003,1.367206e-003
3.843496e+003,1.373621e-003
3.845424e+003,1.426009e-003
3.847353e+003,1.495925e-003
3.849281e+003,1.518102e-003
3.851210e+003,1.489740e-003
3.853138e+003,1.490572e-003
3.855067e+003,1.385620e-003
3.856995e+003,1.353213e-003
3.858924e+003,1.403703e-003
3.860852e+003,1.410451e-003
3.862781e+003,1.395493e-003
3.864709e+003,1.420624e-003
3.866638e+003,1.467531e-003
3.868566e+003,1.527545e-003
3.870495e+003,1.497288e-003
3.872423e+003,1.425909e-003
3.874352e+003,1.402839e-003
3.876280e+003,1.386917e-003
3.878209e+003,1.393631e-003
3.880137e+003,1.419792e-003
3.882066e+003,1.371859e-003
3.883994e+003,1.364214e-003
3.885923e+003,1.444659e-003
3.887851e+003,1.392667e-003
3.889780e+003,1.376180e-003
3.891708e+003,1.328352e-003
3.893637e+003,1.232744e-003
3.895565e+003,1.352249e-003
3.897494e+003,1.477938e-003
3.899422e+003,1.462744e-003
3.901351e+003,1.381399e-003
3.903279e+003,1.463276e-003
3.905208e+003,1.526049e-003
3.907136e+003,1.467166e-003
3.909065e+003,1.379238e-003
3.910993e+003,1.394396e-003
3.912922e+003,1.372757e-003
3.914850e+003,1.358664e-003
3.916779e+003,1.358198e-003
3.918707e+003,1.441766e-003
3.920636e+003,1.444858e-003
3.922564e+003,1.416369e-003
3.924493e+003,1.384956e-003
3.926421e+003,1.354443e-003
3.928350e+003,1.365810e-003
3.930278e+003,1.450310e-003
3.932207e+003,1.434220e-003
3.934135e+003,1.380502e-003
3.936064e+003,1.372823e-003
3.937992e+003,1.416734e-003
3.939921e+003,1.474280e-003
3.941849e+003,1.501444e-003
3.943778e+003,1.552450e-003
3.945706e+003,1.522025e-003
3.947635e+003,1.405798e-003
3.949563e+003,1.331144e-003
3.951492e+003,1.364115e-003
3.953420e+003,1.434918e-003
3.955349e+003,1.453701e-003
3.957277e+003,1.427272e-003
3.959206e+003,1.481262e-003
3.961134e+003,1.506165e-003
3.963063e+003,1.516473e-003
3.964991e+003,1.530604e-003
3.966920e+003,1.461880e-003
3.968848e+003,1.436913e-003
3.970777e+003,1.416900e-003
3.972705e+003,1.418762e-003
3.974634e+003,1.472286e-003
3.976562e+003,1.571571e-003
3.978491e+003,1.536157e-003
3.980419e+003,1.481196e-003
3.982348e+003,1.444725e-003
3.984276e+003,1.449379e-003
3.986205e+003,1.428469e-003
3.988133e+003,1.459087e-003
3.990062e+003,1.520130e-003
3.991990e+003,1.531269e-003
3.993919e+003,1.497055e-003
3.995847e+003,1.530238e-003
3.997776e+003,1.546731e-003
3.999704e+003,1.521427e-003
4.001633e+003,0.000000e+000
