3.991989e+002,-6.875993e-003
4.011274e+002,-5.419117e-003
4.030559e+002,-5.419117e-003
4.049844e+002,-1.641337e-003
4.069129e+002,-2.446341e-003
4.088414e+002,-1.367227e-004
4.107699e+002,-1.345714e-003
4.126984e+002,5.003067e-005
4.146269e+002,6.763467e-004
4.165554e+002,2.107064e-003
4.184839e+002,-2.936234e-004
4.204124e+002,-1.243077e-003
4.223409e+002,5.963403e-004
4.242694e+002,9.321294e-004
4.261979e+002,-4.094472e-004
4.281264e+002,1.931586e-004
4.300549e+002,1.319963e-003
4.319834e+002,2.132096e-003
4.339119e+002,1.454737e-003
4.358404e+002,7.277437e-004
4.377689e+002,9.827990e-005
4.396974e+002,5.812246e-004
4.416259e+002,9.191850e-004
4.435544e+002,9.349635e-004
4.454829e+002,3.557565e-006
4.474114e+002,1.968210e-003
4.493399e+002,6.109322e-004
4.512684e+002,4.648166e-004
4.531969e+002,3.020586e-005
4.551254e+002,1.555131e-003
4.570539e+002,1.294740e-003
4.589824e+002,1.620339e-003
4.609109e+002,1.419386e-003
4.628394e+002,1.649579e-003
4.647679e+002,2.766817e-003
4.666964e+002,1.133458e-003
4.686249e+002,6.292579e-004
4.705533e+002,1.320325e-003
4.724819e+002,7.327496e-004
4.744103e+002,8.942233e-004
4.763389e+002,9.261405e-004
4.782673e+002,4.874770e-004
4.801959e+002,1.567385e-003
4.821243e+002,1.208240e-003
4.840529e+002,9.576540e-004
4.859813e+002,1.157570e-003
4.879099e+002,1.461974e-003
4.898383e+002,1.127584e-003
4.917668e+002,2.135976e-004
4.936953e+002,6.076006e-004
4.956238e+002,9.554836e-004
4.975523e+002,4.031177e-004
4.994808e+002,2.850953e-004
5.014093e+002,4.080863e-004
5.033378e+002,3.286306e-005
5.052663e+002,3.821771e-004
5.071948e+002,7.790552e-004
5.091233e+002,5.572458e-004
5.110518e+002,-3.328921e-004
5.129803e+002,5.118852e-004
5.149088e+002,6.344408e-005
5.168373e+002,8.522380e-004
5.187658e+002,-7.334525e-004
5.206943e+002,-3.745065e-004
5.226228e+002,-6.500219e-004
5.245513e+002,2.262834e-005
5.264798e+002,-2.519537e-004
5.284083e+002,4.329103e-004
5.303368e+002,-2.961122e-004
5.322653e+002,-5.292756e-004
5.341938e+002,-9.656702e-004
5.361223e+002,1.221040e-004
5.380508e+002,-5.685062e-004
5.399792e+002,2.669209e-004
5.419078e+002,-1.705001e-004
5.438363e+002,8.488177e-005
5.457648e+002,-5.830728e-004
5.476932e+002,-3.162866e-004
5.496218e+002,-8.385541e-004
5.515503e+002,-4.140717e-004
5.534788e+002,-6.847598e-004
5.554072e+002,1.045233e-004
5.573358e+002,-2.379258e-004
5.592643e+002,-8.604766e-005
5.611927e+002,9.443777e-005
5.631212e+002,-2.394610e-004
5.650497e+002,-7.867573e-004
5.669783e+002,-1.155218e-004
5.689067e+002,-4.838675e-004
5.708352e+002,-6.514200e-004
5.727637e+002,-1.004029e-003
5.746923e+002,-6.762833e-004
5.766207e+002,-9.453786e-004
5.785492e+002,-2.785433e-004
5.804777e+002,-5.412280e-004
5.824063e+002,-2.098902e-004
5.843347e+002,-6.262215e-004
5.862632e+002,-5.085747e-004
5.881917e+002,-4.534434e-004
5.901202e+002,3.293379e-005
5.920487e+002,-5.519076e-004
5.939772e+002,-2.318265e-004
5.959057e+002,-8.196782e-004
5.978342e+002,-6.120017e-004
5.997627e+002,-6.767280e-004
6.016912e+002,-4.046521e-004
6.036197e+002,-7.745930e-004
6.055482e+002,-4.286921e-004
6.074767e+002,-6.995808e-004
6.094052e+002,-4.623565e-004
6.113337e+002,-5.991585e-004
6.132622e+002,-3.784963e-004
6.151907e+002,-8.142361e-004
6.171192e+002,-4.379151e-004
6.190477e+002,-4.205818e-004
6.209762e+002,-2.926736e-004
6.229047e+002,-7.769828e-004
6.248332e+002,-5.161552e-004
6.267617e+002,-6.062911e-004
6.286902e+002,-1.927354e-004
6.306187e+002,-5.252472e-004
6.325472e+002,-4.065789e-004
6.344756e+002,-6.651750e-004
6.364042e+002,-2.287977e-004
6.383326e+002,-3.698508e-004
6.402612e+002,-2.669059e-004
6.421896e+002,-5.168127e-004
6.441182e+002,-1.690000e-004
6.460466e+002,-3.171901e-004
6.479752e+002,-1.114901e-004
6.499036e+002,-3.340045e-004
6.518322e+002,-5.984099e-005
6.537606e+002,-3.845062e-004
6.556891e+002,-1.433612e-004
6.576177e+002,-3.126207e-004
6.595461e+002,-1.806395e-004
6.614746e+002,-5.370912e-004
6.634031e+002,-2.245814e-004
6.653317e+002,-4.034657e-004
6.672601e+002,-2.564881e-004
6.691886e+002,-2.274316e-004
6.711171e+002,1.609584e-006
6.730457e+002,-3.404061e-004
6.749741e+002,-2.399995e-004
6.769026e+002,-4.098722e-004
6.788311e+002,-2.066331e-004
6.807596e+002,-3.481200e-004
6.826881e+002,-1.880066e-004
6.846166e+002,-3.368546e-004
6.865451e+002,-1.268865e-004
6.884736e+002,-2.313952e-004
6.904021e+002,-1.566137e-004
6.923306e+002,-3.765090e-004
6.942591e+002,-2.516617e-004
6.961876e+002,-4.228808e-004
6.981161e+002,-1.522090e-004
7.000446e+002,-2.946772e-004
7.019731e+002,-2.138185e-004
7.039016e+002,-4.667496e-004
7.058301e+002,-2.857308e-004
7.077585e+002,-5.278455e-004
7.096871e+002,-2.450012e-004
7.116156e+002,-4.626375e-004
7.135441e+002,-2.542231e-004
7.154725e+002,-3.213894e-004
7.174011e+002,-3.078335e-004
7.193296e+002,-4.168855e-004
7.212581e+002,-2.210122e-004
7.231865e+002,-3.556695e-004
7.251151e+002,-2.318760e-004
7.270436e+002,-3.747889e-004
7.289720e+002,-2.576198e-004
7.309005e+002,-4.391479e-004
7.328290e+002,-3.183593e-004
7.347576e+002,-4.909260e-004
7.366860e+002,-3.482953e-004
7.386145e+002,-3.867238e-004
7.405430e+002,-2.057878e-004
7.424716e+002,-4.347501e-004
7.444000e+002,-3.731650e-004
7.463285e+002,-4.588147e-004
7.482570e+002,-3.415450e-004
7.501855e+002,-5.581866e-004
7.521140e+002,-3.622749e-004
7.540425e+002,-4.785665e-004
7.559710e+002,-2.405978e-004
7.578995e+002,-3.404265e-004
7.598280e+002,-3.105868e-004
7.617565e+002,-4.397642e-004
7.636850e+002,-3.285985e-004
7.656135e+002,-5.450441e-004
7.675420e+002,-2.461493e-004
7.694705e+002,-3.754451e-004
7.713990e+002,-3.198245e-004
7.733275e+002,-4.322172e-004
7.752560e+002,-2.887003e-004
7.771844e+002,-3.917327e-004
7.791130e+002,-2.165763e-004
7.810415e+002,-4.280795e-004
7.829700e+002,-4.099727e-004
7.848984e+002,-4.210951e-004
7.868270e+002,-2.317770e-004
7.887555e+002,-3.695192e-004
7.906840e+002,-3.452851e-004
7.926124e+002,-4.375464e-004
7.945410e+002,-2.444604e-004
7.964695e+002,-3.635933e-004
7.983979e+002,-2.598257e-004
8.003264e+002,-3.085671e-004
8.022549e+002,-2.182984e-004
8.041835e+002,-4.771331e-004
8.061119e+002,-3.348891e-004
8.080404e+002,-3.147587e-004
8.099689e+002,-2.805878e-004
8.118975e+002,-4.946082e-004
8.138259e+002,-3.814372e-004
8.157545e+002,-4.685607e-004
8.176830e+002,-3.568064e-004
8.196115e+002,-4.690240e-004
8.215399e+002,-4.112968e-004
8.234684e+002,-5.602664e-004
8.253970e+002,-4.362886e-004
8.273254e+002,-5.289940e-004
8.292539e+002,-3.250227e-004
8.311824e+002,-4.895445e-004
8.331110e+002,-4.656811e-004
8.350394e+002,-5.457391e-004
8.369679e+002,-4.291057e-004
8.388964e+002,-4.997713e-004
8.408250e+002,-2.855216e-004
8.427534e+002,-4.711092e-004
8.446819e+002,-4.345674e-004
8.466104e+002,-5.055961e-004
8.485389e+002,-3.133681e-004
8.504674e+002,-4.316876e-004
8.523959e+002,-4.075562e-004
8.543244e+002,-5.653293e-004
8.562529e+002,-4.446630e-004
8.581814e+002,-4.984805e-004
8.601099e+002,-3.066135e-004
8.620384e+002,-4.097410e-004
8.639669e+002,-3.337303e-004
8.658954e+002,-4.588958e-004
8.678239e+002,-2.142250e-004
8.697524e+002,-3.048587e-004
8.716809e+002,-2.244582e-004
8.736094e+002,-3.718366e-004
8.755378e+002,-3.036336e-004
8.774664e+002,-3.733926e-004
8.793949e+002,-3.306512e-004
8.813234e+002,-4.333095e-004
8.832518e+002,-3.024416e-004
8.851804e+002,-3.506485e-004
8.871089e+002,-3.062493e-004
8.890374e+002,-3.705124e-004
8.909658e+002,-2.488978e-004
8.928943e+002,-2.658193e-004
8.948229e+002,-1.415918e-004
8.967513e+002,-2.482687e-004
8.986798e+002,-2.045214e-004
9.006083e+002,-4.189435e-004
9.025369e+002,-3.012496e-004
9.044653e+002,-4.002404e-004
9.063938e+002,-3.502181e-004
9.083223e+002,-3.844828e-004
9.102509e+002,-2.901572e-004
9.121793e+002,-3.770342e-004
9.141078e+002,-2.782699e-004
9.160364e+002,-3.545551e-004
9.179648e+002,-2.837997e-004
9.198933e+002,-3.481323e-004
9.218218e+002,-3.087657e-004
9.237504e+002,-3.243936e-004
9.256788e+002,-1.952481e-004
9.276073e+002,-2.607860e-004
9.295358e+002,-1.883593e-004
9.314644e+002,-2.200868e-004
9.333928e+002,-1.504259e-005
9.353213e+002,-1.492101e-004
9.372498e+002,-1.196305e-004
9.391783e+002,-1.244668e-004
9.411068e+002,-5.642360e-005
9.430353e+002,-1.539466e-004
9.449637e+002,-1.016433e-004
9.468923e+002,-1.403662e-004
9.488208e+002,-5.132160e-005
9.507493e+002,-1.053203e-004
9.526777e+002,-6.298324e-005
9.546063e+002,-1.475871e-004
9.565348e+002,-8.123706e-005
9.584633e+002,-1.189680e-004
9.603917e+002,-2.249743e-005
9.623203e+002,-8.703440e-005
9.642488e+002,-9.236788e-005
9.661772e+002,-2.067072e-004
9.681057e+002,-1.185374e-004
9.700343e+002,-1.084011e-004
9.719628e+002,2.978852e-005
9.738912e+002,-4.350282e-005
9.758197e+002,-1.085667e-004
9.777483e+002,-1.163180e-004
9.796768e+002,-3.356349e-005
9.816052e+002,-1.136349e-004
9.835337e+002,-6.682621e-005
9.854623e+002,-1.330459e-004
9.873907e+002,-1.524163e-006
9.893192e+002,-2.637389e-005
9.912477e+002,1.119945e-005
9.931763e+002,-9.591245e-005
9.951047e+002,2.654118e-005
9.970332e+002,-6.858692e-006
9.989617e+002,-1.348534e-005
1.000890e+003,-6.762131e-005
1.002819e+003,4.890860e-005
1.004747e+003,-1.292208e-005
1.006676e+003,-7.560530e-005
1.008604e+003,-1.757736e-004
1.010533e+003,-1.778934e-004
1.012461e+003,-2.935677e-004
1.014390e+003,-3.416101e-004
1.016318e+003,-3.828276e-004
1.018247e+003,-2.890314e-004
1.020175e+003,-3.346905e-004
1.022104e+003,-1.764360e-004
1.024032e+003,-1.773303e-004
1.025961e+003,-5.287871e-005
1.027889e+003,-6.295012e-005
1.029818e+003,-3.296712e-005
1.031746e+003,-1.231418e-004
1.033675e+003,-2.153659e-005
1.035603e+003,-6.331453e-005
1.037532e+003,-6.205562e-005
1.039460e+003,-1.874982e-004
1.041389e+003,-1.744819e-004
1.043317e+003,-1.444404e-004
1.045246e+003,-1.196305e-004
1.047174e+003,-2.129334e-004
1.049103e+003,-1.403662e-004
1.051031e+003,-2.335322e-004
1.052960e+003,-1.120780e-004
1.054888e+003,-4.356908e-005
1.056817e+003,5.765361e-006
1.058745e+003,-1.248311e-004
1.060674e+003,-1.077054e-004
1.062602e+003,-1.349340e-004
1.064531e+003,-1.197962e-004
1.066459e+003,-1.396375e-004
1.068388e+003,-7.351821e-005
1.070316e+003,-1.493094e-004
1.072245e+003,-8.660374e-005
1.074173e+003,-1.508331e-004
1.076102e+003,-1.264873e-004
1.078030e+003,-1.574244e-004
1.079959e+003,-1.216180e-004
1.081887e+003,-2.071377e-004
1.083816e+003,-1.406312e-004
1.085744e+003,-1.425524e-004
1.087673e+003,-1.138336e-004
1.089601e+003,-1.036309e-004
1.091530e+003,-6.762131e-005
1.093458e+003,-1.704081e-004
1.095387e+003,-1.479845e-004
1.097315e+003,-1.471565e-004
1.099244e+003,-1.042603e-004
1.101172e+003,-1.863390e-004
1.103101e+003,-1.343709e-004
1.105029e+003,-2.322407e-004
1.106958e+003,-2.334660e-004
1.108886e+003,-2.660511e-004
1.110815e+003,-2.023356e-004
1.112743e+003,-1.972353e-004
1.114672e+003,-2.158478e-004
1.116600e+003,-2.968789e-004
1.118529e+003,-2.753228e-004
1.120457e+003,-3.362134e-004
1.122386e+003,-3.443912e-004
1.124314e+003,-3.333661e-004
1.126243e+003,-2.701241e-004
1.128171e+003,-3.391270e-004
1.130100e+003,-3.473708e-004
1.132028e+003,-3.509134e-004
1.133957e+003,-2.826408e-004
1.135885e+003,-3.742533e-004
1.137814e+003,-2.966140e-004
1.139742e+003,-2.878394e-004
1.141671e+003,-2.522093e-004
1.143599e+003,-3.094279e-004
1.145528e+003,-2.950578e-004
1.147456e+003,-3.393588e-004
1.149385e+003,-3.010178e-004
1.151313e+003,-3.494897e-004
1.153242e+003,-3.449209e-004
1.155170e+003,-3.861049e-004
1.157099e+003,-3.730285e-004
1.159027e+003,-3.803447e-004
1.160956e+003,-3.328033e-004
1.162884e+003,-3.126065e-004
1.164813e+003,-2.774752e-004
1.166741e+003,-3.404513e-004
1.168670e+003,-2.698592e-004
1.170598e+003,-3.071102e-004
1.172526e+003,-3.115801e-004
1.174455e+003,-3.448547e-004
1.176384e+003,-3.073751e-004
1.178312e+003,-2.875083e-004
1.180240e+003,-3.089644e-004
1.182169e+003,-3.861712e-004
1.184098e+003,-2.762500e-004
1.186026e+003,-2.706405e-004
1.187954e+003,-2.939103e-004
1.189883e+003,-3.380455e-004
1.191812e+003,-2.963982e-004
1.193740e+003,-3.734092e-004
1.195668e+003,-3.148056e-004
1.197597e+003,-3.003882e-004
1.199526e+003,-3.021589e-004
1.201454e+003,-3.157836e-004
1.203382e+003,-2.403940e-004
1.205311e+003,-2.919339e-004
1.207240e+003,-2.964554e-004
1.209168e+003,-3.259515e-004
1.211096e+003,-2.953823e-004
1.213025e+003,-3.231745e-004
1.214953e+003,-2.744980e-004
1.216882e+003,-3.331208e-004
1.218810e+003,-3.051651e-004
1.220739e+003,-3.163827e-004
1.222667e+003,-2.892316e-004
1.224596e+003,-3.283956e-004
1.226524e+003,-3.339822e-004
1.228453e+003,-3.417443e-004
1.230381e+003,-2.769511e-004
1.232310e+003,-3.200094e-004
1.234238e+003,-3.300682e-004
1.236167e+003,-3.473629e-004
1.238095e+003,-2.952547e-004
1.240024e+003,-3.154090e-004
1.241952e+003,-2.984292e-004
1.243881e+003,-3.196723e-004
1.245809e+003,-3.132418e-004
1.247738e+003,-3.414633e-004
1.249666e+003,-3.001680e-004
1.251595e+003,-3.401706e-004
1.253523e+003,-3.374463e-004
1.255452e+003,-3.521720e-004
1.257380e+003,-3.671725e-004
1.259309e+003,-4.097212e-004
1.261237e+003,-3.741934e-004
1.263166e+003,-4.334603e-004
1.265094e+003,-3.999087e-004
1.267023e+003,-3.879853e-004
1.268951e+003,-3.688115e-004
1.270880e+003,-4.018460e-004
1.272808e+003,-3.771657e-004
1.274737e+003,-4.280487e-004
1.276665e+003,-4.515076e-004
1.278594e+003,-4.378092e-004
1.280522e+003,-3.507587e-004
1.282451e+003,-3.818618e-004
1.284379e+003,-3.556342e-004
1.286308e+003,-3.768954e-004
1.288236e+003,-3.451262e-004
1.290165e+003,-3.718200e-004
1.292093e+003,-3.528971e-004
1.294022e+003,-3.542918e-004
1.295950e+003,-3.760504e-004
1.297879e+003,-3.886044e-004
1.299807e+003,-3.450974e-004
1.301736e+003,-3.688694e-004
1.303664e+003,-3.657561e-004
1.305593e+003,-3.686453e-004
1.307521e+003,-3.263186e-004
1.309450e+003,-3.110649e-004
1.311378e+003,-3.285042e-004
1.313307e+003,-3.904436e-004
1.315235e+003,-3.592111e-004
1.317164e+003,-3.588144e-004
1.319092e+003,-3.638340e-004
1.321021e+003,-3.969742e-004
1.322949e+003,-3.882936e-004
1.324878e+003,-4.092415e-004
1.326806e+003,-3.688256e-004
1.328735e+003,-3.800131e-004
1.330663e+003,-3.585163e-004
1.332592e+003,-3.841952e-004
1.334520e+003,-3.735578e-004
1.336449e+003,-3.856937e-004
1.338377e+003,-3.891619e-004
1.340306e+003,-3.999922e-004
1.342234e+003,-3.774821e-004
1.344163e+003,-3.985664e-004
1.346091e+003,-3.705626e-004
1.348020e+003,-3.937849e-004
1.349948e+003,-3.769278e-004
1.351877e+003,-4.073892e-004
1.353805e+003,-4.011742e-004
1.355734e+003,-3.932285e-004
1.357662e+003,-3.692467e-004
1.359591e+003,-4.050501e-004
1.361519e+003,-3.495386e-004
1.363448e+003,-3.545930e-004
1.365376e+003,-3.373473e-004
1.367305e+003,-3.456619e-004
1.369233e+003,-3.552918e-004
1.371162e+003,-4.177012e-004
1.373090e+003,-4.148618e-004
1.375019e+003,-4.005475e-004
1.376947e+003,-3.336169e-004
1.378876e+003,-3.568404e-004
1.380804e+003,-3.734466e-004
1.382733e+003,-4.627967e-004
1.384661e+003,-4.161652e-004
1.386590e+003,-3.608788e-004
1.388518e+003,-3.982829e-004
1.390447e+003,-4.164799e-004
1.392375e+003,-3.720421e-004
1.394304e+003,-3.973227e-004
1.396232e+003,-3.728573e-004
1.398161e+003,-3.639205e-004
1.400089e+003,-3.959460e-004
1.402018e+003,-4.322210e-004
1.403946e+003,-3.852546e-004
1.405875e+003,-4.032963e-004
1.407803e+003,-4.084393e-004
1.409732e+003,-4.200566e-004
1.411660e+003,-3.859778e-004
1.413589e+003,-3.504501e-004
1.415517e+003,-3.110051e-004
1.417446e+003,-3.267746e-004
1.419374e+003,-2.422002e-004
1.421303e+003,-2.750815e-004
1.423231e+003,-3.357109e-004
1.425160e+003,-3.598621e-004
1.427088e+003,-3.076341e-004
1.429017e+003,-3.328995e-004
1.430945e+003,-3.616234e-004
1.432874e+003,-3.462021e-004
1.434802e+003,-2.454843e-004
1.436731e+003,-2.346340e-004
1.438659e+003,-2.705873e-004
1.440588e+003,-2.595907e-004
1.442516e+003,-1.893433e-004
1.444445e+003,-2.493697e-004
1.446373e+003,-2.799809e-004
1.448302e+003,-2.344515e-004
1.450230e+003,-2.313078e-004
1.452159e+003,-2.631582e-004
1.454087e+003,-2.400020e-004
1.456016e+003,-2.637820e-004
1.457944e+003,-2.647197e-004
1.459873e+003,-3.034650e-004
1.461801e+003,-2.886850e-004
1.463730e+003,-2.712771e-004
1.465658e+003,-2.490671e-004
1.467587e+003,-2.011792e-004
1.469515e+003,-2.309827e-004
1.471444e+003,-3.348651e-004
1.473372e+003,-2.753997e-004
1.475301e+003,-2.395934e-004
1.477229e+003,-2.025259e-004
1.479158e+003,-2.652132e-004
1.481086e+003,-2.525623e-004
1.483015e+003,-1.304001e-004
1.484943e+003,-1.336800e-004
1.486872e+003,-2.430028e-004
1.488800e+003,-2.391259e-004
1.490729e+003,-1.955785e-004
1.492657e+003,-1.679217e-004
1.494586e+003,-2.133211e-004
1.496514e+003,-1.127003e-004
1.498443e+003,-1.028388e-004
1.500371e+003,-9.037374e-005
1.502300e+003,-6.259129e-005
1.504228e+003,-6.797600e-005
1.506157e+003,-1.178531e-004
1.508085e+003,-1.226360e-004
1.510014e+003,-1.323316e-004
1.511942e+003,-7.338144e-005
1.513871e+003,-1.870451e-004
1.515799e+003,-1.710787e-004
1.517728e+003,-1.348435e-004
1.519656e+003,-1.036825e-004
1.521585e+003,-1.364875e-004
1.523513e+003,-1.473538e-004
1.525442e+003,-2.118379e-004
1.527370e+003,-2.605330e-004
1.529299e+003,-2.257230e-004
1.531227e+003,-1.578091e-004
1.533156e+003,-2.538939e-004
1.535084e+003,-2.515513e-004
1.537013e+003,-1.846717e-004
1.538941e+003,-1.732394e-004
1.540870e+003,-2.280852e-004
1.542798e+003,-2.181339e-004
1.544727e+003,-2.146549e-004
1.546655e+003,-2.245672e-004
1.548584e+003,-2.762776e-004
1.550512e+003,-2.363228e-004
1.552441e+003,-2.427918e-004
1.554369e+003,-2.416149e-004
1.556298e+003,-2.985469e-004
1.558226e+003,-3.366901e-004
1.560155e+003,-2.294193e-004
1.562083e+003,-1.788325e-004
1.564012e+003,-2.088173e-004
1.565940e+003,-1.759395e-004
1.567869e+003,-2.330615e-004
1.569797e+003,-2.211248e-004
1.571726e+003,-2.016683e-004
1.573654e+003,-2.160921e-004
1.575583e+003,-2.233660e-004
1.577511e+003,-1.962585e-004
1.579440e+003,-1.991352e-004
1.581368e+003,-1.751553e-004
1.583297e+003,-1.461953e-004
1.585225e+003,-6.615509e-005
1.587154e+003,-1.101720e-004
1.589082e+003,-1.562443e-004
1.591010e+003,-2.219791e-004
1.592939e+003,-1.620924e-004
1.594868e+003,-1.281381e-004
1.596796e+003,-1.780767e-004
1.598724e+003,-1.587081e-004
1.600653e+003,-7.882639e-005
1.602582e+003,-7.500486e-005
1.604510e+003,-1.090493e-004
1.606438e+003,-1.811819e-004
1.608367e+003,-1.631639e-004
1.610296e+003,-1.827474e-004
1.612224e+003,-2.050338e-004
1.614152e+003,-1.603803e-004
1.616081e+003,-9.547023e-005
1.618010e+003,-1.035954e-004
1.619938e+003,-1.464514e-004
1.621866e+003,-1.526696e-004
1.623795e+003,-1.597540e-004
1.625724e+003,-1.958133e-004
1.627652e+003,-2.356939e-004
1.629580e+003,-1.635413e-004
1.631509e+003,-7.668259e-005
1.633438e+003,-1.238585e-004
1.635366e+003,-1.347128e-004
1.637294e+003,-1.155895e-004
1.639223e+003,-1.121639e-004
1.641151e+003,-1.455399e-004
1.643080e+003,-1.926913e-004
1.645008e+003,-1.704118e-004
1.646937e+003,-9.256140e-005
1.648865e+003,-1.454949e-004
1.650794e+003,-1.379885e-004
1.652722e+003,-6.361830e-005
1.654651e+003,-4.504576e-006
1.656579e+003,-5.024653e-005
1.658508e+003,-5.070092e-005
1.660436e+003,-7.930259e-005
1.662365e+003,-1.411042e-006
1.664293e+003,2.160907e-005
1.666222e+003,-3.046900e-005
1.668150e+003,-7.558472e-005
1.670079e+003,-4.936562e-005
1.672007e+003,-3.087241e-005
1.673936e+003,-3.143210e-005
1.675864e+003,5.532557e-005
1.677793e+003,2.031575e-004
1.679721e+003,2.115218e-004
1.681650e+003,1.216377e-004
1.683578e+003,3.884440e-005
1.685507e+003,2.328240e-004
1.687435e+003,1.897190e-004
1.689364e+003,7.620823e-005
1.691292e+003,9.213874e-005
1.693221e+003,1.395477e-004
1.695149e+003,2.954998e-004
1.697078e+003,3.047009e-004
1.699006e+003,2.150965e-004
1.700935e+003,2.951604e-004
1.702863e+003,1.827433e-004
1.704792e+003,1.017560e-004
1.706720e+003,1.283223e-004
1.708649e+003,1.671706e-004
1.710577e+003,2.147448e-004
1.712506e+003,2.813252e-004
1.714434e+003,2.284219e-004
1.716363e+003,3.004506e-004
1.718291e+003,3.653350e-004
1.720220e+003,3.093768e-004
1.722148e+003,2.139228e-004
1.724077e+003,2.929462e-004
1.726005e+003,3.339465e-004
1.727934e+003,3.596053e-004
1.729862e+003,3.743128e-004
1.731791e+003,3.852673e-004
1.733719e+003,4.226738e-004
1.735648e+003,3.943938e-004
1.737576e+003,2.631715e-004
1.739505e+003,3.029959e-004
1.741433e+003,3.566927e-004
1.743362e+003,3.604373e-004
1.745290e+003,3.336504e-004
1.747219e+003,3.144181e-004
1.749147e+003,3.556155e-004
1.751076e+003,4.268446e-004
1.753004e+003,3.503695e-004
1.754933e+003,3.956714e-004
1.756861e+003,4.661322e-004
1.758790e+003,5.572494e-004
1.760718e+003,5.886133e-004
1.762647e+003,5.589602e-004
1.764575e+003,5.874140e-004
1.766504e+003,6.219122e-004
1.768432e+003,6.212846e-004
1.770361e+003,5.929421e-004
1.772289e+003,6.147099e-004
1.774218e+003,5.931741e-004
1.776146e+003,5.327981e-004
1.778075e+003,6.503545e-004
1.780003e+003,6.905751e-004
1.781932e+003,6.494065e-004
1.783860e+003,6.492139e-004
1.785789e+003,6.607400e-004
1.787717e+003,6.433433e-004
1.789646e+003,6.725154e-004
1.791574e+003,6.405387e-004
1.793503e+003,6.988241e-004
1.795431e+003,8.157400e-004
1.797360e+003,8.557999e-004
1.799288e+003,7.912871e-004
1.801217e+003,8.233296e-004
1.803145e+003,8.242391e-004
1.805074e+003,8.724209e-004
1.807002e+003,9.229066e-004
1.808931e+003,9.125324e-004
1.810859e+003,9.327619e-004
1.812788e+003,9.960772e-004
1.814716e+003,1.012677e-003
1.816645e+003,1.056366e-003
1.818573e+003,1.029795e-003
1.820502e+003,1.015843e-003
1.822430e+003,9.916702e-004
1.824359e+003,9.999569e-004
1.826287e+003,1.035982e-003
1.828216e+003,1.061868e-003
1.830144e+003,1.019312e-003
1.832073e+003,1.016504e-003
1.834001e+003,1.103579e-003
1.835930e+003,1.160923e-003
1.837858e+003,1.092787e-003
1.839787e+003,1.082131e-003
1.841715e+003,1.160733e-003
1.843644e+003,1.271858e-003
1.845572e+003,1.327569e-003
1.847501e+003,1.353690e-003
1.849429e+003,1.362030e-003
1.851358e+003,1.268711e-003
1.853286e+003,1.337694e-003
1.855215e+003,1.532618e-003
1.857143e+003,1.442575e-003
1.859072e+003,1.417197e-003
1.861000e+003,1.491897e-003
1.862929e+003,1.460857e-003
1.864857e+003,1.414223e-003
1.866786e+003,1.352858e-003
1.868714e+003,1.435100e-003
1.870643e+003,1.452784e-003
1.872571e+003,1.348717e-003
1.874500e+003,1.341844e-003
1.876428e+003,1.350099e-003
1.878357e+003,1.439744e-003
1.880285e+003,1.599522e-003
1.882214e+003,1.728859e-003
1.884142e+003,1.623934e-003
1.886071e+003,1.476032e-003
1.887999e+003,1.424044e-003
1.889928e+003,1.438232e-003
1.891856e+003,1.303616e-003
1.893785e+003,1.522817e-003
1.895713e+003,1.520847e-003
1.897642e+003,1.422123e-003
1.899570e+003,1.520867e-003
1.901499e+003,1.397225e-003
1.903427e+003,1.538095e-003
1.905356e+003,1.641818e-003
1.907284e+003,1.552887e-003
1.909213e+003,1.481408e-003
1.911141e+003,1.410537e-003
1.913070e+003,1.400398e-003
1.914998e+003,1.328921e-003
1.916927e+003,1.164903e-003
1.918855e+003,1.265862e-003
1.920784e+003,1.527635e-003
1.922712e+003,1.439522e-003
1.924641e+003,1.246003e-003
1.926569e+003,1.365390e-003
1.928498e+003,1.892820e-003
1.930426e+003,1.845691e-003
1.932355e+003,1.429808e-003
1.934283e+003,1.246246e-003
1.936212e+003,1.267102e-003
1.938140e+003,1.560231e-003
1.940069e+003,1.682488e-003
1.941997e+003,1.178607e-003
1.943926e+003,1.264149e-003
1.945854e+003,1.472732e-003
1.947783e+003,1.602433e-003
1.949711e+003,1.211881e-003
1.951640e+003,1.145557e-003
1.953568e+003,1.182316e-003
1.955497e+003,1.207771e-003
1.957425e+003,1.602712e-003
1.959354e+003,1.370183e-003
1.961282e+003,8.140768e-004
1.963211e+003,5.012904e-004
1.965139e+003,4.044890e-004
1.967068e+003,-2.659608e-004
1.968996e+003,-6.472315e-004
1.970925e+003,2.165862e-004
1.972853e+003,-4.504183e-004
1.974782e+003,-6.185378e-004
1.976710e+003,-5.356797e-004
1.978639e+003,-1.301740e-003
1.980567e+003,-1.555380e-003
1.982496e+003,-4.865777e-004
1.984424e+003,-1.149614e-004
1.986353e+003,-7.047164e-005
1.988281e+003,-1.760005e-004
1.990210e+003,2.193971e-004
1.992138e+003,-5.089508e-005
1.994067e+003,-2.664449e-004
1.995995e+003,-3.908912e-004
1.997924e+003,-6.157129e-004
1.999852e+003,-1.609075e-004
2.001781e+003,2.102849e-004
2.003709e+003,1.926418e-004
2.005638e+003,2.398882e-004
2.007566e+003,-2.686865e-004
2.009495e+003,-8.487775e-004
2.011423e+003,-1.093169e-003
2.013352e+003,-1.648944e-003
2.015280e+003,-1.784824e-003
2.017208e+003,-2.232428e-003
2.019137e+003,-2.577184e-003
2.021066e+003,-1.936890e-003
2.022994e+003,-1.797025e-003
2.024922e+003,-2.645700e-003
2.026851e+003,-2.051598e-003
2.028780e+003,-2.853069e-003
2.030708e+003,-4.143017e-003
2.032636e+003,-3.421786e-003
2.034565e+003,-2.938026e-003
2.036494e+003,-3.383451e-003
2.038422e+003,-2.361629e-003
2.040350e+003,-2.368004e-003
2.042279e+003,-3.125890e-003
2.044208e+003,-2.874976e-003
2.046136e+003,-1.946901e-003
2.048064e+003,-1.338401e-003
2.049993e+003,-1.447984e-003
2.051921e+003,-1.529772e-003
2.053850e+003,-1.154742e-003
2.055778e+003,-1.003308e-003
2.057707e+003,-1.169454e-003
2.059635e+003,-1.046416e-003
2.061564e+003,-1.237165e-003
2.063492e+003,-1.630522e-003
2.065421e+003,-1.375901e-003
2.067349e+003,-1.357921e-003
2.069278e+003,-1.090254e-003
2.071206e+003,-6.519305e-004
2.073135e+003,-6.227438e-004
2.075063e+003,-7.026725e-004
2.076992e+003,-7.625259e-004
2.078920e+003,-9.931986e-004
2.080849e+003,-1.319285e-003
2.082777e+003,-1.124392e-003
2.084706e+003,-8.527602e-004
2.086634e+003,-7.247640e-004
2.088563e+003,-8.070241e-004
2.090491e+003,-1.095962e-003
2.092420e+003,-1.164589e-003
2.094348e+003,-7.152373e-004
2.096277e+003,-8.517484e-004
2.098205e+003,-1.052651e-003
2.100134e+003,-1.040685e-003
2.102062e+003,-1.119117e-003
2.103991e+003,-1.299658e-003
2.105919e+003,-1.305604e-003
2.107848e+003,-1.151966e-003
2.109776e+003,-1.392906e-003
2.111705e+003,-1.543454e-003
2.113633e+003,-1.300649e-003
2.115562e+003,-1.230543e-003
2.117490e+003,-1.191422e-003
2.119419e+003,-1.239067e-003
2.121347e+003,-8.151602e-004
2.123276e+003,-4.872608e-004
2.125204e+003,-7.119967e-004
2.127133e+003,-1.233352e-003
2.129061e+003,-1.526813e-003
2.130990e+003,-1.624238e-003
2.132918e+003,-1.750616e-003
2.134847e+003,-2.032483e-003
2.136775e+003,-2.034825e-003
2.138704e+003,-2.395104e-003
2.140632e+003,-2.551136e-003
2.142561e+003,-3.123651e-003
2.144489e+003,-3.849203e-003
2.146418e+003,-4.173984e-003
2.148346e+003,-4.859845e-003
2.150275e+003,-4.834320e-003
2.152203e+003,-6.497739e-003
2.154132e+003,-7.897064e-003
2.156060e+003,-7.907443e-003
2.157989e+003,-1.039994e-002
2.159917e+003,-1.252968e-002
2.161846e+003,-1.095881e-002
2.163774e+003,-9.787183e-003
2.165703e+003,-8.848638e-003
2.167631e+003,-7.576945e-003
2.169560e+003,-7.650559e-003
2.171488e+003,-8.325527e-003
2.173417e+003,-8.246923e-003
2.175345e+003,-7.470197e-003
2.177274e+003,-7.075085e-003
2.179202e+003,-6.904170e-003
2.181131e+003,-6.753740e-003
2.183059e+003,-6.967757e-003
2.184988e+003,-6.391149e-003
2.186916e+003,-6.659319e-003
2.188845e+003,-7.055037e-003
2.190773e+003,-6.907724e-003
2.192702e+003,-6.521469e-003
2.194630e+003,-5.940346e-003
2.196559e+003,-6.195173e-003
2.198487e+003,-6.506258e-003
2.200416e+003,-6.936193e-003
2.202344e+003,-7.060318e-003
2.204273e+003,-6.617061e-003
2.206201e+003,-6.547025e-003
2.208130e+003,-6.360098e-003
2.210058e+003,-6.395394e-003
2.211987e+003,-6.775433e-003
2.213915e+003,-6.707935e-003
2.215844e+003,-6.530543e-003
2.217772e+003,-6.153393e-003
2.219701e+003,-5.973584e-003
2.221629e+003,-5.885891e-003
2.223558e+003,-5.784873e-003
2.225486e+003,-5.971394e-003
2.227415e+003,-6.199648e-003
2.229343e+003,-5.900404e-003
2.231272e+003,-5.528177e-003
2.233200e+003,-5.619120e-003
2.235129e+003,-5.673887e-003
2.237057e+003,-5.590448e-003
2.238986e+003,-5.468564e-003
2.240914e+003,-5.424881e-003
2.242843e+003,-5.159574e-003
2.244771e+003,-5.331460e-003
2.246700e+003,-4.971118e-003
2.248628e+003,-4.519614e-003
2.250557e+003,-4.541979e-003
2.252485e+003,-4.549269e-003
2.254414e+003,-3.994927e-003
2.256342e+003,-3.717058e-003
2.258271e+003,-3.780710e-003
2.260199e+003,-3.950017e-003
2.262128e+003,-3.636173e-003
2.264056e+003,-3.336715e-003
2.265985e+003,-3.466880e-003
2.267913e+003,-3.525903e-003
2.269842e+003,-3.347983e-003
2.271770e+003,-3.427744e-003
2.273699e+003,-3.434608e-003
2.275627e+003,-3.537500e-003
2.277556e+003,-3.175715e-003
2.279484e+003,-2.798676e-003
2.281413e+003,-2.747986e-003
2.283341e+003,-2.748847e-003
2.285270e+003,-2.670683e-003
2.287198e+003,-2.617794e-003
2.289127e+003,-2.478217e-003
2.291055e+003,-2.327872e-003
2.292984e+003,-2.054521e-003
2.294912e+003,-1.914103e-003
2.296841e+003,-1.745853e-003
2.298769e+003,-1.442129e-003
2.300698e+003,-1.290943e-003
2.302626e+003,-1.337384e-003
2.304555e+003,-1.346456e-003
2.306483e+003,-1.391460e-003
2.308412e+003,-1.456963e-003
2.310340e+003,-1.419636e-003
2.312269e+003,-1.209536e-003
2.314197e+003,-1.047625e-003
2.316125e+003,-1.027660e-003
2.318054e+003,-8.976289e-004
2.319983e+003,-8.489001e-004
2.321911e+003,-9.404930e-004
2.323840e+003,-8.834892e-004
2.325768e+003,-7.222935e-004
2.327697e+003,-7.029795e-004
2.329625e+003,-6.542301e-004
2.331553e+003,-6.532641e-004
2.333482e+003,-6.602807e-004
2.335411e+003,-7.118575e-004
2.337339e+003,-6.712418e-004
2.339268e+003,-5.609011e-004
2.341196e+003,-5.897408e-004
2.343125e+003,-5.946789e-004
2.345053e+003,-5.002819e-004
2.346981e+003,-4.955496e-004
2.348910e+003,-5.008772e-004
2.350839e+003,-4.936934e-004
2.352767e+003,-5.089122e-004
2.354696e+003,-5.310664e-004
2.356624e+003,-5.099897e-004
2.358552e+003,-4.838275e-004
2.360481e+003,-5.188116e-004
2.362409e+003,-5.094471e-004
2.364338e+003,-4.434774e-004
2.366267e+003,-5.523890e-004
2.368195e+003,-4.478895e-004
2.370124e+003,-3.344606e-004
2.372052e+003,-4.223285e-004
2.373980e+003,-4.920526e-004
2.375909e+003,-4.456169e-004
2.377838e+003,-3.333455e-004
2.379766e+003,-2.904612e-004
2.381695e+003,-2.369969e-004
2.383623e+003,-9.222625e-005
2.385552e+003,3.359799e-005
2.387480e+003,4.303964e-005
2.389408e+003,8.302732e-005
2.391337e+003,1.334891e-004
2.393266e+003,2.113251e-004
2.395194e+003,2.829608e-004
2.397123e+003,2.586806e-004
2.399051e+003,2.911462e-004
2.400979e+003,2.854441e-004
2.402908e+003,3.654897e-004
2.404836e+003,2.340556e-004
2.406765e+003,1.782977e-004
2.408694e+003,1.612602e-004
2.410622e+003,1.300706e-004
2.412551e+003,2.246406e-004
2.414479e+003,3.389278e-004
2.416407e+003,3.744103e-004
2.418336e+003,3.786883e-004
2.420264e+003,4.714550e-004
2.422193e+003,4.309894e-004
2.424122e+003,4.707252e-004
2.426050e+003,5.657345e-004
2.427979e+003,5.493120e-004
2.429907e+003,4.662805e-004
2.431835e+003,5.448664e-004
2.433764e+003,5.007119e-004
2.435692e+003,4.222998e-004
2.437621e+003,4.570594e-004
2.439550e+003,4.241902e-004
2.441478e+003,2.972809e-004
2.443406e+003,3.460572e-004
2.445335e+003,4.196133e-004
2.447263e+003,3.773950e-004
2.449192e+003,3.723874e-004
2.451121e+003,4.831973e-004
2.453049e+003,4.104264e-004
2.454978e+003,2.634955e-004
2.456906e+003,3.567018e-004
2.458834e+003,3.290462e-004
2.460763e+003,4.232948e-004
2.462691e+003,3.559060e-004
2.464620e+003,2.758291e-004
2.466549e+003,3.949716e-004
2.468477e+003,4.369595e-004
2.470406e+003,3.843924e-004
2.472334e+003,5.408190e-004
2.474262e+003,4.223993e-004
2.476191e+003,3.607807e-004
2.478119e+003,3.438023e-004
2.480048e+003,3.340864e-004
2.481977e+003,3.386625e-004
2.483905e+003,3.062333e-004
2.485833e+003,1.921205e-004
2.487762e+003,2.915893e-005
2.489690e+003,2.302877e-005
2.491619e+003,1.435935e-004
2.493547e+003,1.865486e-005
2.495476e+003,-5.128847e-005
2.497405e+003,-7.991195e-005
2.499333e+003,-2.068397e-004
2.501261e+003,-2.024349e-004
2.503190e+003,-1.924992e-004
2.505118e+003,-1.109849e-004
2.507047e+003,-1.622271e-004
2.508975e+003,-2.315121e-004
2.510904e+003,-3.983535e-004
2.512833e+003,-6.542025e-004
2.514761e+003,-6.192973e-004
2.516689e+003,-5.246918e-004
2.518618e+003,-5.492138e-004
2.520546e+003,-6.334583e-004
2.522475e+003,-6.133416e-004
2.524403e+003,-6.088418e-004
2.526332e+003,-8.010052e-004
2.528260e+003,-8.547124e-004
2.530189e+003,-8.864574e-004
2.532117e+003,-9.257717e-004
2.534046e+003,-8.125475e-004
2.535974e+003,-7.282385e-004
2.537903e+003,-8.553407e-004
2.539831e+003,-8.746195e-004
2.541760e+003,-8.570603e-004
2.543688e+003,-9.366825e-004
2.545617e+003,-1.041412e-003
2.547545e+003,-1.053180e-003
2.549474e+003,-9.917283e-004
2.551402e+003,-8.926077e-004
2.553331e+003,-9.251435e-004
2.555259e+003,-9.206798e-004
2.557188e+003,-8.587799e-004
2.559116e+003,-8.805385e-004
2.561045e+003,-9.455101e-004
2.562973e+003,-1.173347e-003
2.564902e+003,-1.175032e-003
2.566830e+003,-1.029612e-003
2.568759e+003,-1.034834e-003
2.570687e+003,-1.130882e-003
2.572616e+003,-1.148397e-003
2.574544e+003,-1.059790e-003
2.576473e+003,-1.077176e-003
2.578401e+003,-1.118059e-003
2.580330e+003,-1.094825e-003
2.582258e+003,-1.148595e-003
2.584187e+003,-1.118985e-003
2.586115e+003,-9.812817e-004
2.588044e+003,-1.022571e-003
2.589972e+003,-1.101171e-003
2.591901e+003,-1.110689e-003
2.593829e+003,-1.119480e-003
2.595758e+003,-1.103782e-003
2.597686e+003,-1.060319e-003
2.599615e+003,-9.678595e-004
2.601543e+003,-9.986375e-004
2.603472e+003,-1.008951e-003
2.605400e+003,-9.924556e-004
2.607329e+003,-9.460722e-004
2.609257e+003,-9.668676e-004
2.611186e+003,-9.520233e-004
2.613114e+003,-9.800586e-004
2.615043e+003,-9.765542e-004
2.616971e+003,-8.224691e-004
2.618900e+003,-7.373351e-004
2.620828e+003,-8.596066e-004
2.622757e+003,-8.394674e-004
2.624685e+003,-7.715693e-004
2.626614e+003,-7.140807e-004
2.628542e+003,-7.066708e-004
2.630471e+003,-6.757398e-004
2.632399e+003,-6.589004e-004
2.634328e+003,-6.829517e-004
2.636256e+003,-6.296203e-004
2.638185e+003,-4.978517e-004
2.640113e+003,-4.701825e-004
2.642042e+003,-4.682628e-004
2.643970e+003,-4.957335e-004
2.645899e+003,-4.027562e-004
2.647827e+003,-3.418750e-004
2.649756e+003,-3.067460e-004
2.651684e+003,-3.008523e-004
2.653613e+003,-2.717135e-004
2.655541e+003,-2.313134e-004
2.657470e+003,-1.560664e-004
2.659398e+003,-9.064527e-005
2.661327e+003,-4.088548e-005
2.663255e+003,-3.578461e-006
2.665184e+003,-7.952162e-007
2.667112e+003,-9.940201e-007
2.669041e+003,-8.946182e-007
2.670969e+003,-2.683849e-006
2.672898e+003,-2.683774e-005
2.674826e+003,-7.985230e-006
2.676755e+003,8.280986e-005
2.678683e+003,6.491443e-005
2.680612e+003,-1.265702e-005
2.682540e+003,-4.486117e-005
2.684469e+003,-5.006265e-005
2.686397e+003,-3.793682e-005
2.688326e+003,-5.682116e-005
2.690254e+003,-1.003845e-004
2.692183e+003,-7.215994e-005
2.694111e+003,-7.802365e-005
2.696040e+003,-3.664470e-005
2.697968e+003,-2.594318e-005
2.699897e+003,-2.117213e-005
2.701825e+003,1.119945e-005
2.703754e+003,-4.820735e-005
2.705682e+003,-3.386167e-005
2.707611e+003,-1.093422e-006
2.709539e+003,2.289623e-005
2.711468e+003,7.389519e-005
2.713396e+003,1.074670e-004
2.715325e+003,1.312306e-004
2.717253e+003,1.655361e-004
2.719182e+003,1.782977e-004
2.721110e+003,1.985514e-004
2.723039e+003,2.188723e-004
2.724967e+003,1.406105e-004
2.726896e+003,1.546641e-004
2.728824e+003,1.860212e-004
2.730753e+003,2.232483e-004
2.732681e+003,2.664794e-004
2.734610e+003,2.240107e-004
2.736538e+003,2.030597e-004
2.738467e+003,2.455595e-004
2.740395e+003,2.592850e-004
2.742324e+003,2.919096e-004
2.744252e+003,3.405858e-004
2.746181e+003,3.488095e-004
2.748109e+003,3.333569e-004
2.750038e+003,3.211544e-004
2.751966e+003,3.837623e-004
2.753895e+003,4.033622e-004
2.755823e+003,3.436033e-004
2.757752e+003,3.053049e-004
2.759680e+003,3.372035e-004
2.761609e+003,3.945405e-004
2.763537e+003,3.620740e-004
2.765466e+003,3.920864e-004
2.767394e+003,3.887700e-004
2.769323e+003,3.654234e-004
2.771251e+003,3.777597e-004
2.773180e+003,3.870786e-004
2.775108e+003,3.815735e-004
2.777037e+003,3.816730e-004
2.778965e+003,4.300939e-004
2.780894e+003,4.870452e-004
2.782822e+003,4.606417e-004
2.784750e+003,4.676736e-004
2.786679e+003,4.602105e-004
2.788608e+003,4.628972e-004
2.790536e+003,4.725496e-004
2.792465e+003,4.707584e-004
2.794393e+003,4.780227e-004
2.796322e+003,4.684033e-004
2.798250e+003,4.184193e-004
2.800178e+003,4.854861e-004
2.802107e+003,5.507386e-004
2.804036e+003,5.661325e-004
2.805964e+003,5.523310e-004
2.807893e+003,4.872774e-004
2.809821e+003,4.760656e-004
2.811750e+003,5.166681e-004
2.813678e+003,5.142796e-004
2.815606e+003,4.987216e-004
2.817535e+003,5.085738e-004
2.819464e+003,5.335869e-004
2.821392e+003,5.684550e-004
2.823321e+003,5.730998e-004
2.825249e+003,5.243312e-004
2.827177e+003,5.479850e-004
2.829106e+003,6.100615e-004
2.831034e+003,6.037904e-004
2.832963e+003,5.758868e-004
2.834892e+003,5.889260e-004
2.836820e+003,4.930492e-004
2.838749e+003,4.345051e-004
2.840677e+003,4.265119e-004
2.842605e+003,4.655176e-004
2.844534e+003,5.100666e-004
2.846462e+003,5.337528e-004
2.848391e+003,5.647059e-004
2.850320e+003,5.063512e-004
2.852248e+003,4.495633e-004
2.854177e+003,4.475732e-004
2.856105e+003,4.453178e-004
2.858033e+003,4.079058e-004
2.859962e+003,4.145058e-004
2.861890e+003,5.085407e-004
2.863819e+003,5.575398e-004
2.865748e+003,5.419470e-004
2.867676e+003,5.512362e-004
2.869604e+003,5.213788e-004
2.871533e+003,4.793495e-004
2.873461e+003,4.740423e-004
2.875390e+003,4.706257e-004
2.877319e+003,4.719194e-004
2.879247e+003,5.191561e-004
2.881176e+003,5.249284e-004
2.883104e+003,4.817046e-004
2.885032e+003,5.076781e-004
2.886961e+003,5.186585e-004
2.888889e+003,5.208148e-004
2.890818e+003,5.376342e-004
2.892747e+003,5.257909e-004
2.894675e+003,5.225398e-004
2.896604e+003,5.602602e-004
2.898532e+003,5.379660e-004
2.900460e+003,4.946414e-004
2.902389e+003,4.795817e-004
2.904317e+003,5.301367e-004
2.906246e+003,5.100666e-004
2.908175e+003,5.017734e-004
2.910103e+003,5.578051e-004
2.912031e+003,5.458949e-004
2.913960e+003,4.695311e-004
2.915888e+003,4.586847e-004
2.917817e+003,4.948737e-004
2.919745e+003,5.163364e-004
2.921674e+003,4.681048e-004
2.923603e+003,4.644562e-004
2.925531e+003,4.427970e-004
2.927459e+003,4.622670e-004
2.929388e+003,4.256828e-004
2.931316e+003,4.278386e-004
2.933245e+003,5.535254e-004
2.935173e+003,5.524071e-004
2.937102e+003,4.917071e-004
2.939031e+003,4.566534e-004
2.940959e+003,5.025984e-004
2.942887e+003,5.793975e-004
2.944816e+003,5.913870e-004
2.946744e+003,6.436461e-004
2.948673e+003,6.715370e-004
2.950601e+003,6.146888e-004
2.952530e+003,4.866504e-004
2.954458e+003,4.728310e-004
2.956387e+003,5.475974e-004
2.958315e+003,6.187467e-004
2.960244e+003,6.044348e-004
2.962172e+003,5.844403e-004
2.964101e+003,5.798610e-004
2.966029e+003,6.357551e-004
2.967958e+003,6.499385e-004
2.969886e+003,6.270343e-004
2.971815e+003,6.526578e-004
2.973743e+003,6.711913e-004
2.975672e+003,6.664377e-004
2.977600e+003,6.705445e-004
2.979529e+003,7.128511e-004
2.981457e+003,7.462123e-004
2.983386e+003,7.893961e-004
2.985314e+003,7.979902e-004
2.987243e+003,7.445798e-004
2.989171e+003,7.201292e-004
2.991100e+003,6.409924e-004
2.993028e+003,7.032200e-004
2.994957e+003,7.430547e-004
2.996885e+003,7.162919e-004
2.998814e+003,7.148922e-004
3.000742e+003,7.308246e-004
3.002671e+003,7.246375e-004
3.004599e+003,7.883398e-004
3.006528e+003,7.858023e-004
3.008456e+003,7.497721e-004
3.010385e+003,7.823196e-004
3.012313e+003,8.020250e-004
3.014242e+003,7.332669e-004
3.016170e+003,7.824907e-004
3.018099e+003,8.294830e-004
3.020027e+003,8.304682e-004
3.021956e+003,7.513160e-004
3.023884e+003,7.131421e-004
3.025813e+003,7.553609e-004
3.027741e+003,7.919751e-004
3.029670e+003,7.867147e-004
3.031598e+003,7.454232e-004
3.033527e+003,6.845331e-004
3.035455e+003,6.869935e-004
3.037384e+003,7.201463e-004
3.039312e+003,6.969175e-004
3.041241e+003,6.677188e-004
3.043169e+003,6.658126e-004
3.045098e+003,6.688761e-004
3.047026e+003,6.772692e-004
3.048955e+003,6.375787e-004
3.050883e+003,6.148298e-004
3.052812e+003,6.607653e-004
3.054740e+003,7.249232e-004
3.056669e+003,7.213586e-004
3.058597e+003,7.399599e-004
3.060526e+003,6.994369e-004
3.062454e+003,6.900574e-004
3.064383e+003,6.294247e-004
3.066311e+003,6.165699e-004
3.068240e+003,6.581082e-004
3.070168e+003,6.699926e-004
3.072097e+003,6.946506e-004
3.074025e+003,7.382901e-004
3.075954e+003,7.664925e-004
3.077882e+003,6.435167e-004
3.079811e+003,5.381492e-004
3.081739e+003,5.568773e-004
3.083668e+003,6.147012e-004
3.085596e+003,6.148495e-004
3.087525e+003,5.771553e-004
3.089453e+003,6.289095e-004
3.091382e+003,6.111164e-004
3.093310e+003,6.465232e-004
3.095239e+003,6.606935e-004
3.097167e+003,6.146053e-004
3.099096e+003,6.249260e-004
3.101024e+003,6.251958e-004
3.102953e+003,5.859665e-004
3.104881e+003,5.731498e-004
3.106810e+003,4.658551e-004
3.108738e+003,5.506949e-004
3.110667e+003,5.829860e-004
3.112595e+003,6.068578e-004
3.114524e+003,5.862104e-004
3.116452e+003,5.075953e-004
3.118381e+003,5.442138e-004
3.120309e+003,6.480514e-004
3.122238e+003,5.958884e-004
3.124166e+003,5.835000e-004
3.126095e+003,6.123270e-004
3.128023e+003,5.511460e-004
3.129952e+003,5.046956e-004
3.131880e+003,5.739557e-004
3.133809e+003,5.856999e-004
3.135737e+003,5.204971e-004
3.137666e+003,5.069240e-004
3.139594e+003,5.639342e-004
3.141523e+003,5.667112e-004
3.143451e+003,5.554456e-004
3.145380e+003,5.187908e-004
3.147308e+003,6.030297e-004
3.149237e+003,6.079968e-004
3.151165e+003,5.162272e-004
3.153094e+003,5.409675e-004
3.155022e+003,6.102309e-004
3.156951e+003,5.611633e-004
3.158879e+003,5.653109e-004
3.160808e+003,5.270510e-004
3.162736e+003,5.748285e-004
3.164665e+003,5.286456e-004
3.166593e+003,4.988178e-004
3.168522e+003,4.931923e-004
3.170450e+003,5.344606e-004
3.172379e+003,4.443738e-004
3.174307e+003,4.901476e-004
3.176236e+003,5.774884e-004
3.178164e+003,6.543932e-004
3.180093e+003,6.123782e-004
3.182021e+003,5.531898e-004
3.183950e+003,4.709123e-004
3.185878e+003,4.652416e-004
3.187807e+003,4.493319e-004
3.189735e+003,4.398753e-004
3.191664e+003,4.031507e-004
3.193592e+003,4.311789e-004
3.195521e+003,4.293391e-004
3.197449e+003,4.849765e-004
3.199378e+003,4.607803e-004
3.201306e+003,4.666107e-004
3.203235e+003,4.431177e-004
3.205163e+003,4.554461e-004
3.207092e+003,4.576379e-004
3.209020e+003,5.456778e-004
3.210948e+003,4.998876e-004
3.212877e+003,4.304196e-004
3.214806e+003,3.205780e-004
3.216734e+003,2.722491e-004
3.218663e+003,3.320620e-004
3.220591e+003,3.962683e-004
3.222520e+003,3.325853e-004
3.224448e+003,3.445217e-004
3.226376e+003,2.944754e-004
3.228305e+003,2.911104e-004
3.230234e+003,3.890636e-004
3.232162e+003,3.728477e-004
3.234091e+003,2.706973e-004
3.236019e+003,3.108237e-004
3.237948e+003,2.860987e-004
3.239876e+003,3.322324e-004
3.241804e+003,3.965657e-004
3.243733e+003,3.489731e-004
3.245662e+003,2.692468e-004
3.247590e+003,2.724945e-004
3.249519e+003,3.006852e-004
3.251447e+003,3.637106e-004
3.253375e+003,3.716284e-004
3.255304e+003,4.262746e-004
3.257232e+003,3.735338e-004
3.259161e+003,2.860459e-004
3.261090e+003,2.617984e-004
3.263018e+003,3.146490e-004
3.264947e+003,3.231211e-004
3.266875e+003,3.071924e-004
3.268803e+003,2.687037e-004
3.270732e+003,2.510418e-004
3.272660e+003,1.748438e-004
3.274589e+003,2.248058e-004
3.276518e+003,2.400939e-004
3.278446e+003,2.160375e-004
3.280375e+003,2.363756e-004
3.282303e+003,3.200982e-004
3.284231e+003,3.388720e-004
3.286160e+003,3.303894e-004
3.288088e+003,2.869950e-004
3.290017e+003,3.009135e-004
3.291946e+003,2.674556e-004
3.293874e+003,2.778010e-004
3.295802e+003,2.399184e-004
3.297731e+003,1.931244e-004
3.299659e+003,2.464544e-004
3.301588e+003,3.377410e-004
3.303516e+003,3.139882e-004
3.305445e+003,2.826881e-004
3.307374e+003,2.173874e-004
3.309302e+003,2.514592e-004
3.311230e+003,3.015889e-004
3.313159e+003,3.021989e-004
3.315087e+003,2.234714e-004
3.317016e+003,1.968898e-004
3.318944e+003,2.335641e-004
3.320873e+003,2.404388e-004
3.322802e+003,1.738418e-004
3.324730e+003,2.227436e-004
3.326658e+003,2.469916e-004
3.328587e+003,2.163598e-004
3.330515e+003,2.057997e-004
3.332444e+003,1.741719e-004
3.334372e+003,1.999766e-004
3.336301e+003,1.795683e-004
3.338229e+003,2.510735e-004
3.340158e+003,3.266709e-004
3.342086e+003,2.171154e-004
3.344015e+003,2.236086e-004
3.345943e+003,3.074275e-004
3.347872e+003,2.606811e-004
3.349800e+003,1.556824e-004
3.351729e+003,1.432872e-004
3.353657e+003,2.120737e-004
3.355586e+003,3.545191e-004
3.357514e+003,3.288638e-004
3.359443e+003,2.809608e-004
3.361371e+003,2.278581e-004
3.363300e+003,1.938474e-004
3.365229e+003,1.107757e-004
3.367157e+003,1.880327e-004
3.369085e+003,3.029958e-004
3.371014e+003,2.972031e-004
3.372942e+003,1.661549e-004
3.374871e+003,1.624408e-004
3.376799e+003,2.846579e-004
3.378728e+003,3.355562e-004
3.380656e+003,2.395784e-004
3.382585e+003,1.905897e-004
3.384513e+003,1.860412e-004
3.386442e+003,1.696850e-004
3.388370e+003,2.070084e-004
3.390299e+003,2.631369e-004
3.392227e+003,2.703984e-004
3.394156e+003,2.996502e-004
3.396084e+003,2.608817e-004
3.398013e+003,3.387903e-004
3.399941e+003,3.094776e-004
3.401870e+003,2.880538e-004
3.403798e+003,2.320657e-004
3.405727e+003,2.645819e-004
3.407655e+003,2.667204e-004
3.409584e+003,2.797414e-004
3.411512e+003,2.572085e-004
3.413441e+003,2.001850e-004
3.415369e+003,2.179601e-004
3.417298e+003,2.066413e-004
3.419226e+003,1.362669e-004
3.421155e+003,8.589275e-005
3.423083e+003,2.088964e-004
3.425012e+003,3.172719e-004
3.426940e+003,3.047039e-004
3.428869e+003,2.963854e-004
3.430797e+003,2.128251e-004
3.432726e+003,1.538915e-004
3.434654e+003,8.227563e-005
3.436583e+003,1.764271e-004
3.438511e+003,3.125145e-004
3.440440e+003,2.813142e-004
3.442368e+003,1.768574e-004
3.444297e+003,1.913783e-004
3.446225e+003,1.913548e-004
3.448154e+003,2.350191e-004
3.450082e+003,2.782251e-004
3.452011e+003,3.226852e-004
3.453939e+003,2.571093e-004
3.455868e+003,2.285590e-004
3.457796e+003,1.890191e-004
3.459725e+003,2.265400e-004
3.461653e+003,3.015746e-004
3.463582e+003,3.960626e-004
3.465510e+003,4.071605e-004
3.467439e+003,4.149351e-004
3.469367e+003,3.729739e-004
3.471296e+003,3.551790e-004
3.473224e+003,3.216638e-004
3.475153e+003,3.348188e-004
3.477081e+003,3.331302e-004
3.479010e+003,4.054189e-004
3.480938e+003,4.129711e-004
3.482867e+003,3.942941e-004
3.484795e+003,3.485187e-004
3.486724e+003,4.204047e-004
3.488652e+003,4.167227e-004
3.490581e+003,4.695586e-004
3.492509e+003,4.978598e-004
3.494438e+003,4.769102e-004
3.496366e+003,4.171190e-004
3.498295e+003,4.404066e-004
3.500223e+003,4.632698e-004
3.502152e+003,5.559066e-004
3.504080e+003,5.187800e-004
3.506009e+003,4.543179e-004
3.507937e+003,5.083540e-004
3.509866e+003,5.133131e-004
3.511794e+003,4.709080e-004
3.513723e+003,5.426122e-004
3.515651e+003,5.777307e-004
3.517580e+003,5.328722e-004
3.519508e+003,4.295741e-004
3.521437e+003,4.380976e-004
3.523365e+003,4.163966e-004
3.525294e+003,5.164362e-004
3.527222e+003,5.466568e-004
3.529151e+003,6.473583e-004
3.531079e+003,5.437584e-004
3.533008e+003,5.052538e-004
3.534936e+003,5.598506e-004
3.536865e+003,5.969629e-004
3.538793e+003,5.930516e-004
3.540722e+003,5.744831e-004
3.542650e+003,4.871437e-004
3.544579e+003,4.809196e-004
3.546507e+003,5.673242e-004
3.548436e+003,5.936567e-004
3.550364e+003,5.648876e-004
3.552293e+003,5.572322e-004
3.554221e+003,6.165880e-004
3.556150e+003,6.676422e-004
3.558078e+003,6.403607e-004
3.560007e+003,5.755532e-004
3.561935e+003,4.608076e-004
3.563864e+003,4.855095e-004
3.565792e+003,5.844295e-004
3.567721e+003,6.566371e-004
3.569649e+003,5.799607e-004
3.571578e+003,5.753748e-004
3.573506e+003,5.429820e-004
3.575435e+003,6.325521e-004
3.577363e+003,6.534266e-004
3.579292e+003,6.327911e-004
3.581220e+003,5.868122e-004
3.583149e+003,6.242488e-004
3.585077e+003,5.896991e-004
3.587006e+003,5.686518e-004
3.588934e+003,5.809318e-004
3.590863e+003,6.373676e-004
3.592791e+003,6.933725e-004
3.594720e+003,6.575563e-004
3.596648e+003,6.081953e-004
3.598577e+003,6.840033e-004
3.600505e+003,6.574675e-004
3.602434e+003,6.532093e-004
3.604362e+003,6.198453e-004
3.606291e+003,5.960495e-004
3.608219e+003,5.090903e-004
3.610148e+003,5.784485e-004
3.612076e+003,6.511752e-004
3.614005e+003,6.234387e-004
3.615933e+003,6.691727e-004
3.617862e+003,6.309465e-004
3.619790e+003,6.196002e-004
3.621719e+003,6.397887e-004
3.623647e+003,5.825175e-004
3.625576e+003,5.510784e-004
3.627504e+003,5.664585e-004
3.629433e+003,6.311928e-004
3.631361e+003,4.872322e-004
3.633290e+003,5.091690e-004
3.635218e+003,5.033311e-004
3.637146e+003,6.010548e-004
3.639075e+003,6.257078e-004
3.641004e+003,5.703797e-004
3.642932e+003,4.082120e-004
3.644861e+003,4.941776e-004
3.646789e+003,5.140518e-004
3.648718e+003,5.196905e-004
3.650646e+003,4.765086e-004
3.652574e+003,5.185287e-004
3.654503e+003,5.305226e-004
3.656432e+003,5.174948e-004
3.658360e+003,5.215302e-004
3.660289e+003,6.038263e-004
3.662217e+003,5.193444e-004
3.664146e+003,3.465227e-004
3.666074e+003,3.437892e-004
3.668002e+003,4.089489e-004
3.669931e+003,3.260652e-004
3.671860e+003,4.509013e-004
3.673788e+003,5.949485e-004
3.675717e+003,5.053302e-004
3.677645e+003,2.664108e-004
3.679573e+003,3.680245e-004
3.681502e+003,4.498390e-004
3.683430e+003,4.021176e-004
3.685359e+003,3.721626e-004
3.687288e+003,4.309668e-004
3.689216e+003,2.918689e-004
3.691145e+003,1.966778e-004
3.693073e+003,2.984661e-004
3.695001e+003,4.110160e-004
3.696930e+003,3.375269e-004
3.698858e+003,2.696506e-004
3.700787e+003,2.429134e-004
3.702716e+003,2.021108e-004
3.704644e+003,1.066372e-004
3.706573e+003,1.383819e-004
3.708501e+003,4.461070e-005
3.710429e+003,8.584748e-005
3.712358e+003,2.679602e-004
3.714286e+003,3.875138e-004
3.716215e+003,2.481370e-004
3.718144e+003,1.283866e-005
3.720072e+003,1.399035e-005
3.722000e+003,2.029741e-004
3.723929e+003,7.942355e-005
3.725857e+003,5.893136e-005
3.727786e+003,1.796469e-004
3.729714e+003,1.697103e-004
3.731643e+003,5.793636e-005
3.733572e+003,4.906549e-005
3.735500e+003,1.537108e-004
3.737428e+003,7.620437e-005
3.739357e+003,-5.871488e-005
3.741285e+003,5.247382e-006
3.743214e+003,3.036769e-005
3.745142e+003,4.498297e-006
3.747071e+003,1.031097e-004
3.749000e+003,2.248879e-004
3.750928e+003,1.835827e-004
3.752856e+003,2.082944e-004
3.754785e+003,1.743319e-004
3.756713e+003,1.230386e-004
3.758642e+003,-2.889692e-005
3.760570e+003,5.107215e-005
3.762499e+003,1.930246e-004
3.764427e+003,5.526785e-005
3.766356e+003,-3.867639e-005
3.768284e+003,1.295666e-004
3.770213e+003,1.538933e-004
3.772141e+003,4.452530e-005
3.774070e+003,1.389410e-005
3.775998e+003,4.074648e-005
3.777927e+003,1.490226e-004
3.779855e+003,1.092186e-004
3.781784e+003,5.611641e-005
3.783712e+003,1.690496e-004
3.785641e+003,1.884502e-004
3.787569e+003,1.720964e-004
3.789498e+003,5.565704e-005
3.791426e+003,1.912008e-004
3.793355e+003,2.483517e-004
3.795283e+003,8.429151e-005
3.797212e+003,1.317332e-004
3.799140e+003,2.831633e-004
3.801069e+003,2.068051e-004
3.802997e+003,1.133469e-004
3.804926e+003,1.953411e-005
3.806854e+003,5.900719e-005
3.808783e+003,8.217223e-005
3.810711e+003,1.626879e-004
3.812640e+003,1.903543e-004
3.814568e+003,2.797938e-004
3.816497e+003,3.570533e-004
3.818425e+003,2.496235e-004
3.820354e+003,3.869081e-005
3.822282e+003,1.980858e-004
3.824211e+003,2.121828e-004
3.826139e+003,2.247101e-004
3.828068e+003,2.610679e-004
3.829996e+003,2.610256e-004
3.831925e+003,3.847988e-004
3.833853e+003,3.395245e-004
3.835782e+003,2.464677e-004
3.837710e+003,2.602229e-004
3.839639e+003,1.897416e-004
3.841567e+003,2.549502e-004
3.843496e+003,2.480738e-004
3.845424e+003,3.091755e-004
3.847353e+003,3.885461e-004
3.849281e+003,2.985637e-004
3.851210e+003,1.821230e-004
3.853138e+003,2.271773e-004
3.855067e+003,4.016856e-004
3.856995e+003,3.201997e-004
3.858924e+003,1.646971e-004
3.860852e+003,2.443568e-004
3.862781e+003,3.977707e-004
3.864709e+003,4.107098e-004
3.866638e+003,2.750880e-004
3.868566e+003,2.448263e-004
3.870495e+003,3.981373e-004
3.872423e+003,3.721517e-004
3.874352e+003,2.395362e-004
3.876280e+003,3.410042e-004
3.878209e+003,4.998524e-004
3.880137e+003,4.779852e-004
3.882066e+003,4.544239e-004
3.883994e+003,4.069654e-004
3.885923e+003,3.563208e-004
3.887851e+003,3.144027e-004
3.889780e+003,3.065675e-004
3.891708e+003,3.378450e-004
3.893637e+003,3.703533e-004
3.895565e+003,5.118301e-004
3.897494e+003,4.968148e-004
3.899422e+003,4.491054e-004
3.901351e+003,4.234454e-004
3.903279e+003,3.389117e-004
3.905208e+003,2.322416e-004
3.907136e+003,1.702619e-004
3.909065e+003,3.100130e-004
3.910993e+003,4.781581e-004
3.912922e+003,4.695331e-004
3.914850e+003,4.926218e-004
3.916779e+003,4.364001e-004
3.918707e+003,4.286726e-004
3.920636e+003,4.064424e-004
3.922564e+003,4.445820e-004
3.924493e+003,4.946086e-004
3.926421e+003,5.726371e-004
3.928350e+003,6.003574e-004
3.930278e+003,6.625357e-004
3.932207e+003,5.861699e-004
3.934135e+003,5.870835e-004
3.936064e+003,5.849089e-004
3.937992e+003,5.124486e-004
3.939921e+003,5.065628e-004
3.941849e+003,5.013061e-004
3.943778e+003,4.698366e-004
3.945706e+003,5.163742e-004
3.947635e+003,5.200943e-004
3.949563e+003,4.623692e-004
3.951492e+003,4.170789e-004
3.953420e+003,4.557621e-004
3.955349e+003,5.191180e-004
3.957277e+003,5.591999e-004
3.959206e+003,5.931888e-004
3.961134e+003,5.623410e-004
3.963063e+003,5.097311e-004
3.964991e+003,5.680904e-004
3.966920e+003,6.200515e-004
3.968848e+003,5.308454e-004
3.970777e+003,4.954523e-004
3.972705e+003,4.809193e-004
3.974634e+003,5.932599e-004
3.976562e+003,6.785219e-004
3.978491e+003,6.124228e-004
3.980419e+003,5.322642e-004
3.982348e+003,5.310659e-004
3.984276e+003,5.986689e-004
3.986205e+003,5.417241e-004
3.988133e+003,6.151871e-004
3.990062e+003,6.743168e-004
3.991990e+003,6.173978e-004
3.993919e+003,5.944190e-004
3.995847e+003,6.994382e-004
3.997776e+003,6.856992e-004
3.999704e+003,6.864168e-004
4.001633e+003,0.000000e+000
